ticker,fiscal_year,filing_date,report_date,section_used,section_chars,accession,fb_n_sentences,fb_p_positive,fb_p_negative,fb_p_neutral,fb_net_sentiment,fb_pct_negative,fb_pct_positive,fb_pct_neutral,lm_n_tokens,lm_n_negative,lm_n_positive,lm_neg_frac,lm_pos_frac,lm_net_tone,lm_polarity,n_sentences_total,d_fb_net_sentiment,d_fb_pct_negative,d_fb_p_negative,d_lm_neg_frac,d_lm_net_tone,price_date,ret_1m,aret_1m,ret_3m,aret_3m,ret_6m,aret_6m,fwd_vol,pre_vol,vol_change,pre_ret_6m,ln_dollar_vol,sector,ln_section_chars,firm_id,z_fb_net_sentiment,z_fb_pct_negative,z_lm_neg_frac,z_d_fb_net_sentiment,z_d_lm_neg_frac,z_pre_vol,z_pre_ret_6m,z_ln_dollar_vol,z_ln_section_chars
AAPL,2014,2014-10-27,2014-09-27,item_1a,53217,0001193125-14-383437,120,0.1120823113092531,0.3215433790891742,0.5663743111848211,-0.209461067779921,0.3083333333333333,0.0833333333333333,0.6083333333333333,1226,116,32,0.0946166394779771,0.0261011419249592,-0.5675675675675675,-0.5675675637326516,429,,,,,,2014-10-27,0.1236792630836791,0.067857412727259,0.1017977527534164,0.0758769682495648,0.2340182971166666,0.1498152813675028,0.2664780581291849,0.2088477772456341,0.0576302808835507,0.2529044079526716,,Technology,10.88213317315705,0,0.8848410117224275,-1.4436786319538568,0.08764220751569798,,,-0.43518074627970754,0.9456996247957865,,-0.01815488799593901
AAPL,2015,2015-10-28,2015-09-26,item_1a,53653,0001193125-15-356351,120,0.1182127474457956,0.3447983011719771,0.5369889464927837,-0.2265855537261814,0.3666666666666666,0.0916666666666666,0.5416666666666666,1249,120,33,0.0960768614891913,0.0264211369095276,-0.5686274509803921,-0.5686274472638729,436,-0.0171244859462603,0.0583333333333332,0.0232549220828028,0.0014602220112141,-0.0010598834128245,2015-10-28,-0.0080129809892052,-0.01093246958856,-0.180374996196641,-0.1130046489818304,-0.2064048993834775,-0.2048661663831473,0.3060794087341481,0.3377367495201175,-0.0316573407859694,-0.101763285327496,,Technology,10.890292664482445,0,0.7260368031083284,-0.8237499926496498,0.17718754030716433,-0.13633622496462627,0.060719778546573504,0.8529399341024755,-1.0455688379106154,,-0.004563043126006755
AAPL,2016,2016-10-26,2016-09-24,item_1a,52387,0001628280-16-020309,120,0.1394462880329229,0.4040442826226353,0.4565094353553529,-0.2645979945897124,0.4166666666666667,0.1166666666666666,0.4666666666666667,2035,182,57,0.0894348894348894,0.028009828009828,-0.5230125523012552,-0.5230125501129183,261,-0.038012440863531,0.05,0.0592459814506582,-0.0066419720543019,0.0456148986791369,2016-10-26,-0.0279091954496562,-0.064308555066153,0.0604389566307135,-0.0171295339926407,0.2545512781705978,0.1292351244642156,0.147978304940659,0.1772781507118612,-0.0292998457712021,0.2228016897244773,,Technology,10.866413747926268,0,0.37352779304128325,-0.2923825875317567,-0.23011874149551423,-0.44472207355453175,-0.7065127533913366,-0.750688644996545,0.7766890422553883,,-0.04433985231060099
AAPL,2017,2017-11-03,2017-09-30,item_1a,53169,0000320193-17-000070,120,0.1403563989287552,0.4082879379663306,0.4513556665663297,-0.2679315390375753,0.4333333333333333,0.125,0.4416666666666666,1934,177,56,0.0915201654601861,0.0289555325749741,-0.51931330472103,-0.5193133024922176,260,-0.0033335444478628,0.0166666666666666,0.0042436553436952,0.0020852760252967,0.0036992475802252,2017-11-03,-0.0130443760411781,-0.0313841499920622,-0.0515010207117595,-0.0981468863354894,0.0868412232804942,0.0446329285041202,0.2008554449838397,0.1853096334461604,0.0155458115376792,0.137666099482147,,Technology,10.88123079872325,0,0.34261411250313,-0.11526011915912669,-0.10224316215673081,0.0672706486465679,0.11990890311514256,-0.6704217391347208,0.29869846370689396,,-0.019658037252391094
AAPL,2018,2018-11-05,2018-09-29,item_1a,55359,0000320193-18-000145,120,0.1216660175627718,0.4451515709049999,0.4331824140157551,-0.3234855533422281,0.5,0.1083333333333333,0.3916666666666666,1965,183,64,0.0931297709923664,0.0325699745547073,-0.4817813765182186,-0.4817813745676867,273,-0.0555540143046527,0.0666666666666666,0.0368636329386693,0.0016096055321802,0.0375319282028113,2018-11-05,-0.1302660957242281,-0.117281052587179,-0.149082508914901,-0.142965104399841,0.0034438056435379,-0.055863659559217,0.4412173397387334,0.2796773391679273,0.1615400005708061,0.1288098918490821,,Technology,10.921594526544588,0,-0.172566974080862,0.5932297543313965,-0.003537169550700932,-0.7037025736881131,0.07486556376152213,0.2726922539038682,0.24897561808821747,,0.04757869418603694
AAPL,2019,2019-10-31,2019-09-28,item_1a,54904,0000320193-19-000119,120,0.1194813306831444,0.435432598235396,0.4450860675812388,-0.3159512675522516,0.4666666666666667,0.0916666666666666,0.4416666666666666,1992,186,58,0.0933734939759036,0.0291164658634538,-0.5245901639344263,-0.5245901617844666,267,0.0075342857899765,-0.0333333333333333,-0.0097189726696039,0.0002437229835371,-0.0428087874162076,2019-10-31,0.0650954055310355,0.0376995340006067,0.2445195640912756,0.1707271579676721,0.1848287205574728,0.2398520586358413,0.2063117775749655,0.2717996122070333,-0.0654878346320678,0.1720038601818643,,Technology,10.91334148458847,0,-0.10269764801148858,0.23898481758613516,0.01140867806847056,0.22772125587456477,-0.054475885931155765,0.19396198836088832,0.4914865333755159,,0.03383101537872275
AAPL,2020,2020-10-30,2020-09-26,item_1a,60876,0000320193-20-000096,120,0.1234232808812521,0.4470185802434571,0.4295581439820429,-0.323595299362205,0.5,0.1083333333333333,0.3916666666666666,1953,186,61,0.0952380952380952,0.0312339989759344,-0.5060728744939271,-0.5060728724450491,287,-0.0076440318099533,0.0333333333333333,0.011585982008061,0.0018646012621916,0.0185172894404991,2020-10-30,0.12926437472687,0.0083603351784249,0.2421727548193202,0.0687286284806849,0.1782285847389024,-0.1041830997937562,0.310672232281838,0.4365930528888784,-0.1259208206070404,0.6029427760117754,,Technology,11.01659428735469,0,-0.17358470564405562,0.5932297543313965,0.12575179799411884,0.0036314217208506124,0.0990122353899735,1.8409131214769046,2.9109769146635793,,0.20582655059257526
AAPL,2021,2021-10-29,2021-09-25,item_1a,66619,0000320193-21-000105,120,0.098385981132742,0.4130091744979533,0.4886048384166012,-0.3146231933652113,0.4583333333333333,0.0666666666666666,0.475,2084,203,71,0.0974088291746641,0.0340690978886756,-0.4817518248175182,-0.4817518230592999,312,0.0089721059969937,-0.0416666666666666,-0.0340094057455037,0.0021707339365688,0.0243210496764088,2021-10-29,0.1050817795073764,0.1131166953495831,0.1684584957616859,0.1853542640379255,0.0573570853293987,0.1488578051713394,0.2916742351238159,0.1926874140680457,0.0989868210557701,0.1642940225125913,,Technology,11.106745101127657,0,-0.09038172968753966,0.15042358339981954,0.2588679209254279,0.24894896372901326,0.12800129007961636,-0.596687953949944,0.4481999389258723,,0.35599717114175794
AAPL,2022,2022-10-28,2022-09-24,item_1a,70778,0000320193-22-000108,120,0.1066706285035858,0.4146333479438908,0.4786960214997331,-0.307962719440305,0.4333333333333333,0.0833333333333333,0.4833333333333333,2142,186,76,0.0868347338935574,0.0354808590102707,-0.4198473282442748,-0.4198473266418041,327,0.0066604739249062,-0.0249999999999999,0.0016241734459375,-0.0105740952811066,0.0619044965732434,2022-10-28,-0.0920498740084144,-0.1080130822437043,-0.071983219235349,-0.1216634753930659,0.0856384176343851,0.0206501829220473,0.355879825377282,0.3247099986787101,0.0311698266985719,-0.1125999483067505,,Technology,11.167303496930577,0,-0.028615712654452514,-0.11526011915912669,-0.38956832619568366,0.21482046139349156,-1.0788628643363898,0.7227501524563935,-1.1064108757968278,,0.4568735969507336
AAPL,2023,2023-11-03,2023-09-30,item_1a,67872,0000320193-23-000106,120,0.0797839846966477,0.4599412248469889,0.460274787627471,-0.3801572401503411,0.5083333333333333,0.05,0.4416666666666666,2088,205,72,0.0981800766283524,0.0344827586206896,-0.4801444043321299,-0.4801444025987567,309,-0.0721945207100361,0.0749999999999999,0.045307876903098,0.011345342734795,-0.0602970760878551,2023-11-03,0.0963759594706699,0.0459722082195788,0.0730223759468624,-0.0679810341955833,0.0352297634376661,-0.1629804727408943,0.1817755402870208,0.2073156486983342,-0.0255401084113133,0.0739837105596059,,Technology,11.125378857364408,0,-0.6981128154352291,0.6817909885177115,0.306163201625699,-0.9493798891129419,0.9967855083893293,-0.4504928899949822,-0.05884392059786381,,0.3870367438324948
ABBV,2014,2015-02-20,2014-12-31,item_1a,52765,0001047469-15-000995,120,0.1088257784334321,0.3058199839744096,0.5853542371032139,-0.1969942055409774,0.3,0.1,0.6,1071,74,49,0.069094304388422,0.0457516339869281,-0.2032520325203252,-0.2032520308678696,457,,,,,,2015-02-20,-0.0133767834078121,-0.0119441866815166,0.0798454008739497,0.0646351448735846,0.1181834107813595,0.1435712949587747,0.2305677986844768,0.3107770743360466,-0.0802092756515697,0.0831318893373262,19.913887801104455,Health Care,10.87360337110519,1,1.0004526685026283,-1.5322398661401717,-1.4774663661519367,,,0.5835040426669199,-0.00748181393740621,-0.786092509550515,-0.03236358577336779
ABBV,2015,2016-02-19,2015-12-31,item_1a,48158,0001047469-16-010239,120,0.0982426475966349,0.3140856184763834,0.5876717377609263,-0.2158429708797484,0.3166666666666666,0.0666666666666666,0.6166666666666667,1107,85,38,0.076784101174345,0.034327009936766,-0.3821138211382114,-0.382113818031595,419,-0.018848765338771,0.0166666666666666,0.0082656345019737,0.007689796785923,-0.1788617886178862,2016-02-19,0.0316814287793281,-0.0398061203422082,0.1024055826579943,0.0333786941224412,0.2525946476656977,0.1008612643832389,0.2306113036779326,0.3759124566322023,-0.1453011529542697,-0.1921046199100581,20.12516165841145,Health Care,10.782242550881179,1,0.825658325923834,-1.3551173977675417,-1.0059042290207094,-0.16179316250454023,0.6506257211404151,1.2344692220741893,-1.5527868728246583,-0.5082946662798065,-0.18454980010387198
ABBV,2016,2017-02-17,2016-12-31,item_1a,47192,0001551152-17-000004,120,0.0782539522275328,0.4306678785632054,0.4910781639317671,-0.3524139263356725,0.45,0.05,0.5,1963,165,78,0.0840550178298522,0.0397350993377483,-0.3580246913580246,-0.358024689884672,247,-0.136570955455924,0.1333333333333333,0.1165822600868219,0.0072709166555071,0.0240891297801867,2017-02-17,0.0579568049090284,0.0594167300028873,0.0722424435257595,0.0541356792111835,0.1541382662273829,0.1121772906205689,0.1167924325207178,0.1978364109857266,-0.0810439784650087,-0.0622041781748531,19.83321265934173,Health Care,10.761979665682912,1,-0.4408347278770349,0.06186234921350453,-0.5600291178278379,-1.89982149706033,0.610960111993221,-0.545228707314288,-0.8234657143998564,-0.8921699044204279,-0.21830312874274357
ABBV,2017,2018-02-16,2017-12-31,item_1a,46776,0001551152-18-000014,120,0.0730513814060638,0.4461880306402842,0.4807605850044638,-0.3731366492342204,0.4916666666666666,0.0333333333333333,0.475,1937,148,77,0.0764068146618482,0.0397521941146102,-0.3155555555555555,-0.3155555541530864,246,-0.0207227228985478,0.0416666666666666,0.0155201520770788,-0.007648203168004,0.0424691358024691,2018-02-16,-0.0501688571925619,-0.0462333764461492,-0.0971521169049572,-0.0946134234840554,-0.1496368350759055,-0.2022779869328687,0.3910749904503714,0.3772331930285019,0.0138417974218694,0.6548075768854065,19.830281550896043,Health Care,10.753125529855506,1,-0.6330072474236331,0.5046685201450802,-1.029040605585233,-0.1894599204318763,-0.801797220640295,1.2476687055938802,3.2021698940664884,-0.8960239335700027,-0.23305209235140015
ABBV,2018,2019-02-27,2018-12-31,item_1a,44710,0001551152-19-000008,120,0.0749576929956674,0.4110328072449192,0.5140095009313276,-0.3360751142492518,0.4416666666666666,0.0333333333333333,0.525,1791,128,67,0.0714684533780011,0.0374092685650474,-0.3128205128205128,-0.312820511216305,234,0.0370615349849686,-0.0499999999999999,-0.0351552233953649,-0.0049383612838471,0.0027350427350427,2019-02-27,0.0069262910095388,-0.0029104652062383,-0.0039668231016088,-0.0050259781027764,-0.1492837996827066,-0.1862998526896967,0.1658834936405932,0.3275929095674386,-0.1617094159268454,-0.1521430059242668,20.166277937238192,Health Care,10.707952469228026,1,-0.2893164790244245,-0.026698884972811674,-1.3318762026454916,0.6636560247683039,-0.545190327109822,0.7515620598673842,-1.3284238897945293,-0.4542320684412626,-0.3083000714059023
ABBV,2019,2020-02-21,2019-12-31,item_1a,50157,0001551152-20-000007,120,0.0693596370906258,0.4319459735415876,0.4986943874663362,-0.3625863364509617,0.5,0.0416666666666666,0.4583333333333333,1732,139,56,0.0802540415704388,0.0323325635103926,-0.4256410256410256,-0.4256410234582511,279,-0.0265112222017099,0.0583333333333333,0.0209131662966683,0.0087855881924376,-0.1128205128205128,2020-02-21,-0.3207665134483446,0.006746203906763,-0.0058203327411975,0.104728719469608,0.0298976066449589,0.0050488048507708,0.5531503587511255,0.2255931811395748,0.3275571776115507,0.4590524930449191,20.103865026902724,Health Care,10.822913364905755,1,-0.5351687442747263,0.5932297543313965,-0.7931167452350029,-0.2749202384351367,0.7543910479762955,-0.26782662221080417,2.103110317309128,-0.5362969869524415,-0.11680153334177582
ABBV,2020,2021-02-19,2020-12-31,item_1a,53716,0001551152-21-000008,120,0.0793947994709014,0.4419018267188221,0.4787033740120629,-0.3625070272479206,0.475,0.0583333333333333,0.4666666666666667,1778,121,70,0.0680539932508436,0.0393700787401574,-0.2670157068062827,-0.2670157054082947,279,7.930920304111133e-05,-0.025,0.0099558531772345,-0.0122000483195951,0.1586253188347429,2021-02-19,0.0084753961853751,-0.0013850337666501,0.1287868575256712,0.0605610009631762,0.1493625094505342,0.0142078132960579,0.2009912627839768,0.2224397200498846,-0.0214484572659078,0.1370796877253537,20.438194858891105,Health Care,10.891466187701067,1,-0.5344332690456138,0.32754605177245016,-1.5412614646408758,0.11765737982324934,-1.2328315370742011,-0.2993424173384115,0.2954060768907642,-0.0966964256180822,-0.0026082220590208584
ABBV,2021,2022-02-18,2021-12-31,item_1a,53952,0001551152-22-000007,120,0.0724147650180384,0.4325856905081309,0.4949995428634187,-0.3601709254900925,0.4583333333333333,0.05,0.4916666666666666,1981,152,65,0.0767289247854619,0.0328117112569409,-0.4009216589861751,-0.4009216571386099,282,0.0023361017578281,-0.0166666666666666,-0.0093161362106911,0.0086749315346182,-0.1339059521798923,2022-02-18,0.1109494302273554,0.072359759357633,0.0573734386561699,0.1572964753256417,-0.0081462770144908,0.0328567141283021,0.2508722266525566,0.1616991512088018,0.0891730754437547,0.2571023264949459,20.405466718212484,Health Care,10.895850041361527,1,-0.5127693900796637,0.15042358339981954,-1.0092878159457286,0.1509762418112138,0.7439124804342138,-0.906385684746527,0.9692686810155137,-0.13972970484472272,0.0046942746909923545
ABBV,2022,2023-02-17,2022-12-31,item_1a,59746,0001551152-23-000011,120,0.0847002726669112,0.4067447249156733,0.5085550012377401,-0.322044452248762,0.45,0.05,0.5,1978,155,70,0.0783619817997977,0.0353892821031344,-0.3777777777777777,-0.3777777760987654,311,0.0381264732413304,-0.0083333333333333,-0.0258409655924576,0.0016330570143358,0.0231438812083973,2023-02-17,0.0360849886757548,0.0528496332008412,-0.0321527752731992,-0.0639695742584326,0.0126323197285651,-0.0742774914790445,0.2264885840345329,0.1798333025322316,0.0466552815023013,0.0781066588058105,20.539530723714613,Health Care,10.997857521946106,1,-0.1592028988380208,0.06186234921350453,-0.9091437058767784,0.6793785734421547,0.07708628815869711,-0.7251523726277499,-0.03569578229378509,0.03654715242213562,0.17461538819999115
ABBV,2023,2024-02-20,2023-12-31,item_1a,58641,0001551152-24-000011,120,0.0723228831891901,0.5189679671156531,0.4087091466101507,-0.4466450839264629,0.575,0.0416666666666666,0.3833333333333333,1843,174,73,0.0944112859468258,0.0396093326098752,-0.4089068825910931,-0.4089068809355997,304,-0.1246006316777008,0.1249999999999999,0.1122232421999797,0.016049304147028,-0.0311291048133153,2024-02-20,0.0029587519995588,-0.0480458481048764,-0.0549256529625385,-0.125275348108395,0.1368451840500719,0.0050230517171552,0.2027878563407798,0.1356017850215879,0.0671860713191918,0.2063679710907164,20.394517173000384,Health Care,10.979189389621132,1,-1.3146889536305264,1.3902808620082339,0.07504929346178883,-1.7230938819891641,1.4422243852247123,-1.167203631356162,0.6844225453051047,-0.15412694302406113,0.14351855281483736
ADBE,2014,2015-01-20,2014-11-28,item_1a,63050,0000796343-15-000022,120,0.0917399752225416,0.5528399728820659,0.3554200595865647,-0.4610999976595243,0.6,0.0583333333333333,0.3416666666666667,1719,176,56,0.1023851076207097,0.0325770796974985,-0.5172413793103449,-0.5172413770808562,335,,,,,,2015-01-20,0.0872850144023635,0.0480892940690558,0.0437824167903462,0.0018364355602853,0.1356833804376516,0.0779295472095302,0.2120030113408402,0.2726827415416707,-0.0606797302008305,-0.0113025452836883,19.10616039480253,Technology,11.051683341393066,2,-1.4487368393987514,1.65596456456718,0.5640287157169193,,,0.20278801233581778,-0.5376804055125101,-1.848149757339916,0.2642768828624172
ADBE,2015,2016-01-19,2015-11-27,item_1a,66387,0000796343-16-000224,120,0.0938133518056323,0.4963626273791305,0.4098240192048251,-0.4025492755734982,0.525,0.0583333333333333,0.4166666666666667,1662,170,53,0.1022864019253911,0.0318892900120336,-0.5246636771300448,-0.5246636747772929,362,0.058550722086026,-0.0749999999999999,-0.0564773455029353,-9.870569531861272e-05,-0.0074222978196999,2016-01-19,-0.0969948586709845,-0.1184244674545225,0.0823054083064929,-0.0395844602332031,0.0965463173456839,-0.0649721057966725,0.3412708626945855,0.2291502672633774,0.1121205954312081,0.0861144924022467,19.081441814046386,Technology,11.103256533163975,2,-0.90576573277199,0.8589134568903427,0.5579757770077106,0.9809183525506898,-0.08690196955272723,-0.23227698505322925,0.009263899113080292,-1.8806514994404149,0.3501860154349056
ADBE,2016,2017-01-20,2016-12-02,item_1a,64445,0000796343-17-000031,120,0.1094544912222772,0.4972425313123191,0.3933029813381533,-0.3877880400900418,0.5416666666666666,0.0833333333333333,0.375,1595,141,54,0.0884012539184952,0.0338557993730407,-0.4461538461538462,-0.4461538438658777,357,0.0147612354834563,0.0166666666666666,0.0008799039331885,-0.0138851480068958,0.0785098309761986,2017-01-20,0.0805708449346049,0.0375701243499289,0.1879686149406434,0.1488464388358759,0.3505555551344184,0.2516615795458374,0.1229116365926676,0.1827770338529207,-0.059865397260253,0.1157520245226102,19.2371050397816,Technology,11.07356742583888,2,-0.7688771670963264,1.0360359252629727,-0.2935044702338697,0.3344185856403232,-1.3924010671547127,-0.6957326237946754,0.17566271169708492,-1.6759744563977963,0.3007307583610326
ADBE,2017,2018-01-22,2017-12-01,item_1a,61882,0000796343-18-000015,120,0.1034409480441051,0.5057979643306074,0.3907610888592899,-0.4023570162865023,0.5416666666666666,0.0833333333333333,0.375,1721,176,60,0.1022661243463102,0.0348634514816966,-0.4915254237288136,-0.4915254216460787,342,-0.0145689761964604,0.0,0.0085554330182882,0.0138648704278149,-0.0453715775749674,2018-01-22,0.0214820060587823,0.066195489722283,0.1387990660238811,0.1920461068882779,0.311514385481259,0.3118843350729374,0.3303750013488385,0.3448040607277337,-0.0144290593788951,0.3053887724460096,19.523661873458444,Technology,11.032984624785259,2,-0.903982813038463,1.0360359252629727,0.5567322931038526,-0.09860715833780141,1.2353707108137826,0.9235708776236957,1.2403711209058486,-1.2991892195275332,0.2331291010626966
ADBE,2018,2019-01-25,2018-11-30,item_1a,64878,0000796343-19-000019,120,0.101481343464305,0.4756940682845501,0.4228245879989117,-0.374212724820245,0.5083333333333333,0.0666666666666666,0.425,1585,165,55,0.1041009463722397,0.0347003154574132,-0.5,-0.4999999977272727,357,0.0281442914662572,-0.0333333333333333,-0.0301038960460573,0.0018348220259294,-0.0084745762711864,2019-01-25,0.0664217369878095,0.0154767674586793,0.1510920390607564,0.0422711875244479,0.2707491034565839,0.1238771271912548,0.1846187675996569,0.4865545940140983,-0.3019358264144414,-0.0579828080392237,20.37786802028161,Technology,11.080263862173592,2,-0.6429862524801266,0.6817909885177115,0.6692492581017654,0.5320035140035033,0.09619230801574936,2.340230426995536,-0.7997649900887496,-0.17601842915733798,0.31188548850450437
ADBE,2019,2020-01-21,2019-11-29,item_1a,68252,0000796343-20-000013,120,0.1052236049824083,0.495951434589612,0.3988249498574684,-0.3907278296072036,0.525,0.0833333333333333,0.3916666666666666,1693,196,72,0.1157708210277613,0.0425280567040756,-0.4626865671641791,-0.4626865654377367,369,-0.0165151047869585,0.0166666666666667,0.0202573663050619,0.0116698746555216,0.0373134328358208,2020-01-21,0.0827428327287953,0.0656890031559291,-0.0600285993303565,0.1109779905403821,0.2693714250837071,0.2782462761522244,0.7590857280021569,0.1819666741621949,0.577119053839962,0.1397008368342307,20.3143652765665,Technology,11.130962016647155,2,-0.7961393546580412,0.8589134568903427,1.3848820876565426,-0.12733943582608762,1.027516868959114,-0.7038313855254235,0.31012242026076703,-0.25951633784651523,0.39633700923249954
ADBE,2020,2021-01-15,2020-11-27,item_1a,78323,0000796343-21-000004,120,0.1128535610468437,0.5215812586985218,0.3655651746007303,-0.4087276976516781,0.5583333333333333,0.0916666666666666,0.35,1739,175,63,0.100632547441058,0.0362277170787809,-0.4705882352941176,-0.4705882333168562,410,-0.0179998680444745,0.0333333333333333,0.0256298241089097,-0.0151382735867032,-0.0079016681299385,2021-01-15,0.072367327510024,0.0279437265666075,0.1268119063060766,0.018028776314976,0.3142900922129488,0.1757309654145091,0.294446790988433,0.3193087952457523,-0.0248620042573192,0.0867484100670723,20.84842067345956,Technology,11.268596580863035,2,-0.963061433891912,1.2131583936356038,0.45655630171496153,-0.14926020207331828,-1.5110650615810868,0.6687703455096237,0.012823006068228237,0.4426975533326366,0.625604689160119
ADBE,2021,2022-01-21,2021-12-03,item_1a,80060,0000796343-22-000032,120,0.0857393675638983,0.5653231290867552,0.3489375020066897,-0.4795837615228568,0.6166666666666667,0.05,0.3333333333333333,1737,202,61,0.1162924582613701,0.0351180195739781,-0.5361216730038023,-0.5361216709653168,404,-0.0708560638711787,0.0583333333333333,0.0437418703882334,0.015659910820312,-0.0655334377096846,2022-01-21,-0.1230421662199816,-0.10384041015353,-0.1825128314416449,-0.1582730924108207,-0.2159388918330086,-0.1258271108454551,0.4680117514711313,0.4208461582968836,0.0471655931742476,-0.1809100626880608,20.85335696330749,Technology,11.290531632546564,2,-1.6201463346523828,1.8330870329398115,1.4168704971731743,-0.9296191633891076,1.4053510117211592,1.6835381326178884,-1.4899354511347882,0.44918813712276134,0.6621434644105514
ADBE,2022,2023-01-17,2022-12-02,item_1a,73646,0000796343-23-000007,120,0.0993356167105957,0.5597989494679496,0.3408654353891809,-0.4604633327573538,0.625,0.0666666666666666,0.3083333333333333,1877,214,62,0.1140117208311134,0.0330314331379861,-0.5507246376811594,-0.5507246356857803,377,0.019120428765503,0.0083333333333333,-0.0055241796188055,-0.0022807374302566,-0.0146029646773571,2023-01-17,0.0916429441637678,0.0508907125422741,0.0963179698003773,0.0510133916093562,0.5307798810489723,0.3777653194935637,0.3409949141395471,0.40175190574564,-0.0607569916060929,-0.0934027848074421,20.88401890094565,Technology,11.20702510948581,2,-1.4428327167139101,1.9216482671261264,1.2770086195724728,0.3987768976328425,-0.29352818946649617,1.4927095368609307,-0.9986291212872781,0.4895046261335392,0.5230407113337022
ADBE,2023,2024-01-17,2023-12-01,item_1a,65872,0000796343-24-000006,120,0.0825110644412537,0.5613812505733222,0.3561076887262364,-0.4788701861320684,0.6,0.0583333333333333,0.3416666666666667,1819,213,56,0.1170973062122045,0.0307861462341946,-0.5836431226765799,-0.5836431205069029,310,-0.0184068533747146,-0.025,0.0015823011053726,0.003085585381091,-0.0329184849954204,2024-01-17,-0.0094950065028397,-0.0724224565507939,-0.2040764441557477,-0.2672055875222884,-0.0658446596335105,-0.2434379564392748,0.4090635861146363,0.273619362075425,0.1354442240392112,0.1449808288808061,20.956803210233392,Technology,11.095468744009686,2,-1.613528981257001,1.65596456456718,1.4662262643445438,-0.15526885715357044,0.21463261295982436,0.21214862913575724,0.3397667375890466,0.5852065951410085,0.3372133413007485
AMZN,2014,2015-01-30,2014-12-31,item_1a,42844,0001018724-15-000006,120,0.0969714308933665,0.433255535387434,0.4697730256399761,-0.3362841044940675,0.4416666666666666,0.0666666666666666,0.4916666666666666,1467,150,40,0.1022494887525562,0.0272665303340149,-0.5789473684210527,-0.5789473653739613,260,,,,,,2015-01-30,0.0848447097637554,0.0263336162543326,0.192762243093266,0.1315409382499703,0.5122839538784565,0.4470140034184013,0.3446228200694476,0.262302693370521,0.0823201266989266,-0.0332702853399748,20.85701770868112,Consumer Discretionary,10.66532089088452,3,-0.29125455357686203,-0.026698884972811674,0.5557121470113777,,,0.09904946530057007,-0.661017458195401,0.45400154462390707,-0.37931452271144583
AMZN,2015,2016-01-29,2015-12-31,item_1a,43332,0001018724-16-000172,120,0.087597297426934,0.417878589949881,0.4945241092083355,-0.3302812925229469,0.425,0.05,0.525,1542,144,54,0.0933852140077821,0.0350194552529182,-0.4545454545454545,-0.4545454522497704,261,0.0060028119711205,-0.0166666666666666,-0.015376945437553,-0.0088642747447741,0.1244019138755981,2016-01-29,-0.0135605012603122,-0.0362218440169056,0.1236626708092418,0.0530755797620277,0.2926915795205491,0.1602596745907822,0.361018039030785,0.3581417750079126,0.0028762640228723,0.2010396600145758,21.236389740193104,Consumer Discretionary,10.676646671065457,3,-0.23558737574013316,-0.2038213533454417,0.012127386694164273,0.20511086366088602,-0.916952407904207,1.0568684382306597,0.6545069425974552,0.9528267826093121,-0.3604483653602951
AMZN,2016,2017-02-10,2016-12-31,item_1a,43939,0001018724-17-000011,120,0.1023812827964623,0.4165731861411283,0.4810455336856345,-0.3141919033446659,0.4083333333333333,0.075,0.5166666666666667,1466,142,46,0.0968622100954979,0.0313778990450204,-0.5106382978723404,-0.5106382951561793,262,0.016089389178281,-0.0166666666666666,-0.0013054038087527,0.0034769960877158,-0.0560928433268858,2017-02-10,0.0302974897664363,0.0070155645999059,0.1618084207505956,0.1250511197199173,0.1698329953186914,0.1056126110133954,0.1298141873375406,0.2189012071231608,-0.0890870197856202,0.0686998879256521,21.618627841291868,Consumer Discretionary,10.690557587372846,3,-0.08638215442374478,-0.38094382171807234,0.22534754732593532,0.35402719767814783,0.2516970210748411,-0.3347064333459701,-0.0885097446153197,1.455420532042465,-0.3372759629508266
AMZN,2017,2018-02-02,2017-12-31,item_1a,46534,0001018724-18-000005,120,0.0936153930611908,0.4294502213597297,0.4769343856722116,-0.3358348282985389,0.4416666666666666,0.05,0.5083333333333333,1480,157,41,0.106081081081081,0.0277027027027027,-0.5858585858585859,-0.5858585828997042,275,-0.0216429249538729,0.0333333333333333,0.0128770352186014,0.0092188709855831,-0.0752202879862454,2018-02-02,0.0753104151816388,0.0846405259494921,0.105598144124839,0.1359649533578255,0.2750725618162641,0.2367192327893041,0.3480459405502399,0.1949088340012677,0.1531371065489722,0.3957365205458321,21.846285582346727,Consumer Discretionary,10.74793850718724,3,-0.28708818321666724,-0.026698884972811674,0.7906772465264094,-0.2030456109807855,0.795420508853444,-0.5744870091732049,1.7476251642720217,1.7547610670004892,-0.2416924848259255
AMZN,2018,2019-02-01,2018-12-31,item_1a,44239,0001018724-19-000004,120,0.1075941890633354,0.4159265807907407,0.4764792365177224,-0.3083323917274053,0.4083333333333333,0.075,0.5166666666666667,1552,164,59,0.1056701030927835,0.0380154639175257,-0.4708520179372197,-0.4708520158257757,264,0.0275024365711336,-0.0333333333333333,-0.013523640568989,-0.0004109779882975,0.1150065679213661,2019-02-01,0.0407076186791828,0.0075297742537778,0.2067542775098585,0.1132002722467526,0.1211452494126057,0.0275423584621119,0.198963698621146,0.5000825868910472,-0.3011188882699012,-0.0330306625731382,22.889848724545296,Consumer Discretionary,10.697362031962442,3,-0.03204387483016695,-0.38094382171807234,0.7654748043981294,0.5225272887201649,-0.11647241183773195,2.475429638234112,-0.6596721051576456,3.1269118570450996,-0.3259413157774188
AMZN,2019,2020-01-31,2019-12-31,item_1a,49747,0001018724-20-000004,120,0.0875156660952294,0.4290879802079871,0.4833963550627231,-0.3415723141127576,0.4416666666666666,0.05,0.5083333333333333,1622,174,42,0.1072749691738594,0.0258939580764488,-0.6111111111111112,-0.6111111082818931,274,-0.0332399223853523,0.0333333333333333,0.0131613994172463,0.0016048660810759,-0.1402590931738914,2020-01-31,-0.0496484937688134,0.0171464745369905,0.1380581201634989,0.2539225338994466,0.5754709291695217,0.5501224407860779,0.512141802038202,0.1649040081491921,0.3472377938890099,0.0020891556726274,22.51207857957512,Consumer Discretionary,10.814705439260992,3,-0.3402948544721392,-0.026698884972811674,0.8638901591948852,-0.3742615058908568,0.07441676420903742,-0.8743562377757531,-0.46249320272648803,2.630192893031076,-0.13047405870133327
AMZN,2020,2021-02-03,2020-12-31,item_1a,50039,0001018724-21-000004,120,0.1266643192774305,0.3524781448068097,0.5208575344644487,-0.2258138255293791,0.3416666666666667,0.1,0.5583333333333333,1393,139,43,0.0997846374730796,0.0308686288585786,-0.5274725274725275,-0.5274725245743268,274,0.1157584885833784,-0.0999999999999999,-0.0766098354011773,-0.0074903317007797,0.0836385836385836,2021-02-03,-0.0942089629571072,-0.0988703845848368,-0.0126761274450452,-0.1050203548151421,0.0127364710924469,-0.1444158735101921,0.2361224487214812,0.2944365783833413,-0.0583141296618601,0.0861566605449559,23.264899800769548,Consumer Discretionary,10.820557980368374,3,0.7331934375289452,-1.0894336952085948,0.40455983838491383,1.8255230870540313,-0.7868476743149642,0.42019658204448673,0.009500650568875857,3.6200555967367674,-0.12072506484201552
AMZN,2021,2022-02-04,2021-12-31,item_1a,52712,0001018724-22-000005,120,0.1166781881513694,0.3838203218532726,0.4995014848498006,-0.2671421337019031,0.4,0.0833333333333333,0.5166666666666667,1667,135,56,0.0809838032393521,0.0335932813437312,-0.4136125654450261,-0.4136125632795154,285,-0.041328308172524,0.0583333333333333,0.0313421770464629,-0.0188008342337275,0.1138599620275013,2022-02-04,-0.1371800885523676,-0.0648598951321982,-0.2719305624145901,-0.1915155833964402,-0.1156403862448993,-0.0429023195589479,0.4939824740414118,0.3331587889573734,0.1608236850840383,-0.1774531016834973,23.075273443547157,Consumer Discretionary,10.872598412593655,3,0.34993467616854873,-0.46950505590438735,-0.7483655012464533,-0.49367691657029533,-1.857889101571993,0.8071876438112121,-1.4705264732221723,3.370721421012808,-0.03403761662220139
AMZN,2022,2023-02-03,2022-12-31,item_1a,55575,0001018724-23-000004,120,0.1189983965363353,0.3845620913198218,0.4964395109719286,-0.2655636947834864,0.4083333333333333,0.0833333333333333,0.5083333333333333,1687,139,51,0.0823947836395969,0.0302311796087729,-0.4631578947368421,-0.463157892299169,294,0.0015784389184167,0.0083333333333333,0.0007417694665491,0.0014109804002447,-0.0495453292918159,2023-02-03,-0.0951735796109867,-0.0610277418158486,0.0219557431653123,0.0174576248826425,0.3755682567006804,0.2742932957820265,0.3164412783730012,0.468593815217748,-0.1521525368447468,-0.1907253425708506,22.798900548066097,Consumer Discretionary,10.925488738832398,3,0.36457235604235516,-0.38094382171807234,-0.6618398164315134,0.13979024975970225,0.05605687297368062,2.1607298056849817,-1.545042971931154,3.007326747948459,0.054065560486360346
AMZN,2023,2024-02-02,2023-12-31,item_1a,59053,0001018724-24-000008,120,0.1022114379952351,0.4587022071937099,0.4390863548653821,-0.3564907691984748,0.45,0.0833333333333333,0.4666666666666667,1668,180,53,0.1079136690647482,0.0317745803357314,-0.5450643776824035,-0.5450643753430714,302,-0.0909270744149883,0.0416666666666666,0.0741401158738881,0.0255188854251512,-0.0819064829455613,2024-02-02,0.013445070667706,-0.0125082439805646,0.0838135694074635,0.0463328959312125,-0.0628018941822804,-0.11602697524048,0.2396996614990889,0.2090969424919147,0.0306027190071742,0.2423367166243901,22.59392776913663,Consumer Discretionary,10.986190624738057,3,-0.47864139877524886,0.06186234921350453,0.9030572131389321,-1.2259437984778176,2.338940850130023,-0.43269058051220455,0.8863677181566328,2.7378140091666308,0.15518100796213347
AXP,2014,2015-02-24,2014-12-31,item_1a,103185,0001193125-15-059931,120,0.1163981219132741,0.3640216414156991,0.519580246352901,-0.2476235195024249,0.3833333333333333,0.0916666666666666,0.525,1141,97,41,0.0850131463628396,0.0359333917616126,-0.4057971014492754,-0.4057970985087167,808,,,,,,2015-02-24,-0.0092751637080941,0.0149514388340932,-0.0049708598260826,-0.0041710190441971,-0.0702480467379615,0.0267169713258306,0.1793146112793463,0.2514751308446674,-0.072160519565321,-0.0938277663141543,19.59040224411784,Financials,11.544278772628225,4,0.5309408734301339,-0.6466275242770185,-0.501273710989383,,,-0.009161555095969621,-1.0010151640184974,-1.2114342494399304,1.0848281179801447
AXP,2015,2016-02-19,2015-12-31,item_1a,78623,0001193125-16-469798,120,0.1269746771780774,0.4227521509747021,0.4502731765930851,-0.2957774737966246,0.425,0.1083333333333333,0.4666666666666667,1077,114,46,0.1058495821727019,0.042711234911792,-0.425,-0.42499999734375,618,-0.0481539542941997,0.0416666666666666,0.058730509559003,0.0208364358098623,-0.0192028985507246,2016-02-19,0.1188083090791261,0.0473207599575897,0.1523259797702933,0.0832990912347402,0.2114733036734395,0.0597399203909807,0.1617347122774392,0.3147888549812668,-0.1530541427038275,-0.328005515878724,19.87321832953989,Financials,11.272419556477303,4,0.08438436789019232,-0.2038213533454417,0.7764810170267391,-0.5944494756716626,1.8955390203343054,0.6235979120109937,-2.3157973565062866,-0.8395676135297988,0.6319728914681405
AXP,2016,2017-02-17,2016-12-31,item_1a,80626,0001193125-17-047588,120,0.0929937962209805,0.3165453613192464,0.5904608481718848,-0.2235515650982658,0.3083333333333333,0.05,0.6416666666666667,1134,102,49,0.0899470899470899,0.0432098765432098,-0.3509933774834437,-0.3509933751589842,617,0.0722259086983588,-0.1166666666666666,-0.1062067896554557,-0.015902492225612,0.0740066225165562,2017-02-17,-0.0273491879381909,-0.025889262844332,-0.0325516807907354,-0.0506584451053114,0.0795897942823176,0.0376288186755036,0.1736258593909178,0.1378920278609191,0.0357338315299987,0.2218470372558121,19.421178473675678,Financials,11.29757645712193,4,0.7541725477089147,-1.4436786319538568,-0.1987090209402027,1.1828162427353652,-1.5834322989667786,-1.1443148681642488,0.771329181772702,-1.4339416578726802,0.6738785296181401
AXP,2017,2018-02-16,2017-12-31,item_1a,83393,0000004962-18-000032,120,0.0865524800339092,0.5204341781713689,0.3930133455277731,-0.4338816981374596,0.5583333333333333,0.0416666666666666,0.4,1929,169,70,0.0876101607050285,0.0362882322446863,-0.4142259414225941,-0.4142259396894312,378,-0.2103301330391938,0.25,0.2038888168521225,-0.0023369292420614,-0.0632325639391504,2018-02-16,-0.0190104849765,-0.0150750042300873,0.0473095774129757,0.0498482708338775,0.0723014662868413,0.0196603144298781,0.2604681394445526,0.2308377903105273,0.0296303491340253,0.113111399563015,19.477005649488422,Financials,11.331319651970562,4,-1.1963274807185913,1.2131583936356038,-0.34201675434198453,-2.988788160402895,-0.29884924024565074,-0.21541182353245802,0.16083702189363386,-1.3605361299273084,0.7300869685401898
AXP,2018,2019-02-13,2018-12-31,item_1a,84763,0000004962-19-000018,120,0.0801123207590232,0.4997600895507882,0.4201275896901885,-0.4196477687917649,0.5416666666666666,0.0416666666666666,0.4166666666666667,1962,166,88,0.0846075433231396,0.0448521916411824,-0.3070866141732283,-0.3070866129642259,390,0.0142339293456946,-0.0166666666666667,-0.0206740886205807,-0.0030026173818888,0.1071393272493658,2019-02-13,0.0554110437934145,0.0279225156190789,0.0977733887442726,0.0565879544567635,0.1479091686004077,0.1059173771918444,0.1460242939737588,0.2735440893477712,-0.1275197953740124,0.0614854426519924,19.617356177642407,Financials,11.34761440580968,4,-1.0643288973856029,1.0360359252629727,-0.5261465446353888,0.3266335367255606,-0.3618861896041683,0.21139635098931406,-0.12901497703865059,-1.1759933070714361,0.7572302986256942
AXP,2019,2020-02-13,2019-12-31,item_1a,89201,0000004962-20-000030,120,0.0756057788501493,0.5144913145302173,0.4099029014973591,-0.438885535680068,0.575,0.05,0.375,1884,179,73,0.0950106157112526,0.0387473460721868,-0.4206349206349206,-0.4206349189657344,401,-0.019237766888303,0.0333333333333333,0.0147312249794291,0.010403072388113,-0.1135483064616922,2020-02-13,-0.3613715117636563,-0.0729658727252104,-0.373229569592465,-0.2236589499013624,-0.2456048343967057,-0.2552220871653085,1.059033611774758,0.1708133874346376,0.8882202243401203,0.0624855856836592,19.680073079156603,Financials,11.398647529267592,4,-1.2427306523805692,1.3902808620082339,0.11180204940936203,-0.16753630841951087,0.907557768593294,-0.815297704439062,-0.12339971149603896,-1.093528679410717,0.8422398010084212
AXP,2020,2021-02-12,2020-12-31,item_1a,93348,0000004962-21-000013,120,0.0726481187817019,0.5582113441157465,0.3691405343047033,-0.4855632253340445,0.625,0.0333333333333333,0.3416666666666667,2113,241,78,0.1140558447704685,0.0369143398012304,-0.5109717868338558,-0.5109717852320633,415,-0.0466776896539765,0.05,0.0437200295855291,0.0190452290592158,-0.0903368661989351,2021-02-12,0.1055395954555462,0.0972113144480697,0.2160341147845297,0.1515872237206557,0.2884884051007363,0.1453439250991173,0.2573568121582724,0.3119745360956839,-0.0546177239374114,0.2716141026740104,19.942329359372863,Financials,11.444089723994775,4,-1.6755969929350432,1.9216482671261264,1.27971443608755,-0.5726541814161162,1.725921743901509,0.5954715153632706,1.0507445041331223,-0.7486955327218044,0.9179360958692028
AXP,2021,2022-02-11,2021-12-31,item_1a,94300,0000004962-22-000008,120,0.0809838690523368,0.4973632065268854,0.4216529219876975,-0.4163793374745486,0.525,0.05,0.425,2076,199,85,0.0958574181117533,0.0409441233140655,-0.4014084507042254,-0.4014084492908153,411,0.0691838878594959,-0.0999999999999999,-0.060848137588861,-0.0181984266587151,0.1095633361296304,2022-02-11,-0.0822168438607149,-0.049773330177639,-0.1700085436374464,-0.0848882073851741,-0.1320043716641263,-0.11291190818031,0.4047684009564987,0.3672314879135914,0.0375369130429072,0.1659621300461091,20.111476799138067,Financials,11.454236468621549,4,-1.0340190445603026,0.8589134568903427,0.16373059327400086,1.1379044176411213,-1.8008444683161113,1.14771133165995,0.4575654661132416,-0.5262884892736511,0.9348382498641072
AXP,2022,2023-02-10,2022-12-31,item_1a,97949,0000004962-23-000006,120,0.113975542023157,0.4538439397894157,0.4321805147764583,-0.3398683977662585,0.4666666666666667,0.0833333333333333,0.45,2187,188,78,0.0859625057155921,0.0356652949245541,-0.4135338345864661,-0.4135338330318277,416,0.07651093970829,-0.0583333333333333,-0.0435192667374697,-0.0098949123961612,-0.0121253838822407,2023-02-10,-0.0855788644642077,-0.0456074264976968,-0.1716707454692269,-0.1842205663346851,-0.0668514970246998,-0.1733389332028361,0.2811169248120678,0.3329498770643009,-0.0518329522522331,0.1122803198691508,20.01623267036452,Financials,11.492202214030117,4,-0.32449355755732506,0.23898481758613516,-0.44305605742160437,1.2460796368524736,-1.014548037975542,0.8050997713959416,0.1561709561206789,-0.6515222209560473,0.9980804914923981
AXP,2023,2024-02-09,2023-12-31,item_1a,111129,0000004962-24-000013,120,0.0943130043180038,0.5076861023087986,0.3980008923138181,-0.4133730979907947,0.55,0.075,0.375,2084,231,81,0.1108445297504798,0.0388675623800383,-0.4807692307692308,-0.4807692292283037,459,-0.0735047002245362,0.0833333333333333,0.0538421625193829,0.0248820240348877,-0.0672353961827646,2024-02-09,0.0479128810002011,0.0168274579344531,0.1439297594870245,0.1015150453086266,0.122477321434159,0.0517417630562206,0.20844593631241,0.2236306559513411,-0.015184719638931,0.2987603967347696,19.934239724205444,Financials,11.618446967668946,4,-1.0061406321150959,1.124597159449289,1.0827866607528844,-0.9687231337237464,2.2786336329744876,-0.2874401642860034,1.2031563540611703,-0.7593323584559531,1.2083753540852706
BA,2014,2015-02-12,2014-12-31,item_1a,36118,0000012927-15-000011,120,0.0797770468595748,0.4641520442053055,0.4560709056444466,-0.3843749973457306,0.4833333333333333,0.0333333333333333,0.4833333333333333,1550,187,59,0.1206451612903225,0.0380645161290322,-0.5203252032520326,-0.5203252011368894,216,,,,,,2015-02-12,0.0376799383578645,0.0393077601219039,0.00552517172934,-0.014756108090479,-0.0096031910413295,-0.0176962327708619,0.1862841489300502,0.2302646091107393,-0.043980460180689,0.2426604602884203,20.012405764926463,Industrials,10.494546635012288,5,-0.7372262577681666,0.41610728595876517,1.6837917175606638,,,-0.2211402155277086,0.888185364816869,-0.6565541074877939,-0.6637853433824855
BA,2015,2016-02-10,2015-12-31,item_1a,36275,0000012927-16-000099,120,0.0931249645771458,0.4289561415712039,0.4779188972587386,-0.335831176994058,0.45,0.05,0.5,1659,181,67,0.1091018685955394,0.0403857745629897,-0.4596774193548387,-0.4596774175013007,214,0.0485438203516726,-0.0333333333333333,-0.0351959026341016,-0.0115432926947831,0.0606477838971938,2016-02-10,0.0710724961453248,-0.0233302611036387,0.1523277095097925,0.0319896768827387,0.155587187374703,-0.031330143025275,0.2445769017418433,0.3224757995969318,-0.0778988978550884,-0.1799327482548881,20.04620657393509,Industrials,10.498884077752388,5,-0.28705432278311527,0.06186234921350453,0.9759212855815131,0.8331783322697769,-1.1706404470047134,0.7004214924434898,-1.4844483559022734,-0.6121104079071208,-0.6565601566024999
BA,2016,2017-02-08,2016-12-31,item_1a,36080,0000012927-17-000006,120,0.0812606054435794,0.4448772600929563,0.4738621315142761,-0.3636166546493768,0.4666666666666667,0.0416666666666666,0.4916666666666666,1698,184,65,0.1083627797408716,0.0382803297997644,-0.4779116465863454,-0.4779116446670215,212,-0.0277854776553188,0.0166666666666666,0.0159211185217524,-0.0007390888546678,-0.0182342272315066,2017-02-08,0.0908980429962678,0.0540373990167253,0.1268074906080525,0.0758850160653492,0.4499234877702969,0.3613849768648767,0.130185921119684,0.1608435931091172,-0.0306576719894331,0.279741166364202,20.02635379583901,Industrials,10.49349397417656,5,-0.5447234174271629,0.23898481758613516,0.9305980696969229,-0.29373310694897015,-0.1475426785736342,-0.9149361608813297,1.096373598429853,-0.6382142477684306,-0.6655388353845328
BA,2017,2018-02-12,2017-12-31,item_1a,36075,0000012927-18-000007,120,0.0880006617400795,0.4217245807716002,0.4902747589008261,-0.3337239190315207,0.4416666666666666,0.0583333333333333,0.5,1651,187,62,0.1132646880678376,0.0375529981829194,-0.5020080321285141,-0.5020080301124176,210,0.0298927356178561,-0.025,-0.0231526793213561,0.004901908326966,-0.0240963855421686,2018-02-12,-0.0393831942311243,-0.0769200101387798,0.0072978493325051,-0.0256160617567218,-0.0060260991935447,-0.0782413171799423,0.3012378254239528,0.2927815077645611,0.0084563176593916,0.4439666848945693,20.32044608472394,Industrials,10.493355383642072,5,-0.2675126306040532,-0.026698884972811674,1.2311982586274015,0.5578172155141794,0.38662825282134017,0.4036557511733741,2.0184116132168417,-0.2515208602563806,-0.6657696954921167
BA,2018,2019-02-08,2018-12-31,item_1a,37474,0000012927-19-000010,120,0.099906881529993,0.3848261958919465,0.5152669268970688,-0.2849193143619535,0.3916666666666666,0.075,0.5333333333333333,1534,150,55,0.0977835723598435,0.0358539765319426,-0.4634146341463415,-0.4634146318857823,237,0.0488046046695672,-0.0499999999999999,-0.0368983848796536,-0.0154811157079941,0.0385933979821725,2019-02-08,-0.0728556675753672,-0.1062050780399149,-0.1190446551068266,-0.1889193821340405,-0.1563368258478529,-0.2445504556058154,0.2807670741989298,0.3903420433790376,-0.1095749691801077,0.1720470552587256,21.03209095188644,Industrials,10.531402638158458,5,0.1850776921417861,-0.5580662900907035,0.28184833278781346,0.8370285030256689,-1.5435302958924337,1.3786789924677652,0.4917290505145949,0.6842002544726875,-0.6023916783473441
BA,2019,2020-01-31,2019-12-31,item_1a,44284,0000012927-20-000014,120,0.0896122474378595,0.4518356258592879,0.458552130140985,-0.3622233784214283,0.4666666666666667,0.0666666666666666,0.4666666666666667,1434,173,55,0.1206415620641562,0.0383542538354253,-0.5175438596491229,-0.5175438573791936,269,-0.0773040640594748,0.075,0.0670094299673413,0.0228579897043126,-0.0541292255027813,2020-01-31,-0.1130498829599127,-0.0462549146541086,-0.5784600711384587,-0.4625956574025109,-0.5006124975741246,-0.5259609859575685,1.374209481021092,0.2579502817232086,1.1162591992978832,-0.0409287746885181,21.20559320345043,Industrials,10.698378716979358,5,-0.5318028468795539,0.23898481758613516,1.683571001873338,-1.0248162287624845,2.086968884929788,0.05555131837997992,-0.7040157594240399,0.9123333131551589,-0.3242477512547754
BA,2020,2021-02-01,2020-12-31,item_1a,55800,0000012927-21-000011,120,0.0810710933331089,0.5518788624011601,0.3670500460701684,-0.4708077690680511,0.5916666666666667,0.05,0.3583333333333333,1600,176,53,0.11,0.033125,-0.537117903930131,-0.537117901584638,312,-0.1085843906466227,0.125,0.1000432365418722,-0.0106415620641562,-0.0195740442810081,2021-02-01,0.1670751727560795,0.1532800950507187,0.200929364988464,0.0857346088948241,0.1506331727514052,-0.0200857293799532,0.423741687586819,0.5111792602916679,-0.0874375727048489,0.1990738258764404,22.122183886669045,Industrials,10.929529148369403,5,-1.538762020929782,1.5674033303808652,1.0309974828208757,-1.4866331034614568,-1.0852515919282355,2.586330161673356,0.6434698405541959,2.1175317139689716,0.06079595793981987
BA,2021,2022-01-31,2021-12-31,item_1a,59362,0000012927-22-000010,120,0.0836205309955403,0.4977847695428257,0.4185946946808447,-0.4141642385472854,0.5083333333333333,0.0666666666666666,0.425,1797,189,54,0.1051752921535893,0.030050083472454,-0.5555555555555556,-0.5555555532693187,328,0.0566435305207657,-0.0833333333333333,-0.0540940928583343,-0.0048247078464106,-0.0184376516254245,2022-01-31,-0.0121354767674196,0.014581043165837,-0.2578406086019364,-0.1819534857941247,-0.1845785342586251,-0.09830778130811,0.4239284532468464,0.4218838240896548,0.0020446291571916,-0.1585569987669939,21.58669782429604,Industrials,10.991409569996048,5,-1.0134772873799776,0.6817909885177115,0.7351314662764415,0.9527609339998673,-0.534427981273281,1.6939085991008334,-1.3644350120640107,1.4134366824072035,0.16387457616417256
BA,2022,2023-01-27,2022-12-31,item_1a,48354,0000012927-23-000007,120,0.1244486102911954,0.398737460153643,0.4768139341225226,-0.2742888498624476,0.4,0.1,0.5,1706,162,52,0.0949589683470105,0.0304806565064478,-0.514018691588785,-0.5140186891868286,277,0.1398753886848378,-0.1083333333333332,-0.0990473093891827,-0.0102163238065787,0.0415368639667705,2023-01-27,-0.0455556906786119,-0.0223354697982166,-0.0207889351125355,-0.0499680756916035,0.1310792639796549,-0.0058861233375369,0.2970088245591829,0.3889790420763603,-0.0919702175171774,0.362867581001403,20.946513551269916,Industrials,10.786304227552566,5,0.2836594835802008,-0.46950505590438735,0.10863487319687891,2.1815804767124694,-1.0449839036453,1.3650571120664885,1.5630837358940994,0.5716770221759482,-0.17778397647250177
BA,2023,2024-01-31,2023-12-31,item_1a,48954,0000012927-24-000010,120,0.0757848858173626,0.4546407670675156,0.4695743506619086,-0.3788558812501529,0.475,0.0416666666666666,0.4833333333333333,1692,177,59,0.1046099290780141,0.034869976359338,-0.5,-0.4999999978813559,265,-0.1045670313877053,0.0749999999999999,0.0559033069138725,0.0096509607310036,0.0140186915887849,2024-01-31,-0.0523123276978336,-0.1143773002213173,-0.1875473267221071,-0.2269453942056226,-0.1550890673274567,-0.2867456102904442,0.2487446569616511,0.3721983272073957,-0.1234536702457445,-0.1608122364688682,20.778070864710852,Industrials,10.798636360656856,5,-0.6860446417735007,0.32754605177245016,0.7004616528086305,-1.427321564870984,0.836336994773516,1.1973500889374864,-1.3770969595622884,0.3501966381981112,-0.15724146550160745
BAC,2014,2015-02-25,2014-12-31,item_1a,94009,0000070858-15-000008,120,0.1305448422208428,0.3940994069523488,0.4753557508035252,-0.263554564731506,0.4333333333333333,0.1083333333333333,0.4583333333333333,1871,176,46,0.0940673436664885,0.0245857830037413,-0.5855855855855856,-0.5855855829478127,469,,,,,,2015-02-25,-0.0619636318840784,-0.0362409066388199,0.0183348746548983,0.0087923438704997,-0.0689126197397593,0.0379203951367854,0.1689272560744849,0.2751320497079848,-0.1062047936334999,0.0216077557232976,20.943488580562416,Financials,11.451145801349762,6,0.3832040573914532,-0.11526011915912669,0.05395768840630169,,,0.22726647970181738,-0.3529067547542544,0.5676995762713205,0.9296899056319179
BAC,2015,2016-02-24,2015-12-31,item_1a,89482,0000070858-16-000137,120,0.0753860913760339,0.4093834126989046,0.5152304942409197,-0.3339973213228707,0.4416666666666666,0.0583333333333333,0.5,1861,212,46,0.1139172487909725,0.0247178936055883,-0.6434108527131783,-0.6434108502193377,432,-0.0704427565913647,0.0083333333333333,0.0152840057465558,0.019849905124484,-0.0578252671275927,2016-02-24,0.1320735356296367,0.0753052372686757,0.2148275882200261,0.1333468603570016,0.2745814964416919,0.1294261503837401,0.2906687557142487,0.395804961851418,-0.1051362061371692,-0.2401554210229375,20.941461620608223,Financials,11.401792766717712,6,-0.27004803135403,-0.026698884972811674,1.2712153017009857,-0.9235171722311107,1.8021200736321161,1.4332755815733806,-1.8225662936084708,0.5650343856469415,0.8474790466667969
BAC,2016,2017-02-23,2016-12-31,item_1a,84576,0000070858-17-000013,120,0.0796423500403761,0.4338896710037564,0.4864679758436978,-0.3542473209633802,0.4583333333333333,0.05,0.4916666666666666,1790,188,50,0.1050279329608938,0.0279329608938547,-0.5798319327731093,-0.5798319303368407,409,-0.0202499996405094,0.0166666666666666,0.0245062583048517,-0.0088893158300787,0.063578919940069,2017-02-23,-0.0565307285755,-0.0499217612882766,-0.0467367319394638,-0.0688005957415294,-0.0272290299391234,-0.0711378575155211,0.2474891864873903,0.2440943825679313,0.003394803919459,0.6467567159775891,21.06214715803871,Financials,11.345405817404016,6,-0.457836743811653,0.15042358339981954,0.7260949445362795,-0.18248072291561673,-0.9193236588425783,-0.08292499912213543,3.15696863743354,0.7237202847898699,0.7535512958797906
BAC,2017,2018-02-22,2017-12-31,item_1a,87412,0000070858-18-000009,120,0.0711273249316339,0.4219697245551894,0.5069029509245108,-0.3508423996235554,0.4666666666666667,0.0416666666666666,0.4916666666666666,1943,206,46,0.1060216160576428,0.0236747297992794,-0.6349206349206349,-0.6349206324011086,412,0.0034049213398247,0.0083333333333333,-0.011919946448567,0.0009936830967489,-0.0550887021475255,2018-02-22,-0.0760666071351742,-0.0342157796222143,-0.0358404843813532,-0.0508361658241046,-0.0147272895211508,-0.0820586653999279,0.2484372523412776,0.2366371759096726,0.0118000764316049,0.3759421087383872,21.29563411771856,Financials,11.378387851990043,6,-0.42626114846467483,0.23898481758613516,0.7870306672580983,0.16675609364874341,0.0165411486966474,-0.15745257075898722,1.6364901815352326,1.0307254895873965,0.8084918160311849
BAC,2018,2019-02-26,2018-12-31,item_1a,98631,0000070858-19-000012,120,0.0628928913502022,0.4179744542886813,0.5191326500692716,-0.3550815629384791,0.45,0.0333333333333333,0.5166666666666667,1890,209,52,0.1105820105820105,0.0275132275132275,-0.6015325670498084,-0.601532564745086,488,-0.0042391633149236,-0.0166666666666666,-0.003995270266508,0.0045603945243677,0.0333880678708264,2019-02-26,-0.0724477770372477,-0.0780387874531355,-0.0425932131677878,-0.049982308947939,-0.0760612927905662,-0.1167149372766324,0.2256351342882608,0.3086905549115276,-0.0830554206232668,-0.0453239006100343,21.307471090721013,Financials,11.49914089279961,6,-0.4655731008073604,0.06186234921350453,1.0666881729036461,0.05390026155392544,0.354288802872291,0.5626512980657885,-0.7286920290785898,1.0462895807288615,1.0096387420837951
BAC,2019,2020-02-19,2019-12-31,item_1a,110133,0000070858-20-000011,120,0.0607999817856277,0.4257455697050318,0.5134544499994566,-0.3649455879194041,0.45,0.0166666666666666,0.5333333333333333,2053,211,53,0.1027764247442766,0.025815879201169,-0.5984848484848485,-0.5984848462178605,523,-0.009864024980925,0.0,0.0077711154163504,-0.0078055858377339,0.0030477185649598,2020-02-19,-0.3855049806096047,-0.0963578738984456,-0.3562294182340948,-0.2242523865078508,-0.2548363068189608,-0.26603882229379,0.9568197532751198,0.1705587111360236,0.7862610421390961,0.2831741006614152,21.079848736081868,Financials,11.609444005321887,6,-0.5570473024716492,0.06186234921350453,0.5880254927738967,-0.02914414106666987,-0.8167004805725575,-0.8178429478470801,1.1156476792951318,0.7469955743385066,1.1933784795607252
BAC,2020,2021-02-24,2020-12-31,item_1a,115419,0000070858-21-000023,120,0.0760974811622872,0.5442833011620678,0.3796192129142582,-0.4681858199997805,0.6083333333333333,0.0416666666666666,0.35,1998,227,56,0.1136136136136136,0.028028028028028,-0.6042402826855123,-0.6042402805503877,495,-0.1032402320803763,0.1583333333333332,0.118537731457036,0.0108371888693369,-0.0057554342006638,2021-02-24,0.0403256874649489,0.0423513295467615,0.1604905166298509,0.0894286165950282,0.1506735101093796,-0.0002763378416268,0.2434382932110147,0.2958513430992115,-0.0524130498881967,0.4407671959259467,21.160830466377952,Financials,11.656324264217721,6,-1.5144473321198608,1.7445257987534952,1.2525954529416936,-1.407732948756113,0.9486661750758012,0.43433578772072146,2.0004482023939607,0.8534760935439349,1.2714702601587706
BAC,2021,2022-02-22,2021-12-31,item_1a,128157,0000070858-22-000062,120,0.0664218252447123,0.4755488733140131,0.4580293020854393,-0.4091270480693007,0.5,0.0416666666666666,0.4583333333333333,2051,224,41,0.1092150170648464,0.0199902486591906,-0.690566037735849,-0.6905660351299395,540,0.0590587719304797,-0.1083333333333332,-0.0687344278480547,-0.0043985965487672,-0.0863257550503366,2022-02-22,-0.0495896498453412,-0.0859250549789356,-0.2088370121812437,-0.1357012549020071,-0.2366679419393913,-0.2037228446463233,0.3816836786092514,0.2821737765194546,0.0995099020897967,0.1498111492687079,21.35484400013324,Financials,11.76101135378851,6,-0.9667648167104848,0.5932297543313965,0.9828598998888785,0.9884191051628225,-0.4940776209715282,0.29764173191609555,0.3668863902538822,1.1085788399487242,1.4458549888859487
BAC,2022,2023-02-22,2022-12-31,item_1a,115516,0000070858-23-000092,120,0.0834608171600848,0.5619860483411079,0.3545531328922758,-0.478525231181023,0.6166666666666667,0.0416666666666666,0.3416666666666667,2223,274,62,0.1232568600989653,0.0278902384165542,-0.6309523809523809,-0.6309523790745465,468,-0.0693981831117223,0.1166666666666667,0.0864371750270948,0.0140418430341189,0.059613656783468,2023-02-22,-0.2083720075183953,-0.1986629858674162,-0.1611149820781721,-0.2040978118658205,-0.158267235911737,-0.2782874262690394,0.3369451598325395,0.2227992605923722,0.1141458992401672,-0.0149212960874054,21.096514536307616,Financials,11.657164327488378,6,-1.610330035713165,1.8330870329398115,1.843949171136188,-0.9080952853010654,1.2521290283411501,-0.29574915718557376,-0.5579977461848195,0.7689089497939758,1.2728696132802273
BAC,2023,2024-02-20,2023-12-31,item_1a,116458,0000070858-24-000122,120,0.0724993473229309,0.5081359963941698,0.419364657641078,-0.4356366490712389,0.55,0.05,0.4,2178,231,65,0.106060606060606,0.0298438934802571,-0.5608108108108109,-0.5608108089161797,457,0.042888582109784,-0.0666666666666666,-0.053850051946938,-0.0171962540383592,0.07014157014157,2024-02-20,0.0897787032380752,0.0387741031336399,0.1511620495514416,0.0808123544055852,0.1542850015029213,0.0224628691700046,0.1981663752699204,0.2362294669074946,-0.0380630916375741,0.1833480588385412,20.97402194108541,Financials,11.66528597196527,6,-1.2126020477374198,1.124597159449289,0.7894216549052273,0.7496854555803064,-1.7059443177227005,-0.16152722810178163,0.5551781112883445,0.6078470029771711,1.2863984139635605
CAT,2014,2015-02-17,2014-12-31,item_1a,53548,0000018230-15-000061,120,0.0871640633869295,0.4794592277146876,0.4333767079592993,-0.3922951643277581,0.525,0.0583333333333333,0.4166666666666667,1798,163,66,0.0906562847608453,0.0367074527252502,-0.4235807860262008,-0.4235807841765031,280,,,,,,2015-02-17,-0.0474342324232121,-0.0491003999986462,0.0426535427784731,0.0238953321708825,-0.0639236994935646,-0.0755795751806353,0.1876139161071146,0.2939055422919529,-0.1062916261848383,-0.1815081269145962,19.961996760025773,Industrials,10.888333726905788,7,-0.8106740595660976,0.8589134568903427,-0.15521900015979867,,,0.4148893896658404,-1.4932932603052784,-0.7228354402628476,-0.007826184734960514
CAT,2015,2016-02-16,2015-12-31,item_1a,52118,0000018230-16-000410,120,0.0992965902512272,0.4632862337632105,0.4374171711659679,-0.3639896435119832,0.525,0.0666666666666666,0.4083333333333333,1833,159,75,0.0867430441898527,0.0409165302782324,-0.358974358974359,-0.3589743574402805,270,0.0283055208157748,0.0,-0.016172993951477,-0.0039132405709926,0.0646064270518418,2016-02-16,0.1400088898164067,0.0685579268601408,0.0947605412464835,-0.000436422247096,0.3155814270420507,0.1491508489592918,0.2677130534625074,0.3412404334949878,-0.0735273800324803,-0.1685284964274018,19.85978670522388,Industrials,10.861265657517102,7,-0.5481823359216487,0.8589134568903427,-0.3951910225861882,0.5343838738791115,-0.44811712030861406,0.8879558684055496,-1.4204196117141286,-0.8572284652516851,-0.052915392552919445
CAT,2016,2017-02-15,2016-12-31,item_1a,49599,0000018230-17-000041,120,0.0934847912130256,0.4595801173049646,0.4469350883271545,-0.3660953260919389,0.4916666666666666,0.075,0.4333333333333333,1834,170,60,0.0926935659760087,0.0327153762268266,-0.4782608695652174,-0.4782608674858223,256,-0.0021056825799556,-0.0333333333333333,-0.0037061164582458,0.005950521786156,-0.1192865105908584,2017-02-15,-0.0617047515593216,-0.0750761694850514,0.0197111627856085,0.0115126924798625,0.1704555358893975,0.1095674292414761,0.275099323365719,0.1884893680826856,0.0866099552830333,0.1857031404361491,19.715470890060757,Industrials,10.811725951219454,7,-0.5677094187638277,0.5046685201450802,-0.03028661111169921,0.08539857096282426,0.4859260915071228,-0.6386433653052437,0.5684006285947413,-1.046985128537834,-0.13543720378445348
CAT,2017,2018-02-15,2017-12-31,item_1a,50133,0000018230-18-000042,120,0.0771683731892456,0.5204273129735763,0.4024043137207627,-0.4432589397843306,0.5583333333333333,0.0333333333333333,0.4083333333333333,1749,170,69,0.0971983990851915,0.039451114922813,-0.4225941422594142,-0.4225941404912379,260,-0.0771636136923916,0.0666666666666667,0.0608471956686116,0.0045048331091828,0.0556667273058031,2018-02-15,-0.0489434970105602,-0.0436083282487979,-0.0344804322940923,-0.0347351336378276,-0.1387313477153773,-0.1879875064778986,0.3222406545273799,0.2545743499612589,0.0676663045661209,0.4055502582224017,19.902186142843227,Industrials,10.822434752871493,7,-1.283287488942355,1.2131583936356038,0.24596369660443274,-1.0227426458861681,0.3490274471326405,0.021812143946455403,1.8027240264094022,-0.8014786792787286,-0.11759879143828643
CAT,2018,2019-02-14,2018-12-31,item_1a,49382,0000018230-19-000034,120,0.071562138129957,0.4727096174067507,0.4557282466441393,-0.4011474792767937,0.5166666666666667,0.0333333333333333,0.45,1848,163,65,0.0882034632034632,0.0351731601731601,-0.4298245614035088,-0.4298245595183133,256,0.0421114605075369,-0.0416666666666666,-0.0477176955668255,-0.0089949358817283,-0.0072304191440945,2019-02-14,0.0111594902297433,-0.0223474005538912,-0.0395308518550449,-0.0926954302208468,-0.1189808748721422,-0.1660482728357536,0.251651080845969,0.4108737176100325,-0.1592226367640635,-0.0015553330995611,20.31485236092428,Industrials,10.8073412643066,7,-0.8927661512233861,0.7703522227040276,-0.30563360899810116,0.7382121780040335,-0.9293252879069118,1.5838732283523687,-0.48295504825752084,-0.2588758848070021,-0.14274108854222547
CAT,2019,2020-02-19,2019-12-31,item_1a,50921,0000018230-20-000056,120,0.0668916637077927,0.4601854644405345,0.4729228758408377,-0.3932938007327417,0.5,0.025,0.475,1851,184,52,0.0994057266342517,0.0280929227444624,-0.559322033898305,-0.5593220315282965,263,0.0078536785440519,-0.0166666666666667,-0.0125241529662162,0.0112022634307885,-0.1294974724947962,2020-02-19,-0.2473330466238569,0.0418140600873021,-0.1735424571052586,-0.0415654253790146,0.0279563823018484,0.0167538668270192,0.7041222135008565,0.2116474363927105,0.4924747771081459,0.1905787940251151,19.96565448135885,Industrials,10.838030691127368,7,-0.8199349310739685,0.5932297543313965,0.38132385310283723,0.23243671058945264,0.9832366973150504,-0.4072008595467276,0.5957748028168065,-0.7180260089845724,-0.09161952815809266
CAT,2020,2021-02-17,2020-12-31,item_1a,54206,0000018230-21-000063,120,0.0640827408526092,0.5230040840726967,0.4129131731732438,-0.4589213432200874,0.5666666666666667,0.0333333333333333,0.4,1908,194,57,0.1016771488469601,0.0298742138364779,-0.545816733067729,-0.5458167308931604,275,-0.0656275424873456,0.0666666666666666,0.0628186196321622,0.0022714222127084,0.0135053008305759,2021-02-17,0.1402868843919373,0.1426058318916394,0.1890879963260943,0.1358268329676084,0.0655237070913854,-0.0735263687229375,0.2712454949164855,0.2384093357228109,0.0328361591936746,0.4625567871231697,20.005235828225715,Industrials,10.900546882407832,7,-1.4285330507896148,1.301719627821919,0.5206144927349406,-0.8524262543556502,0.13753590754426587,-0.13974154658087298,2.122785044988813,-0.6659816484871574,0.012518136784138285
CAT,2021,2022-02-16,2021-12-31,item_1a,57080,0000018230-22-000050,120,0.0757364480135341,0.4262892459402792,0.4979742991738021,-0.350552797926745,0.4583333333333333,0.05,0.4916666666666666,1721,175,53,0.1016850668216153,0.030796048808832,-0.5350877192982456,-0.5350877169513697,288,0.1083685452933423,-0.1083333333333333,-0.0967148381324174,7.917974655172189e-06,0.0107290137694834,2022-02-16,0.0848064630396252,0.0863717239925848,0.026012955400277,0.1458578541841115,-0.0194577501219757,0.0153085744211893,0.3360327834232348,0.2633876792752332,0.0726451041480015,-0.0370803636024222,20.3140924582006,Industrials,10.952209071590772,7,-0.4235755222555377,0.15042358339981954,0.5211000474451759,1.7164193504002934,-0.07680530343772111,0.10989285055781822,-0.6824089997093372,-0.25987505877213163,0.09857551867388181
CAT,2022,2023-02-15,2022-12-31,item_1a,57162,0000018230-23-000011,120,0.0755300171362857,0.4604456869342054,0.4640242923672,-0.3849156697979197,0.4833333333333333,0.0416666666666666,0.475,1982,210,57,0.1059535822401614,0.0287588294651866,-0.5730337078651685,-0.5730337057189749,286,-0.0343628718711746,0.025,0.0341564409939261,0.0042685154185461,-0.0379459885669228,2023-02-15,-0.1354642856819552,-0.0811100028435534,-0.1425359701181973,-0.1493835959494888,0.1179483120746327,0.0561048143240117,0.2972437923208848,0.2175282099974246,0.0797155823234602,0.2613844486339365,20.225860463580545,Industrials,10.953644620934835,7,-0.7422401928526287,0.41610728595876517,0.7828586230205368,-0.3908405214756989,0.3266494815269293,-0.3484282123357173,0.9933104951710904,-0.3758887394297847,0.1009668152890155
CAT,2023,2024-02-16,2023-12-31,item_1a,53711,0000018230-24-000009,120,0.0647354773323362,0.4486573024303652,0.4866072203963995,-0.383921825098029,0.4833333333333333,0.0333333333333333,0.4833333333333333,1790,202,51,0.1128491620111731,0.0284916201117318,-0.5968379446640316,-0.5968379423049883,276,0.0009938446998906,0.0,-0.0117883845038401,0.0068955797710117,-0.0238042367988631,2024-02-16,0.0993755022097724,0.0637358767793938,0.1107723714563306,0.0475405708642719,0.078919713609951,-0.048504511315601,0.2588307910657496,0.242689263760308,0.0161415273054416,0.1884584901404979,20.32881891022812,Industrials,10.891373101232979,7,-0.7330237573025782,0.41610728595876517,1.2057169148715916,0.13115941036566164,0.575417805070861,-0.09696780327018174,0.5838704361750529,-0.24051167579413563,-0.0027632828076973167
COST,2014,2014-10-15,2014-08-31,item_1a,47303,0000909832-14-000021,120,0.1243760275576884,0.3273477707523852,0.5482762044295668,-0.2029717431946968,0.3333333333333333,0.1,0.5666666666666667,1547,123,54,0.07950872656755,0.0349062702003878,-0.3898305084745763,-0.389830506272144,267,,,,,,2014-10-15,0.1188271292504488,0.0235632050648058,0.1236670807834481,0.0502430452387938,0.2076188285096405,0.081023475263509,0.151469637771173,0.1357499425334771,0.0157196952376958,0.1335043641793081,19.193181892579027,Consumer Staples,10.764328997415893,8,0.9450198724736659,-1.1779949293949106,-0.838821767797056,,,-1.1657229402493074,0.2753325569279853,-1.7337277237355848,-0.214389679829169
COST,2015,2015-10-14,2015-08-30,item_1a,48001,0000909832-15-000014,120,0.1100051554851234,0.3732404571725055,0.5167543849286934,-0.2632353016873822,0.3916666666666666,0.075,0.5333333333333333,1571,123,55,0.0782940802036919,0.0350095480585614,-0.3820224719101123,-0.3820224697639187,276,-0.0602635584926853,0.0583333333333333,0.0458926864201202,-0.0012146463638581,0.0078080365644639,2015-10-14,0.043801637935652,0.0159523129139698,0.0249325763268151,0.056131691892944,0.0276443305951523,-0.0265714620237065,0.2041720321868805,0.1935450186810615,0.010627013505819,0.0271440967073965,19.36046770932361,Consumer Staples,10.778977123006351,8,0.3861647486040781,-0.5580662900907035,-0.9133076418903916,-0.7732334007437213,-0.19257531898039335,-0.5881170248927691,-0.32182317593018483,-1.5137684741920026,-0.18998925549865564
COST,2016,2016-10-12,2016-08-28,item_1a,48179,0000909832-16-000032,120,0.1179264215597262,0.3670440286203908,0.5150295480309676,-0.2491176070606646,0.3833333333333333,0.0916666666666666,0.525,1685,143,62,0.0848664688427299,0.0367952522255192,-0.3951219512195122,-0.395121949292088,278,0.0141176946267175,-0.0083333333333333,-0.0061964285521147,0.006572388639038,-0.0130994793093998,2016-10-12,-0.0219896094366947,-0.0370099993269921,0.0791452107392836,0.0129093628793819,0.128643846131498,0.0295003658048622,0.1450405325181724,0.1413654793809489,0.0036750531372234,-0.0001072213168168,19.616230844862905,Consumer Staples,10.782678520453256,8,0.5170854273144948,-0.6466275242770185,-0.5102684304569584,0.3249174691359219,0.5448134097084464,-1.1096010780214665,-0.4748246789622989,-1.1774729743766683,-0.1838235745886561
COST,2017,2017-10-18,2017-09-03,item_1a,48235,0000909832-17-000014,120,0.1219211128385116,0.3397774530846315,0.5383014317446698,-0.2178563402461198,0.35,0.1,0.55,1448,117,45,0.0808011049723756,0.0310773480662983,-0.4444444444444444,-0.4444444417009602,283,0.0312612668145447,-0.0333333333333333,-0.0272665755357592,-0.0040653638703542,-0.0493224932249322,2017-10-18,0.0884631224704957,0.0771228711400238,0.2241231362827858,0.1219675546502523,0.2355054259301261,0.1833939115344742,0.1711256112081551,0.2216778878455448,-0.0505522766373896,-0.0251207443778026,19.756583336723637,Consumer Staples,10.783840177604654,8,0.8069873112213868,-1.00087246102228,-0.7595691243881371,0.578021953416195,-0.4625223472375393,-0.3069561937544527,-0.6152621660981071,-0.9929275694999713,-0.18188851967356523
COST,2018,2018-10-26,2018-09-02,item_1a,48599,0000909832-18-000013,120,0.1200788645461822,0.3488219361092585,0.5310991948004812,-0.2287430715630762,0.3583333333333333,0.0833333333333333,0.5583333333333333,1583,126,59,0.0795957043588123,0.0372710044219835,-0.3621621621621622,-0.3621621602045288,280,-0.0108867313169563,0.0083333333333333,0.0090444830246269,-0.0012054006135633,0.0822822822822822,2018-10-26,0.0245202008949139,0.0129498641454672,-0.0290463324219638,-0.0434153330392834,0.1128754987979689,0.0017800787924433,0.2997530582823712,0.1932211301219426,0.1065319281604286,0.157919822071364,19.85505877619197,Consumer Staples,10.791358233545207,8,0.7060290251385785,-0.9123112268359648,-0.8334880204598454,-0.04424318558990917,-0.19169979805964218,-0.5913539779367558,0.41241222960226454,-0.8634450814717061,-0.1693651593325316
COST,2019,2019-10-11,2019-09-01,item_1a,48937,0000909832-19-000019,120,0.0984163381624966,0.370788300561253,0.5307953584939241,-0.2723719623987563,0.375,0.0583333333333333,0.5666666666666667,1625,122,73,0.075076923076923,0.0449230769230769,-0.2512820512820513,-0.2512820499934254,284,-0.04362889083568,0.0166666666666666,0.0219663644519945,-0.0045187812818893,0.1108801108801109,2019-10-11,0.0130826587707362,-0.0276560577211686,0.0098163972650116,-0.102517729411522,0.0601011310432466,0.091887738490982,0.1112369613443144,0.2035094074945617,-0.0922724461502473,0.2377775525908629,19.97181554922489,Consumer Staples,10.798289035567299,8,0.3014357717344311,-0.7351887584633336,-1.110593673292846,-0.5276422875048132,-0.5054584440359876,-0.4885325913176124,0.8607704626741706,-0.7099250002405372,-0.15782002959934688
COST,2020,2020-10-07,2020-08-30,item_1a,56299,0000909832-20-000017,120,0.1274135362512121,0.3581500573044953,0.5144364011008292,-0.2307365210532831,0.3833333333333333,0.0833333333333333,0.5333333333333333,1485,102,43,0.0686868686868686,0.0289562289562289,-0.4068965517241379,-0.4068965489179548,317,0.0416354413454731,0.0083333333333333,-0.0126382432567576,-0.0063900543900543,-0.1556145004420866,2020-10-07,0.063220323960325,0.0354002046299537,0.042043751471501,-0.0752115744350099,0.0307350151054135,-0.185949695084161,0.1984469727460504,0.1807942854233073,0.0176526873227431,0.1854602712163948,20.38219475679368,Consumer Staples,10.938432051980692,8,0.6875427377429781,-0.6466275242770185,-1.5024515842944755,0.7311843203789328,-0.6826575574015005,-0.7155482776175739,0.5670370484688322,-0.17032932930005135,0.07562615751365723
COST,2021,2021-10-06,2021-08-29,item_1a,59590,0000909832-21-000014,120,0.1507952347785855,0.3398398301059691,0.50936493370682,-0.1890445953273835,0.3583333333333333,0.1166666666666666,0.525,1604,130,53,0.0810473815461346,0.0330423940149625,-0.4207650273224044,-0.4207650250231419,335,0.0416919257258996,-0.025,-0.0183102271985262,0.0123605128592659,-0.0138684755982664,2021-10-06,0.1493617553439081,0.0757584141441825,0.2258193192319773,0.1450523299092709,0.3055234509178868,0.2719965000118522,0.2379555441277751,0.1603858009805134,0.0775697431472617,0.2486669223369184,20.465014644499085,Consumer Staples,10.995243053741024,8,1.074173512603997,-0.9123112268359648,-0.7444666827137683,0.7320182451771666,1.0929164500388895,-0.9195113506571853,0.9219084207259084,-0.06143187043909657,0.17026028261268145
COST,2022,2022-10-05,2022-08-28,item_1a,57932,0000909832-22-000021,120,0.115815808395079,0.3023763752426021,0.5818078134364139,-0.186560566847523,0.3166666666666666,0.0583333333333333,0.625,1651,129,48,0.0781344639612356,0.0290732889158086,-0.4576271186440678,-0.4576271160586038,331,0.0024840284798604,-0.0416666666666666,-0.0374634548633669,-0.002912917584899,-0.0368620913216634,2022-10-05,0.0142568973915977,0.0303801835160505,-0.0610371088190848,-0.071730018916335,0.0153747641219261,-0.0788942577964992,0.2842062704383218,0.2668652961059271,0.0173409743323946,-0.1519108817803902,20.87752601246773,Consumer Staples,10.967025187920747,8,1.097209192516203,-1.3551173977675417,-0.9230958038547407,0.1531602041897105,-0.35339211975070595,0.1446482689540649,-1.3271206374941598,0.48096731612862426,0.12325577712395437
COST,2023,2023-10-11,2023-09-03,item_1a,57240,0000909832-23-000042,120,0.1203811662310423,0.3386687440526051,0.5409500822114448,-0.2182875778215627,0.35,0.0916666666666666,0.5583333333333333,1460,125,44,0.0856164383561643,0.0301369863013698,-0.4792899408284023,-0.4792899379923672,336,-0.0317270109740396,0.0333333333333333,0.036292368810003,0.0074819743949287,-0.0216628221843345,2023-10-11,-0.0021505117923826,0.0035334331737594,0.2204022464419812,0.1242313908196957,0.3269458487452055,0.147731390239588,0.2020065239599763,0.1400105029527596,0.0619960210072167,0.1317088795962073,20.597948399796373,Consumer Staples,10.955008233670387,8,0.8029882223081324,-1.00087246102228,-0.4642779789035705,-0.35192516558052545,0.630946101281076,-1.1231427575599149,0.26525187607279416,0.11335885374313201,0.10323828198040211
CRM,2014,2014-03-05,2014-01-31,item_1a,65737,0001193125-14-084762,120,0.1035669218826418,0.3396773238006669,0.5567557609795283,-0.236110401918025,0.3416666666666667,0.0666666666666666,0.5916666666666667,982,85,34,0.0865580448065173,0.0346232179226069,-0.4285714285714285,-0.428571424969988,598,,,,,,2014-03-05,-0.1246860343802107,-0.1338071003148855,-0.1980213218732633,-0.231537121331794,-0.0730215046948583,-0.1507837930204953,0.4137567551902377,0.3190310549420235,0.0947257002482142,0.2837369725647694,19.284415129719893,Technology,11.093417211859927,9,0.6377079631056614,-1.0894336952085948,-0.4065357573044448,,,0.665994599666552,1.1188079024869502,-1.6137677966750847,0.3337959583275706
CRM,2015,2015-03-06,2015-01-31,item_1a,67250,0001108524-15-000008,120,0.10833796520407,0.453957459621597,0.4377045775298029,-0.3456194944175271,0.4833333333333333,0.0916666666666666,0.425,1427,136,51,0.0953048353188507,0.035739313244569,-0.4545454545454545,-0.4545454521147302,390,-0.109509092499502,0.1416666666666666,0.1142801358209301,0.0087467905123334,-0.0259740259740259,2015-03-06,0.0563817390531806,0.0529825611517726,0.139250413044996,0.1237977834227399,0.0571560744453563,0.1059348381922556,0.3312900426689061,0.3899179776566268,-0.0586279349877206,0.1111301029675635,19.38588554354323,Technology,11.116172297464086,9,-0.3778264491392385,0.41610728595876517,0.1298445062918186,-1.5002852281774604,0.7507171243330255,1.3744408655183524,0.14971310646366662,-1.4803473040726827,0.37170072238696
CRM,2016,2016-03-07,2016-01-31,item_1a,74011,0001108524-16-000053,120,0.0916683458257466,0.4138717267196625,0.4944599283083031,-0.3222033808939158,0.4333333333333333,0.0666666666666666,0.5,1441,140,54,0.0971547536433032,0.0374739764052741,-0.4432989690721649,-0.4432989667871187,426,0.0234161135236112,-0.0499999999999999,-0.0400857329019345,0.0018499183244525,0.0112464854732896,2016-03-07,0.0722087446120907,0.0378370752439245,0.1750599335553142,0.1159838862413484,0.0653992269003531,-0.0345441805554986,0.1871747705229473,0.5077299153144645,-0.3205551447915172,0.0453075235444724,19.35643315471739,Technology,11.21196900978784,9,-0.16067672630349725,-0.11526011915912669,0.2432872230348633,0.46219758168978675,0.0976218431817934,2.5518572931222288,-0.21984529714218526,-1.5190733925688067,0.5312761175959101
CRM,2017,2017-03-06,2017-01-31,item_1a,82197,0001108524-17-000006,120,0.0934709649843474,0.4715696036078346,0.4349594296577076,-0.3780986386234872,0.5,0.0583333333333333,0.4416666666666666,1539,147,54,0.0955165692007797,0.0350877192982456,-0.4626865671641791,-0.4626865648622559,464,-0.0558952577295713,0.0666666666666666,0.057697876888172,-0.0016381844425235,-0.0193875980920141,2017-03-06,0.0056971405073575,0.0107688972824775,0.1076364242564338,0.0767522348978286,0.1637577457469254,0.1115004856345507,0.1259307569055784,0.2057014590336799,-0.0797707021281015,0.0352557734722573,19.604773026038394,Technology,11.316874084027898,9,-0.6790223395313262,0.5932297543313965,0.14282868320118833,-0.7087406276089514,-0.23268200981486886,-0.4666251552493931,-0.2762804709486628,-1.1925385267294635,0.706023958886186
CRM,2018,2018-03-09,2018-01-31,item_1a,89151,0001108524-18-000011,120,0.1019753353631434,0.4099331375405503,0.4880915217567235,-0.3079578021774068,0.4333333333333333,0.0833333333333333,0.4833333333333333,1689,157,59,0.0929544108940201,0.0349319123741859,-0.4537037037037037,-0.4537037016032236,483,0.0701408364460803,-0.0666666666666666,-0.0616364660672843,-0.0025621583067595,0.0089828634604753,2018-03-09,-0.0621615739051715,-0.0167712641983244,0.0480340348471104,0.0464772486103532,0.1806764437437145,0.1405910367729439,0.2665423625129046,0.2238776754232038,0.0426646870897008,0.318722509226468,19.783991272054376,Technology,11.398086840278292,9,-0.028570112334212475,-0.11526011915912669,-0.014290793481973523,1.152032627085251,-0.32017717489853725,-0.2849714434594783,1.3152328860003686,-0.9568896733758003,0.8413058214919384
CRM,2019,2019-03-08,2019-01-31,item_1a,89658,0001108524-19-000009,120,0.1316239284041027,0.4675510587131915,0.4008250162160645,-0.3359271303090888,0.475,0.1083333333333333,0.4166666666666667,1628,156,58,0.0958230958230958,0.0356265356265356,-0.4579439252336448,-0.45794392309372,486,-0.0279693281316819,0.0416666666666666,0.0576179211726412,0.0028686849290756,-0.0042402215299411,2019-03-08,0.021991463975973,-0.0348549348116085,0.0400490770326413,-0.0126250040907718,-0.0257320060056891,-0.1217709454827822,0.2974188311788656,0.3599933908247763,-0.0625745596459107,0.0155994681264963,20.413108981402942,Technology,11.403757710969447,9,-0.2879441474648709,0.32754605177245016,0.16162584431363874,-0.2964474408984376,0.19409335141750605,1.0753735483555629,-0.3866400601357781,-0.12968111549686215,0.850752194021526
CRM,2020,2020-03-05,2020-01-31,item_1a,97514,0001108524-20-000014,120,0.1249317796008351,0.4725701687353042,0.4024980420712382,-0.3476383891344691,0.5083333333333333,0.0916666666666666,0.4,1584,158,50,0.0997474747474747,0.0315656565656565,-0.5192307692307693,-0.5192307667344674,522,-0.0117112588253803,0.0333333333333333,0.0050191100221126,0.0039243789243789,-0.0612868439971244,2020-03-05,-0.2080777742316611,-0.0334743808800218,0.0108491937629562,-0.024629472181556,0.6314270675289251,0.4366021839243239,0.7052966498234104,0.2583918626880401,0.4469047871353703,0.1503307419017938,20.456822716601987,Technology,11.487751236421508,9,-0.3965487032731895,0.6817909885177115,0.40228090504041375,-0.056416355073381025,0.2940616773325204,0.05996449324533004,0.36980362360589547,-0.07220319790502244,0.9906661816091984
CRM,2021,2021-03-17,2021-01-31,item_1a,133254,0001108524-22-000008,120,0.1121231243091945,0.4907969038079803,0.3970799764307837,-0.3786737794987857,0.5166666666666667,0.0916666666666666,0.3916666666666666,1664,145,56,0.087139423076923,0.0336538461538461,-0.4427860696517413,-0.4427860674488255,679,-0.0310353903643165,0.0083333333333334,0.018226735072676,-0.0126080516705516,0.076444699579028,2021-03-17,0.0881664106850772,0.0343813207189511,0.1373407325815059,0.0713074954820782,0.2019520298731858,0.0671362873564647,0.264959094836814,0.2716111351743842,-0.0066520403375701,-0.1303923767719277,20.977056670585004,Technology,11.800012360339263,9,-0.6843559181175698,0.7703522227040276,-0.370883842526145,-0.3417142086210495,-1.2714671759471108,0.19207834262108542,-1.2063057981394718,0.6118372804333726,1.510821738609573
CRM,2022,2022-03-11,2022-01-31,item_1a,125473,0001108524-22-000013,120,0.1245891933950285,0.4574558696903599,0.4179549313305566,-0.3328666762953313,0.525,0.0833333333333333,0.3916666666666666,1617,149,51,0.0921459492888064,0.0315398886827458,-0.49,-0.48999999755,656,0.0458071032034543,0.0083333333333333,-0.0333410341176204,0.0050065262118833,-0.0472139303482587,2022-03-11,-0.0123800181535632,-0.0628876267425465,-0.0982820472676626,-0.0291054126662424,-0.1630622827870895,-0.1486778196318057,0.5082419433456312,0.430184714270826,0.0780572290748052,-0.2323770620629939,20.991547306065502,Technology,11.739845874965935,9,-0.25956297566328845,0.8589134568903427,-0.06386816112334122,0.7927739536005164,0.39653498229264617,1.7768679719568528,-1.778894988942133,0.6308905951000107,1.4105981458694115
CRM,2023,2023-03-08,2023-01-31,item_1a,128337,0001108524-23-000011,120,0.1202068304410204,0.4446563880424946,0.4351367808102319,-0.3244495576014742,0.4583333333333333,0.0916666666666666,0.45,1694,153,54,0.0903187721369539,0.0318772136953955,-0.4782608695652174,-0.4782608672547784,662,0.0084171186938571,-0.0666666666666667,-0.0127994816478652,-0.0018271771518524,0.0117391304347825,2023-03-08,0.0524733391374387,0.0228139745167246,0.1245149610437339,0.0511721304583159,0.2163432621107119,0.0927932718474491,0.2652681153814841,0.4084814755175743,-0.1432133601360902,0.1927905214637242,20.840417702192003,Technology,11.762414895622227,9,-0.18150668380240415,0.15042358339981954,-0.17591631878366015,0.24075523528061965,-0.25057856397337297,1.55996508122855,0.6081924635737609,0.43217467943700527,1.448192968315251
CSCO,2014,2014-09-09,2014-07-26,item_1a,81278,0000858877-14-000029,120,0.1573341303970664,0.4243840275254721,0.4182818524694691,-0.2670498971284056,0.4333333333333333,0.1416666666666666,0.425,1592,135,62,0.0847989949748743,0.0389447236180904,-0.3705583756345177,-0.3705583737535108,446,,,,,,2014-09-09,-0.0004849433187416,0.0083494483976516,0.1036819159167499,0.0622627582127743,0.1533065717687516,0.1168335049695603,0.1774798498659329,0.1191498916527814,0.0583299582131514,0.1689876533968948,20.44938635991144,Technology,11.305630656210356,10,0.35079003358514577,-0.11526011915912669,-0.5144061368505455,,,-1.331624401464185,0.47455215349906527,-0.08198104679156999,0.6872949817222939
CSCO,2015,2015-09-08,2015-07-25,item_1a,82396,0000858877-15-000070,120,0.141099103159892,0.4556800078290204,0.4032208924336979,-0.3145809046691283,0.475,0.125,0.4,1647,138,69,0.0837887067395264,0.0418943533697632,-0.3333333333333333,-0.3333333317230273,452,-0.0475310075407227,0.0416666666666666,0.0312959803035482,-0.0010102882353479,0.0372250423011844,2015-09-08,0.0555930195024669,0.0403130464150496,0.053676485361918,-0.0071208119591799,0.0665227768400869,0.0453541466851836,0.2199282008778324,0.2354475414170684,-0.0155193405392359,-0.1173884178602687,20.38153389010752,Technology,11.319292171029959,10,-0.08998956475272918,0.32754605177245016,-0.5763601380604753,-0.5852524066451257,-0.17322374543239685,-0.16934181748799393,-1.1332955585215618,-0.17119828366309972,0.7100519383402142
CSCO,2016,2016-09-08,2016-07-30,item_1a,82913,0000858877-16-000117,120,0.1687812697103557,0.4018150402892691,0.4294036874547601,-0.2330337705789134,0.4166666666666667,0.15,0.4333333333333333,1658,128,80,0.0772014475271411,0.0482509047044632,-0.2307692307692307,-0.2307692296597633,455,0.0815471340902149,-0.0583333333333332,-0.0538649675397512,-0.0065872592123852,0.1025641025641025,2016-09-08,0.0082644028188425,0.0191737217795581,-0.040434957751862,-0.0734980461842077,0.1070777977611041,0.0073628809229979,0.1768852463306327,0.1597758755655518,0.0171093707650809,0.1725093558287873,20.302954072034797,Technology,11.32554714426942,10,0.6662391556061666,-0.2923825875317567,-0.9803112590726969,1.3204330661031989,-0.7013317528013939,-0.925606965562311,0.4943246197274012,-0.2745205984229771,0.7204712920163097
CSCO,2017,2017-09-07,2017-07-29,item_1a,82972,0000858877-17-000016,120,0.1593460117311527,0.4353132671133304,0.4053407197352499,-0.2759672553821777,0.4416666666666666,0.15,0.4083333333333333,1585,121,60,0.0763406940063091,0.0378548895899053,-0.3370165745856354,-0.3370165727236653,453,-0.0429334848032643,0.0249999999999999,0.0334982268240613,-0.0008607535208319,-0.1062473438164046,2017-09-07,0.0718400424748337,0.0363462780897949,0.1880753247647359,0.1164732093692344,0.4516180221742458,0.3105868194932197,0.1599047771956453,0.1647992420308873,-0.004894464835242,-0.0462087539089891,20.22922718781664,Technology,11.326258480466036,10,0.2680947617467564,-0.026698884972811674,-1.0330953288116795,-0.5173754432747092,-0.15906364303260118,-0.8754032738503706,-0.7336600047406375,-0.3714619317613122,0.7216562152975788
CSCO,2018,2018-09-06,2018-07-28,item_1a,84446,0000858877-18-000011,120,0.1518004205310717,0.4544962588697672,0.3937033161520958,-0.3026958383386954,0.4833333333333333,0.1416666666666666,0.375,1630,124,50,0.0760736196319018,0.0306748466257668,-0.425287356321839,-0.4252873538776588,458,-0.0267285829565177,0.0416666666666666,0.0191829917564367,-0.0002670743744073,-0.0882707817362036,2018-09-06,0.024860319617443,0.0215185607655801,0.0303966413929344,0.0897335993559108,0.1141229943150603,0.1378123116375362,0.2902979447946198,0.1791437866020428,0.1111541581925769,0.0864563357370351,20.60049213240901,Technology,11.343867555809261,10,0.020226797878736363,0.41610728595876517,-1.0494731559863901,-0.2781293118502714,-0.10284554322076035,-0.7320434177920923,0.011183165695990652,0.11670353368912735,0.7509889041654679
CSCO,2019,2019-09-05,2019-07-27,item_1a,83030,0000858877-19-000012,120,0.1420469929852212,0.4425900207677235,0.4153629845008254,-0.3005430277825022,0.45,0.1166666666666666,0.4333333333333333,1525,149,66,0.0977049180327868,0.0432786885245901,-0.386046511627907,-0.3860465098323418,448,0.0021528105561932,-0.0333333333333333,-0.0119062381020436,0.021631298400885,0.039240844693932,2019-09-05,-0.0111541904098138,-0.0040669081592065,-0.0866910197345978,-0.1373195552611206,-0.1682269409603368,-0.1765638719564829,0.2246522606434856,0.3027946857093591,-0.0781424250658735,-0.0725735402174757,20.74516814521633,Technology,11.326957267256077,10,0.040190922801680316,0.06186234921350453,0.2770250060349696,0.14827016488893427,1.97080806885644,0.5037277849511977,-0.8816841087026844,0.3069338103696876,0.7228202341400076
CSCO,2020,2020-09-03,2020-07-25,item_1a,90502,0000858877-20-000010,120,0.1052315830408285,0.4489363363982799,0.4458320779260248,-0.3437047533574514,0.5,0.05,0.45,1749,158,66,0.0903373356203545,0.0377358490566037,-0.4107142857142857,-0.4107142838807398,488,-0.0431617255749491,0.0499999999999999,0.0063463156305563,-0.0073675824124323,-0.0246677740863787,2020-09-03,-0.0494318535433393,-0.0370692775958799,0.0871027089804072,0.021183202397351,0.1803925660923275,0.066053106303441,0.2563197286368429,0.333036219620531,-0.0767164909836881,0.0907128407712702,20.610221642620647,Technology,11.413127228891343,10,-0.36007006569506,0.5932297543313965,-0.17477794853166465,-0.5207451472183267,-0.7752240021922261,0.8059626817777559,0.03508115357764404,0.12949658337035727,0.8663596662304969
CSCO,2021,2021-09-09,2021-07-31,item_1a,82408,0000858877-21-000013,120,0.1698068463243544,0.4919004359398968,0.3382927152793854,-0.3220935896155424,0.5416666666666666,0.1583333333333333,0.3,1849,169,67,0.0914007571660357,0.0362358031368307,-0.4322033898305085,-0.4322033879991382,418,0.0216111637419089,0.0416666666666666,0.0429640995416169,0.0010634215456812,-0.0214891041162227,2021-09-09,-0.053718486687205,-0.0320754906346383,-0.0203889964027574,-0.0694873061093537,-0.0545367566414264,-0.0085717982505996,0.2146570475274084,0.1536991998606325,0.0609578476667758,0.2324028363618944,20.580403343104567,Technology,11.319437798563529,10,-0.15965857503580172,1.0360359252629727,-0.10956564829626513,0.4355496416546329,0.023144990361645034,-0.9863374648855041,0.8305943199763159,0.0902893695619275,0.7102945204775236
CSCO,2022,2022-09-08,2022-07-30,item_1a,88151,0000858877-22-000013,120,0.1579973840930809,0.4520209568669088,0.3899816643912345,-0.2940235727738278,0.4833333333333333,0.1416666666666666,0.375,1771,132,70,0.0745341614906832,0.0395256916996047,-0.3069306930693069,-0.3069306915498481,430,0.0280700168417146,-0.0583333333333332,-0.039879479072988,-0.0168665956753524,0.1252726967612015,2022-09-08,-0.104164457938676,-0.0140007100356498,0.0717993557657379,0.0857986142312083,0.0888840077566763,0.1166212748843188,0.2847866447254363,0.2353179940061762,0.0494686507192601,-0.1592598131591314,20.731040912433457,Technology,11.38680653206116,10,0.1006491985418553,0.41610728595876517,-1.1438774934880052,0.530906937377932,-1.6747275116971954,-0.17063651862584475,-1.3683809371107956,0.2883583233288911,0.8225154100241181
CSCO,2023,2023-09-07,2023-07-29,item_1a,83399,0000858877-23-000023,120,0.1285294977715239,0.4708827928795169,0.4005877145876487,-0.342353295107993,0.5083333333333333,0.0916666666666666,0.4,1691,162,72,0.0958013010053222,0.0425783560023654,-0.3846153846153846,-0.3846153829717291,411,-0.0483297223341651,0.0249999999999999,0.0188618360126081,0.021267139514639,-0.0776846915460777,2023-09-07,-0.05201572305278,-0.0210053744968268,-0.1539971580779859,-0.1798802261177767,-0.1152410718803856,-0.2742993481616514,0.2447860678745569,0.1669396966502707,0.0778463712242862,0.1863843754284928,20.528730761930504,Technology,11.33139159786728,10,-0.34753729487474233,0.6817909885177115,0.16028931863762683,-0.5970444820461209,1.9363242559456448,-0.8540114991159454,0.5722253969106827,0.022346597136812297,0.7302068139359646
CVX,2014,2015-02-20,2014-12-31,item_1a,12010,0000093410-15-000010,49,0.0843773877666312,0.3577007479509528,0.5579218699463776,-0.2733233601843216,0.3877551020408163,0.0408163265306122,0.5714285714285714,983,66,26,0.0671414038657172,0.0264496439471007,-0.4347826086956521,-0.4347826039697543,49,,,,,,2015-02-20,-0.0246776035812049,-0.0232450068549094,-0.0189578714858835,-0.0341681274862486,-0.2537939765823633,-0.2284060924049481,0.1783883755310066,0.3037064107667825,-0.1253180352357759,-0.1347711671766249,20.402315130566755,Energy,9.39349491507403,11,0.29261296835872463,-0.5996358489944837,-1.5972242699989145,,,0.5128395955317702,-1.2308903526474777,-0.1438736356746966,-2.4978854820265455
CVX,2015,2016-02-25,2015-12-31,item_1a,14392,0000093410-16-000049,57,0.0627897452693759,0.3662775250543889,0.5709327362608492,-0.303487779785013,0.3684210526315789,0.0,0.631578947368421,1185,85,33,0.0717299578059071,0.0278481012658227,-0.4406779661016949,-0.4406779623671359,57,-0.0301644196006914,-0.0193340494092373,0.008576777103436,0.0045885539401899,-0.0058953574060427,2016-02-25,0.109964617119493,0.0652248893093501,0.2056946836551838,0.129907285086785,0.2235474584243326,0.0978824668922575,0.2109117104543493,0.388614851558449,-0.1777031411040997,0.2119543130795678,20.51932622300714,Energy,9.574427775630369,11,0.012882715548566483,-0.8051055222946354,-1.3158399418279918,-0.3288553596288275,0.3569553422966072,1.3614173799044411,0.7157868528951538,0.009980842740283316,-2.1964927512198065
CVX,2016,2017-02-23,2016-12-31,item_1a,18404,0000093410-17-000013,73,0.0744157823006788,0.3925529795201266,0.533031238472625,-0.3181371972194477,0.4246575342465753,0.0136986301369863,0.5616438356164384,1506,120,42,0.0796812749003984,0.0278884462151394,-0.4814814814814814,-0.4814814785093736,73,-0.0146494174344347,0.0562364816149963,0.0262754544657376,0.0079513170944912,-0.0408035153797865,2017-02-23,-0.0272924783770528,-0.0206835110898294,-0.0335028013705688,-0.0555666651726344,-0.0202076197526079,-0.0641164473290056,0.1480159370575055,0.1325013020605962,0.0155146349969092,0.1041016868155069,20.322492157134597,Energy,9.82032331127536,11,-0.12296890356768617,-0.20746085612022191,-0.8282405700279059,-0.09979477768744949,0.6753902339221989,-1.1981899613016034,0.11025232756686715,-0.2488305392194986,-1.786887073437729
CVX,2017,2018-02-22,2017-12-31,item_1a,18839,0000093410-18-000010,76,0.0669320039573664,0.3953015562637071,0.5377664473888121,-0.3283695523063407,0.4210526315789473,0.0,0.5789473684210527,1527,127,43,0.08316961362148,0.0281597904387688,-0.4941176470588235,-0.4941176441522492,76,-0.010232355086893,-0.0036049026676279,0.0027485767435805,0.0034883387210816,-0.012636165577342,2018-02-22,0.0281189848509324,0.0699698123638923,0.1813838104000069,0.1663881289572555,0.1020757136039012,0.0347443377251242,0.2046184335325568,0.2368720919486165,-0.0322536584160597,0.0510186738911777,20.19318023718432,Energy,9.843684468165375,11,-0.21785882066837078,-0.2457714116442234,-0.6143248440152058,-0.03458209766606076,0.25277110511253714,-0.15510481204404697,-0.18778025770769294,-0.4188590175616347,-1.7479727333436368
CVX,2018,2019-02-22,2018-12-31,item_1a,19061,0000093410-19-000008,77,0.0663137888632618,0.4086959534506132,0.5249902643021438,-0.3423821645873514,0.4415584415584415,0.0,0.5584415584415584,1544,134,43,0.0867875647668393,0.0278497409326424,-0.5141242937853108,-0.5141242908806537,77,-0.0140126122810106,0.0205058099794941,0.013394397186906,0.0036179511453593,-0.0200066467264872,2019-02-22,0.0293153959734695,0.0252708976314399,-0.0030180188745574,-0.018217288739613,0.0060347111085365,-0.0510544990774219,0.1955177986636097,0.2607282052240381,-0.0652104065604284,0.0319632113884535,20.4163648339924,Energy,9.855399641729074,11,-0.3478050164774225,-0.0278490308713353,-0.39246088302404136,-0.09039310584341737,0.26504467788123104,0.08331397834066118,-0.29476643728617813,-0.1254000897282811,-1.7284579357475487
CVX,2019,2020-02-21,2019-12-31,item_1a,20858,0000093410-20-000010,96,0.0672606060203785,0.4174649069900624,0.5152744984564682,-0.3502043009696838,0.4479166666666667,0.0208333333333333,0.53125,1685,148,48,0.087833827893175,0.0284866468842729,-0.5102040816326531,-0.510204079029571,96,-0.0078221363823324,0.0063582251082251,0.0087689535394492,0.0010462631263356,0.0039202121526576,2020-02-21,-0.5026143618348524,-0.1751016444797447,-0.1432784034215316,-0.032729351210726,-0.1991953765235844,-0.2240441783177725,1.0463874467165504,0.1659411188323723,0.8804463278841781,-0.033943995193039,20.322169468476503,Energy,9.945492846681159,11,-0.4203437298593047,0.03972204066692577,-0.32830079016441704,0.0010019192200836316,0.021520183869462008,-0.8639913190765433,-0.6647999768990754,-0.2492548331402385,-1.5783832783075034
CVX,2020,2021-02-25,2020-12-31,item_1a,29868,0000093410-21-000009,119,0.0604497443634171,0.50590613685517,0.4336441241345611,-0.4454563924917528,0.5462184873949579,0.0084033613445378,0.4453781512605042,2373,208,69,0.0876527602191319,0.0290771175726927,-0.5018050541516246,-0.501805052340054,119,-0.0952520915220689,0.0983018207282912,0.0884412298651076,-0.0001810676740431,0.0083990274810284,2021-02-25,0.0501222593273256,0.011027863118489,0.0297463900395398,-0.0699385049131224,-0.0126012095763253,-0.1944436250745141,0.2588552229832951,0.3481431052511536,-0.0892878822678585,0.2191738952692914,20.59928040824296,Energy,10.304542952155593,11,-1.3036656036060124,1.0844097086420523,-0.3394044203010998,-1.2897975398333255,-0.09470118899393427,0.9569413997671606,0.7563209263410742,0.11511027286520105,-0.9802879878630618
CVX,2021,2022-02-24,2021-12-31,item_1a,29429,0000093410-22-000019,105,0.0641313247471338,0.4389278681416597,0.4969408076788698,-0.3747965433945258,0.4761904761904761,0.0095238095238095,0.5142857142857142,2272,200,63,0.0880281690140845,0.0277288732394366,-0.5209125475285171,-0.520912545547861,105,0.070659849097227,-0.0700280112044817,-0.0669782687135103,0.0003754087949525,-0.0191074933768925,2022-02-24,0.2555428335055647,0.1953128920098441,0.3114796785710836,0.3808129696993294,0.2419898260122706,0.2552255131299022,0.358215987891013,0.2271774547312064,0.1310385331598065,0.4161518677215701,20.81307266252502,Energy,10.28973586171716,11,-0.6484003038539211,0.3401976566562089,-0.3163831911875067,1.1596952325191814,-0.04200597497918932,-0.2519933391862639,1.8622463653469563,0.39621948298976206,-1.00495321124382
CVX,2022,2023-02-23,2022-12-31,item_1a,32704,0000093410-23-000009,113,0.0729356717104009,0.4172416265674792,0.5098227048210339,-0.3443059548570782,0.4513274336283185,0.0176991150442477,0.5309734513274337,2388,208,70,0.0871021775544388,0.0293132328308207,-0.4964028776978417,-0.4964028759122199,113,0.0304905885374475,-0.0248630425621576,-0.0216862415741804,-0.0009259914596456,0.0245096698306753,2023-02-23,-0.0362502692792504,-0.0277652746088088,-0.0192672162831337,-0.0492151840848094,-0.0056235527261297,-0.1042769799217163,0.2368988597762922,0.2726966649484731,-0.0357978051721808,0.0389987576345143,21.123303826461843,Energy,10.395252673563377,11,-0.36564531791959165,0.0759694484644211,-0.3731678532315215,0.5666438038839056,-0.16524131152211272,0.20292716332699293,-0.2552656267439942,0.8041334073887633,-0.8291863551262189
CVX,2023,2024-02-26,2023-12-31,item_1a,35048,0000093410-24-000013,120,0.0815381233813241,0.3778169781512891,0.5406448973342777,-0.296278854769965,0.4083333333333333,0.0416666666666666,0.55,2248,170,72,0.0756227758007117,0.0320284697508896,-0.4049586776859504,-0.4049586760125674,136,0.0480271000871132,-0.0429941002949852,-0.0394246484161901,-0.0114794017537271,0.0914442000118913,2024-02-26,0.0053092076482061,-0.0232132590864455,0.0316798182569735,-0.0179162891944559,-0.0179453696424674,-0.1332783126622134,0.151166380310742,0.1946668332166721,-0.0435004529059301,-0.0079338380108382,20.909564699983036,Energy,10.464473829493734,11,0.07973480299607781,-0.38094382171807234,-1.0771202949768024,0.8255495712014543,-1.164590331680653,-0.576905573072081,-0.5187669248667914,0.5230940534657654,-0.713879753819525
DIS,2019,2019-11-20,2019-09-28,item_1a,37786,0001744489-19-000225,120,0.096156152357192,0.5028040757868439,0.401039766271909,-0.4066479234296518,0.55,0.0416666666666666,0.4083333333333333,1676,122,82,0.0727923627684964,0.048926014319809,-0.196078431372549,-0.1960784304113802,192,,,,,,2019-11-20,0.005648929154832,-0.0314749979577313,-0.0893153616392183,-0.1319035838655071,-0.1919479727429059,-0.1529106275287849,0.1922707312843858,0.2413783700912118,-0.049107638806826,0.1154194867224702,20.78206916669181,Communication,10.539693942633264,12,-0.943774612643008,1.124597159449289,-1.2506899816138872,,,-0.11006891824647978,0.17379569068946957,0.3554538890535299,-0.5885802629420489
DIS,2020,2020-11-25,2020-10-03,item_1a,54141,0001744489-20-000197,120,0.1230483195123573,0.5281981782483247,0.3487534985722353,-0.4051498587359674,0.5666666666666667,0.0833333333333333,0.35,1697,133,64,0.0783736004714201,0.0377136122569239,-0.350253807106599,-0.3502538053286609,269,0.0014980646936843,0.0166666666666666,0.0253941024614807,0.0055812377029237,-0.1541753757340499,2020-11-25,0.1996781293585983,0.1690808837122928,0.3078005706733113,0.2289923516435905,0.198269549456048,0.0313030454178235,0.3986000625790913,0.3678080897285109,0.0307919728505803,0.29755890233338,21.05865217839515,Communication,10.899347033629407,12,-0.9298822844948911,1.301719627821919,-0.9084312129756766,0.13860361978098837,0.4509569510629853,1.1534739093967175,1.1964106088045943,0.7191248378205606,0.010519463360346084
DIS,2021,2021-11-24,2021-10-02,item_1a,55550,0001744489-21-000220,120,0.1069539584762727,0.555372835121428,0.3376732079933087,-0.4484188766451552,0.5916666666666667,0.0916666666666666,0.3166666666666666,1777,160,60,0.0900393922341024,0.0337647720877884,-0.4545454545454545,-0.4545454524793388,274,-0.0432690179091878,0.025,0.0271746568731032,0.0116657917626822,-0.1042916474388555,2021-11-24,0.0096471224652125,-0.0105828291839416,-0.0119597489231608,0.0522700476971133,-0.3021672280896093,-0.1712826392569154,0.2899768037249877,0.2602751132209911,0.0297016905039965,-0.144160449030694,21.098316756276528,Communication,10.925038795067776,12,-1.3311382502588371,1.5674033303808652,-0.19304875904545488,-0.5223291911169486,1.0271302418078172,0.07878576177611521,-1.2836061234879301,0.7712786363555066,0.053316057165007764
DIS,2022,2022-11-29,2022-10-01,item_1a,55915,0001744489-22-000213,120,0.094965088693425,0.5474921617695752,0.3575427520554513,-0.4525270730761501,0.575,0.0666666666666666,0.3583333333333333,1850,156,73,0.0843243243243243,0.0394594594594594,-0.3624454148471616,-0.3624454132644305,257,-0.0041081964309948,-0.0166666666666667,-0.0078806733518528,-0.005715067909778,0.0921000396982929,2022-11-29,-0.0793114194183715,-0.0539357227877519,0.0446720599661774,0.0335221572417636,-0.0644207604635411,-0.140690952793542,0.3075117279011415,0.4525084864438403,-0.1449967585426987,-0.1246799301127813,20.955006008517916,Communication,10.93158795946229,12,-1.369235678999341,1.3902808620082339,-0.5435144101428364,0.05583383206370112,-0.6187401071283242,1.9999724943434658,-1.1742334806073949,0.5828435069348031,0.06422546596612555
DIS,2023,2023-11-21,2023-09-30,item_1a,57909,0001744489-23-000216,120,0.1024308449549911,0.4948507585252324,0.4027183901673803,-0.3924199135702413,0.525,0.0666666666666666,0.4083333333333333,1969,149,93,0.0756729304215337,0.0472320975114271,-0.2314049586776859,-0.2314049577214671,255,0.0601071595059087,-0.0499999999999999,-0.0526414032443426,-0.0086513939027905,0.1310404561694756,2023-11-21,-0.0225527057931598,-0.0696472857022147,0.1444270783432393,0.0194706815985685,0.0692225661191607,-0.0994700284411433,0.3073795170387048,0.2697742503561225,0.0376052666825822,0.0349597809460378,20.816107837268444,Communication,10.966628091895984,12,-0.8118309237656963,0.8589134568903427,-1.0740446584105507,1.0038973026876776,-0.8967937809847036,0.17372045458669266,-0.2779423098864205,0.400210345884113,0.12259430604054943
GOOGL,2015,2016-02-11,2015-12-31,item_1a,61066,0001652044-16-000012,120,0.0974667863299449,0.3845929326295542,0.5179402758212139,-0.2871261462996093,0.3916666666666666,0.0583333333333333,0.55,1566,152,49,0.0970625798212005,0.0312899106002554,-0.5124378109452736,-0.5124378083958318,352,,,,,,2016-02-11,0.0621215345666952,-0.0452832355957568,0.030735008189471,-0.1046984849358299,0.1441757771879701,-0.0639652396210661,0.2091196333026865,0.2672383611772572,-0.0581187278745707,0.0239751321755483,20.958160412903407,Communication,11.019710525463898,13,0.16461259902871192,-0.5580662900907035,0.2376348390059553,,,0.14837669369846573,-0.3396152084475636,0.5869911414138749,0.21101748998683517
GOOGL,2016,2017-02-03,2016-12-31,item_1a,63444,0001652044-17-000008,120,0.0909055275299275,0.4650730723515153,0.4440214031220724,-0.3741675448215877,0.5,0.05,0.45,1728,184,41,0.1064814814814814,0.0237268518518518,-0.6355555555555555,-0.6355555527308642,349,-0.0870413985219784,0.1083333333333333,0.080480139721961,0.0094189016602809,-0.1231177446102819,2017-02-03,0.0378232974438781,0.0044228945941224,0.1586945100414574,0.1089742187429634,0.1532197742194694,0.0644512875128069,0.1271534493662382,0.1880685151976172,-0.060915065831379,0.0242076572173,20.92905927840584,Communication,11.05791290602345,13,-0.642567275002235,0.5932297543313965,0.8152310382295473,-1.1685764084026684,0.8143622966917321,-0.642849383051282,-0.3383097053211091,0.5487269070064553,0.27465391161173064
GOOGL,2017,2018-02-06,2017-12-31,item_1a,67956,0001652044-18-000007,120,0.1078702787868678,0.4771391600525627,0.4149905616107086,-0.3692688812656949,0.5083333333333333,0.0833333333333333,0.4083333333333333,1608,171,44,0.1063432835820895,0.0273631840796019,-0.5906976744186047,-0.5906976716711736,368,0.0048986635558928,0.0083333333333333,0.0120660877010474,-0.0001381978993919,0.0448578811369508,2018-02-06,0.0414504002474009,0.0229837876357827,-0.0238281723832299,-0.0195883707529891,0.158064594204621,0.0879079217481868,0.3086444744076133,0.2033461780372542,0.105298296370359,0.1232830190706126,21.058575595909392,Communication,11.126615715901805,13,-0.5971394360760589,0.6817909885177115,0.8067563153469361,0.1888094235559164,-0.0906416607373554,-0.49016391194881115,0.217945198149565,0.7190241417399054,0.3890970670433326
GOOGL,2018,2019-02-05,2018-12-31,item_1a,69139,0001652044-19-000004,120,0.1106612647961204,0.4417264244441564,0.4476123122498393,-0.3310651596480359,0.5,0.0833333333333333,0.4166666666666667,1628,193,56,0.1185503685503685,0.0343980343980344,-0.5502008032128514,-0.5502008010032097,367,0.0382037216176589,-0.0083333333333333,-0.0354127356084063,0.0122070849682789,0.0404968712057532,2019-02-05,-0.0008853939401637,-0.0078793002229436,0.0234316666321405,-0.0355145719135259,0.0166773470791017,-0.0469390321022891,0.2298875472815393,0.3251831817702978,-0.0952956344887584,-0.0803380168767807,21.42696279641949,Communication,11.14387424996344,13,-0.24285658071650498,0.5932297543313965,1.5553325438269696,0.680519053981327,1.0783876855684285,0.7274791600287659,-0.9252774717127191,1.2034057452884068,0.4178458343737305
GOOGL,2019,2020-02-04,2019-12-31,item_1a,69595,0001652044-20-000008,120,0.1034658854672064,0.4682849321591978,0.4282491821950922,-0.3648190466919914,0.5,0.0666666666666666,0.4333333333333333,1622,170,36,0.1048088779284833,0.0221948212083847,-0.6504854368932039,-0.6504854337355076,386,-0.0337538870439554,0.0,0.0265585077150414,-0.0137414906218851,-0.1002846336803525,2020-02-04,-0.0903895677882886,-0.0095532966798282,-0.0666869377956794,0.0584789177503339,0.0192957362466954,0.0059186299028817,0.6159095746094647,0.1617547539829564,0.4541548206265083,0.2393004613260623,21.23057005253439,Communication,11.1504480046615,13,-0.5558738202696492,0.5932297543313965,0.712661812022044,-0.38184958370969047,-1.3787975150375837,-0.9058299887702828,0.8693207766538178,0.9451746447598529,0.4287962049919245
GOOGL,2020,2021-02-03,2020-12-31,item_1a,77031,0001652044-21-000010,120,0.1259136601661642,0.5001693394927619,0.3739169969844321,-0.3742556793265976,0.5416666666666666,0.1,0.3583333333333333,1848,197,52,0.1066017316017316,0.0281385281385281,-0.5823293172690763,-0.5823293149304044,394,-0.0094366326346062,0.0416666666666666,0.031884407333564,0.0017928536732482,0.0681561196241276,2021-02-03,0.0185489814520651,0.0138875598243355,0.1242860190238412,0.0319417916537443,0.3126118314422814,0.1554594868396424,0.2474283611255356,0.27373812052746,-0.0263097594019244,0.2942892685075167,21.69977302218847,Communication,11.25196321721783,13,-0.6433845918176777,1.0360359252629727,0.8226051477507869,-0.022834200628634123,0.0922181393858093,0.21333550505956167,1.1780533723114002,1.5621159676832905,0.5978973126442378
GOOGL,2021,2022-02-02,2021-12-31,item_1a,78015,0001652044-22-000019,120,0.1297277810440088,0.4320896582251104,0.4381825603234271,-0.3023618771811016,0.45,0.1,0.45,1723,185,45,0.1073708647707487,0.0261172373766686,-0.6086956521739131,-0.6086956495274102,381,0.071893802145496,-0.0916666666666666,-0.0680796812676514,0.000769133169017,-0.0263663349048367,2022-02-02,-0.1087399237597118,-0.053683598804205,-0.1739121706639127,-0.1149701017429993,-0.2014188153475372,-0.113742608386232,0.3632273290724278,0.2388986618226889,0.1243286672497388,0.0148491752419246,21.95349075565225,Communication,11.264656394875283,13,0.02332379229398283,0.06186234921350453,0.8697707739717769,1.177913083879819,-0.0047224754781270886,-0.13485120524615196,-0.3908525513977337,1.8957220278659053,0.6190412411989065
GOOGL,2022,2023-02-03,2022-12-31,item_1a,72802,0001652044-23-000016,120,0.1181904916496326,0.4683170687252034,0.4134924456321945,-0.3501265770755708,0.5166666666666667,0.1,0.3833333333333333,1830,208,41,0.1136612021857923,0.0224043715846994,-0.6706827309236948,-0.6706827282301898,353,-0.0477646998944692,0.0666666666666667,0.036227410500093,0.0062903374150436,-0.0619870787497817,2023-02-03,-0.1042182135418356,-0.0700723757466976,0.0075396234808846,0.0030415051982148,0.2552967329645021,0.1540217720458483,0.337144655861496,0.3957578515462076,-0.0586131956847115,-0.0875679089255929,21.992603867154223,Communication,11.195498706334886,13,-0.4196229560192168,0.7703522227040276,1.2555137314637854,-0.5887025967237868,0.5181047338890863,1.4328047596145288,-0.9658694294758383,1.947150719315725,0.5038403620364297
GOOGL,2023,2024-01-31,2023-12-31,item_1a,76196,0001652044-24-000022,120,0.1381682174590726,0.4187098362444279,0.4431219446317603,-0.2805416187853552,0.4333333333333333,0.1166666666666666,0.45,1802,205,53,0.113762486126526,0.0294117647058823,-0.5891472868217055,-0.5891472845381889,366,0.0695849582902156,-0.0833333333333333,-0.0496072324807755,0.0001012839407337,0.0815354441019893,2024-01-31,-0.0211277045969331,-0.0831926771204167,0.1695931190935757,0.1301950516100603,0.2202426486892397,0.0885861057262522,0.3253302323552629,0.2058052251578337,0.1195250071974292,0.1411996561614033,21.9665671532402,Communication,11.241064246858588,13,0.22567432574449856,-0.11526011915912669,1.2617247761609462,1.143825746254271,-0.06796406784498962,-0.4655881131496161,0.31853748516248037,1.91291580230627,0.5797421227608032
GS,2014,2015-02-23,2014-12-31,item_1a,80309,0001193125-15-056785,120,0.0790636071702465,0.3431038701984411,0.5778325255960226,-0.2640402630281945,0.3583333333333333,0.05,0.5916666666666667,1152,124,34,0.1076388888888889,0.0295138888888888,-0.569620253164557,-0.5696202495593655,629,,,,,,2015-02-23,0.0082522778257478,0.0151548541631031,0.0953306572543946,0.0824022221226159,-0.0073207865671204,0.0472711483836578,0.1673560249338548,0.2195620901640551,-0.0522060652302002,0.1073794803750647,19.946004007099848,Financials,11.293636973355513,14,0.3786999260631972,-0.9123112268359648,0.8862068423714353,,,-0.32810154623059407,0.12865537657887194,-0.7438638454210289,0.6673162513969333
GS,2015,2016-02-22,2015-12-31,item_1a,89502,0001193125-16-470289,120,0.0890994798081616,0.3335437990531015,0.5773567239288241,-0.2444443192449398,0.3416666666666667,0.0583333333333333,0.6,1154,123,34,0.1065857885615251,0.0294627383015597,-0.5668789808917197,-0.5668789772810257,696,0.0195959437832546,-0.0166666666666666,-0.0095600711453395,-0.0010531003273637,0.0027412722728372,2016-02-22,0.0408628240874295,-0.0147640490443168,0.0429553204569441,-0.0174707841733257,0.1266661656398475,-0.006969498463379,0.2500023225307883,0.3377669288429391,-0.0877646063121507,-0.2638907781162186,20.05523694524676,Financials,11.402016250381985,14,0.5604232405213289,-1.0894336952085948,0.8216274711851451,0.4057973121658768,-0.17727781146552749,0.8532415472596011,-1.9558275658540651,-0.6002366356084945,0.8478513192968701
GS,2016,2017-02-27,2016-12-31,item_1a,92236,0001193125-17-056804,120,0.0813127138108636,0.3277438027008126,0.5909434840859225,-0.246431088889949,0.3166666666666666,0.0583333333333333,0.625,1151,128,30,0.1112076455256298,0.0260642919200695,-0.620253164556962,-0.6202531606313091,712,-0.0019867696450091,-0.025,-0.0057999963522888,0.0046218569641047,-0.0533741836652422,2017-02-27,-0.077810908514792,-0.0745795053922081,-0.1011340447951093,-0.124969472651878,-0.1023847037783852,-0.1433438331273985,0.2152757926635027,0.2183635173738952,-0.0030877247103924,0.5068781763105326,20.083079470433177,Financials,11.432105788868213,14,0.5419988987825861,-1.3551173977675417,1.1050540438480076,0.08715417923070078,0.36010895268321713,-0.34008012260298076,2.371625822382132,-0.5636273099371335,0.8979736030279393
GS,2017,2018-02-26,2017-12-31,item_1a,101324,0001193125-18-056383,120,0.0944266371972238,0.3724271448212676,0.5331462238604824,-0.2780005076240437,0.3833333333333333,0.075,0.5416666666666666,1138,147,39,0.1291739894551845,0.0342706502636203,-0.5806451612903226,-0.5806451581685744,791,-0.0315694187340947,0.0666666666666667,0.0446833421204549,0.0179663439295546,0.0396080032666393,2018-02-26,-0.0859172086393578,-0.0274202278482523,-0.1312036117596882,-0.114434739116347,-0.1277604552543485,-0.171149289344431,0.2262713726039449,0.2556796055988498,-0.0294082329949049,0.205541323991039,20.323228533122585,Financials,11.52607858221514,14,0.24923936286379683,-0.6466275242770185,2.2068058554647743,-0.3495985033084612,1.62375734707187,0.032858105588991396,0.6797813661659746,-0.24786229987409794,1.0545107667099802
GS,2018,2019-02-26,2018-12-31,item_1a,109943,0001193125-19-050198,120,0.1180669100799908,0.3420922083004067,0.5398408744173745,-0.2240252982204159,0.325,0.1083333333333333,0.5666666666666667,1149,121,40,0.1053089643167972,0.0348128807658833,-0.5031055900621118,-0.5031055869372324,857,0.0539752094036278,-0.0583333333333333,-0.0303349365208608,-0.0238650251383873,0.0775395712282108,2019-02-26,-0.0407371300061096,-0.0463281404219975,-0.0437156163253034,-0.0511047121054546,0.0123665212995656,-0.0282871231865005,0.2182169577017821,0.3355340855660831,-0.117317127864301,-0.1638882617467787,20.29806911017964,Financials,11.607717328653775,14,0.7497793756281048,-1.2665561635812255,0.7433286570100988,0.913366341504909,-2.337439699666884,0.8309264372062339,-1.3943671881239643,-0.2809436925299336,1.190502231461722
GS,2019,2020-02-21,2019-12-31,item_1a,115081,0001193125-20-043853,120,0.1073094289206589,0.4566373041947372,0.4360532770088563,-0.3493278752740783,0.475,0.1,0.425,1858,198,56,0.1065662002152852,0.0301399354144241,-0.5590551181102362,-0.5590551159092318,531,-0.1253025770536624,0.1499999999999999,0.1145450958943305,0.001257235898488,-0.0559495280481244,2020-02-21,-0.4111730488644651,-0.0836603315093574,-0.2142864957258643,-0.1037374435150587,-0.1138943294366339,-0.138743131230822,0.8576801668054997,0.1950425371826809,0.6626376296228189,0.1776731093578576,19.99289477440868,Financials,11.653391507234959,14,-0.4122161814215612,0.32754605177245016,0.82042625317212,-1.7334572718608408,0.041498127231416895,-0.5731507751263973,0.5233163202584785,-0.6822085408142975,1.2665849583229993
GS,2020,2021-02-22,2020-12-31,item_1a,130873,0001193125-21-049380,120,0.0752452433652555,0.4611518524121493,0.4636029145059486,-0.3859066090468938,0.4833333333333333,0.0416666666666666,0.475,1961,224,55,0.1142274349821519,0.0280469148393676,-0.6057347670250897,-0.6057347648539972,610,-0.0365787337728155,0.0083333333333333,0.004514548217412,0.0076612347668667,-0.0466796489148534,2021-02-22,0.0511352461583545,0.0414571326606096,0.1604085475708738,0.0847837488284881,0.2584568545573449,0.1054006940023426,0.2501886771354595,0.289984660959462,-0.0397959838240024,0.5725624582470608,20.34014213613809,Financials,11.781982666298669,14,-0.7514296846547078,0.41610728595876517,1.2902368789016894,-0.42355509097769295,0.6479210574381357,0.37570397107975495,2.740407759936291,-0.22562309574569814,1.480788395269972
GS,2021,2022-02-25,2021-12-31,item_1a,135023,0001193125-22-052682,120,0.1012217911969249,0.4385922365550262,0.4601859734238436,-0.3373704453581013,0.4666666666666667,0.0666666666666666,0.4666666666666667,1773,201,44,0.1133671742808798,0.0248166948674562,-0.6408163265306123,-0.6408163239150354,625,0.0485361636887925,-0.0166666666666666,-0.022559615857123,-0.000860260701272,-0.0350815595055226,2022-02-25,-0.0366829578447137,-0.0814032881470646,-0.0702111820939699,0.0010186903380456,-0.0276037728626881,0.0396140892483051,0.3018354668585019,0.2921026499695451,0.0097328168889567,-0.1681666915429323,20.66181039211797,Financials,11.813200413279553,14,-0.3013287538617307,0.23898481758613516,1.237483030383287,0.8330652907351221,-0.1590169757723908,0.39687122376682077,-1.4183882717591578,0.19732912796467042,1.532790016110277
GS,2022,2023-02-24,2022-12-31,item_1a,141812,0000886982-23-000003,120,0.122021966947553,0.3961737487309922,0.4818042942478011,-0.2741517817834392,0.4083333333333333,0.1166666666666666,0.475,1999,222,62,0.1110555277638819,0.0310155077538769,-0.5633802816901409,-0.5633802797064075,624,0.063218663574662,-0.0583333333333333,-0.0424184878240339,-0.0023116465169979,0.0774360448404714,2023-02-24,-0.1182882810407629,-0.1223833829980044,-0.1034792690542626,-0.1535638499514683,-0.1070564905133542,-0.2254017887953812,0.2558014043986416,0.233787283734915,0.0220141206637266,0.0837991256037973,20.424799430633197,Financials,11.862257515733699,14,0.28493058671763205,-0.38094382171807234,1.095725711926835,1.0498349651555363,-0.2964551073715298,-0.18593448804316567,-0.0037356409428776914,-0.1143096841970991,1.6145079198048193
GS,2023,2024-02-23,2023-12-31,item_1a,141704,0000886982-24-000006,120,0.0868589040202399,0.459148509784912,0.4539925885231544,-0.3722896057646722,0.4916666666666666,0.0583333333333333,0.45,1929,238,69,0.1233799896319336,0.0357698289269051,-0.5504885993485342,-0.5504885975554117,644,-0.0981378239812329,0.0833333333333333,0.0629747610539198,0.0123244618680516,0.0128916823416066,2024-02-23,0.0428580687331017,0.016206388731794,0.1798919223934307,0.1410137952569519,0.3198690498455032,0.2059658947220035,0.2070429678196583,0.2102499740356324,-0.003207006215974,0.2452052145477326,20.35658824898708,Financials,11.861495653932433,14,-0.6251521755537109,0.5046685201450802,1.8514998551564459,-1.3324019526036208,1.0895026224948245,-0.42116714487309687,0.9024727921690509,-0.2039985808252496,1.6132388324313331
HD,2014,2014-03-27,2014-02-02,item_1a,19760,0000354950-14-000008,96,0.1626133084064349,0.4656732494137638,0.3717134457935269,-0.3030599410073288,0.5208333333333334,0.1354166666666666,0.34375,1503,131,79,0.0871590153027278,0.0525615435795076,-0.2476190476190476,-0.2476190464399093,96,,,,,,2014-03-27,0.0189378625026797,0.0064767286252367,0.032311421018585,-0.0315987219587654,0.1807891562701149,0.1069836758865157,0.144257944978768,0.14714528955385,-0.0028873445750819,0.0483092793529207,20.053372220481336,Consumer Discretionary,9.89141497130186,15,0.016850285653606707,0.8146328397971851,-0.36968238660619435,,,-1.0518374627096607,-0.20299205173145332,-0.6026885079069968,-1.6684646404585115
HD,2015,2015-03-26,2015-02-01,item_1a,28923,0000354950-15-000008,120,0.1286423970634738,0.4899660743113296,0.381391530809924,-0.3613236772478558,0.55,0.1,0.35,1945,195,91,0.1002570694087403,0.0467866323907455,-0.3636363636363636,-0.3636363623649078,137,-0.0582637362405269,0.0291666666666666,0.0242928248975658,0.0130980541060124,-0.116017316017316,2015-03-26,-0.0087212421690887,-0.0355150638092236,0.0041484918694734,-0.0231853059730042,0.0461287039029112,0.096910209032597,0.1557383156788335,0.2322244029258378,-0.0764860872470043,0.2548987361141459,20.06136764645603,Consumer Discretionary,10.27239240533249,15,-0.5234594529051753,1.124597159449289,0.4335308267518659,-0.7437084001056299,1.1627574873646132,-0.20155397088656601,0.9568967054644616,-0.5921755550972538,-1.0338434397259804
HD,2016,2016-03-24,2016-01-31,item_1a,30326,0000354950-16-000060,120,0.165418981310601,0.4686106965489064,0.3659703231106201,-0.3031917152383054,0.5083333333333333,0.1666666666666666,0.325,1991,186,109,0.0934203917629332,0.0547463586137619,-0.2610169491525423,-0.2610169482677391,141,0.0581319620095504,-0.0416666666666667,-0.0213553777624231,-0.0068366776458071,0.1026194144838212,2016-03-24,0.0397821403958329,0.0127536542479638,-0.0115414271356523,-0.0547983343627483,-0.0029097399752526,-0.0831195198632801,0.1450418326656202,0.2514656162895593,-0.106423783623939,0.1357137065742963,20.19592613304027,Consumer Discretionary,10.319760709360885,15,0.0156282751049899,0.6817909885177115,0.014284595507392589,0.9747358573255243,-0.7249502855887944,-0.009256643876514991,0.2877368269469772,-0.41524851905343046,-0.9549386876488604
HD,2017,2017-03-23,2017-01-29,item_1a,30782,0000354950-17-000005,120,0.1595546480578681,0.4423234096456629,0.3981219405463586,-0.2827687615877948,0.4833333333333333,0.15,0.3666666666666666,1962,181,103,0.0922528032619775,0.0524974515800203,-0.2746478873239437,-0.2746478863568736,144,0.0204229536505105,-0.0249999999999999,-0.0262872869032435,-0.0011675885009556,-0.0136309381714013,2017-03-23,0.0263530600517636,0.0129358626701168,0.0566829195025833,0.0139779594402025,0.0882950071492112,0.01215112105966,0.1104915346912157,0.1065715091485095,0.0039200255427062,0.1751480137691483,20.13640214482333,Consumer Discretionary,10.334685382539899,15,0.20502087948503644,0.41610728595876517,-0.0573155447991011,0.418007130729544,-0.18811920215446631,-1.4573331750201186,0.5091392657751316,-0.4935148779882703,-0.9300775983365608
HD,2018,2018-03-22,2018-01-28,item_1a,35633,0000354950-18-000019,120,0.1567511327952767,0.4820364036015235,0.3612124670607348,-0.3252852708062467,0.525,0.15,0.325,1902,165,104,0.0867507886435331,0.0546792849631966,-0.2267657992565055,-0.22676579841351,170,-0.0425165092184519,0.0416666666666666,0.0397129939558605,-0.0055020146184444,0.0478820880674381,2018-03-22,0.0135204076464954,0.0025217949641924,0.1491326167839981,0.104374123648693,0.217009515525836,0.0985723719164604,0.2058208528902152,0.2421928712509245,-0.0363720183607093,0.1413304822568468,20.387625642866112,Consumer Discretionary,10.481027453764323,15,-0.18925668427124917,0.8589134568903427,-0.3947161087191365,-0.5112192939497544,-0.5985651502184055,-0.10192876653678287,0.3192720033689354,-0.16318841533558348,-0.6863052048496986
HD,2019,2019-03-28,2019-02-03,item_1a,39795,0000354950-19-000010,120,0.1660267122245083,0.4471626041961523,0.3868106833969553,-0.281135891971644,0.4833333333333333,0.1416666666666666,0.375,1950,177,101,0.0907692307692307,0.0517948717948717,-0.2733812949640288,-0.2733812939806428,183,0.0441493788346027,-0.0416666666666666,-0.0348737994053711,0.0040184421256976,-0.0466154957075232,2019-03-28,0.0636640505751455,0.0167830500212344,0.0968752522810527,0.0533865648716322,0.2249546890030365,0.156867526749149,0.1723679386803808,0.2107043511540137,-0.0383364124736329,-0.0778415789177509,20.52322741484893,Consumer Discretionary,10.59149655523995,15,0.22016332335030522,0.41610728595876517,-0.14829280138271736,0.7682996219466417,0.30296893720884077,-0.41662608482311075,-0.9112613144164518,0.015110406301283482,-0.5022889677707607
HD,2020,2020-03-25,2020-02-02,item_1a,45836,0000354950-20-000015,120,0.1309384989396979,0.4871109645076406,0.3819505373792102,-0.3561724655679427,0.525,0.1083333333333333,0.3666666666666666,1974,182,88,0.0921985815602836,0.044579533941236,-0.3481481481481481,-0.3481481468587106,213,-0.0750365735962986,0.0416666666666666,0.0399483603114882,0.0014293507910529,-0.0747668531841193,2020-03-25,0.1673639295861915,0.0207613937627726,0.3622344266322039,0.1246308931869202,0.4830312914622243,0.1646755481638029,0.3986403801852359,0.7172491378342756,-0.3186087576490397,-0.1728391848632335,20.49490237168692,Consumer Discretionary,10.732825087546338,15,-0.47568960470071303,0.8589134568903427,-0.06064058735113266,-0.991339424861594,0.057796446395212406,4.645799379110878,-1.4446218102719885,-0.022133368206616714,-0.26686798254034433
HD,2021,2021-03-24,2021-01-31,item_1a,63261,0000354950-21-000089,120,0.1534886069207762,0.4776904332218691,0.3688209596400459,-0.3242018263010929,0.5166666666666667,0.1166666666666666,0.3666666666666666,2026,175,105,0.0863770977295163,0.0518262586377097,-0.25,-0.2499999991071428,281,0.0319706392668497,-0.0083333333333333,-0.0094205312857714,-0.0058214838307673,0.0981481481481481,2021-03-24,0.1063707699404696,0.0309681126632292,0.0702113067111886,-0.0238810187567923,0.15938003532598,0.0221486936529713,0.1882545303277515,0.2210409837999952,-0.0327864534722437,0.0772467192432717,20.746982664918804,Consumer Discretionary,11.055024304512125,15,-0.17920934341919773,0.7703522227040276,-0.4176319920572855,0.5884949952499603,-0.6288171005746573,-0.3133214339919522,-0.04052388071707275,0.30931966949274575,0.2698421626843458
HD,2022,2022-03-23,2022-01-30,item_1a,68114,0000354950-22-000070,120,0.1426813284633681,0.4856681842318115,0.3716504841577261,-0.3429868557684434,0.5333333333333333,0.125,0.3416666666666667,2043,197,92,0.09642682329907,0.045031815956926,-0.3633217993079585,-0.3633217980507896,287,-0.0187850294673505,0.0166666666666666,0.0079777510099423,0.0100497255695537,-0.1133217993079584,2022-03-23,-0.0534299806431243,-0.0134120290025412,-0.1258178143167873,0.0186320578761289,-0.1401767317446641,0.0094842889707568,0.3297729022914344,0.3042231926847745,0.0255497096066599,-0.003375443639803,20.87952029811045,Consumer Discretionary,11.128938051038293,15,-0.35341263032175013,0.9474746910766577,0.19864828154324166,-0.16085217805338284,0.8740977981132865,0.5180043312268877,-0.4931739906255255,0.48358954425223133,0.3929655458065743
HD,2023,2023-03-15,2023-01-29,item_1a,68391,0000354950-23-000059,120,0.1510811941387752,0.4661988379472556,0.3827199718604485,-0.3151176438084803,0.5166666666666667,0.1083333333333333,0.375,2049,172,102,0.0839433870180575,0.0497803806734992,-0.2554744525547445,-0.255474451622356,277,0.027869211959963,-0.0166666666666666,-0.0194693462845558,-0.0124834362810124,0.1078473467532139,2023-03-15,0.0146543395297251,-0.0489351586868058,0.0482609783740726,-0.0790726460687614,0.1602710919793801,-0.0053631362013852,0.2222275122907941,0.2656796812588148,-0.0434521689680206,-0.0274311020309137,20.82274700656945,Consumer Discretionary,11.132996516006004,15,-0.09496702419440181,0.7703522227040276,-0.566874664679735,0.5279422917673289,-1.2596667944626048,0.13279919469594217,-0.6282335824954229,0.4089399962840147,0.3997260194747671
HON,2014,2015-02-13,2014-12-31,item_1a,18400,0000930413-15-000621,114,0.0923235738290506,0.3439552281991366,0.5637211929843352,-0.251631654370086,0.3421052631578947,0.0701754385964912,0.5877192982456141,1425,156,51,0.1094736842105263,0.0357894736842105,-0.5072463768115942,-0.5072463743611286,114,,,,,,2015-02-13,-0.0159057236662751,-0.007230330973527,0.0287689593729139,0.0115686652237474,0.0263347121968187,0.0187168968875199,0.1675545349855512,0.1798384797975623,-0.012283944812011,0.1090728671509926,19.33351302292444,Industrials,9.820105943597078,16,0.49377136728116255,-1.084772577619842,0.9987221697795137,,,-0.7251006308656534,0.13816283312469727,-1.5492104064933938,-1.7872491582350676
HON,2015,2016-02-12,2015-12-31,item_1a,19105,0000930413-16-005457,120,0.1059015033145745,0.3350014148668075,0.5590970857224117,-0.229099911552233,0.3333333333333333,0.0833333333333333,0.5833333333333334,1461,148,52,0.1013004791238877,0.0355920602327173,-0.48,-0.4799999976,122,0.022531742817853,-0.0087719298245614,-0.008953813332329,-0.0081732050866385,0.0272463768115942,2016-02-12,0.0562266534050037,-0.0270394568178804,0.100155489420765,-0.0026469917860185,0.1342161644576363,-0.0484908188775612,0.1586691409762625,0.2475920084290476,-0.0889228674527851,-0.0275687593913196,19.468373679834837,Industrials,9.857705359881,16,0.7027198634938001,-1.1779949293949106,0.49751593960674845,0.44914089846524585,-0.8515119705029984,-0.04796960980962881,-0.6290064545828141,-1.3718860554860577,-1.7246171370770187
HON,2016,2017-02-10,2016-12-31,item_1a,19934,0000930413-17-000391,120,0.1035058441921137,0.277379222800179,0.6191149345288675,-0.1738733786080653,0.25,0.0666666666666666,0.6833333333333333,868,98,32,0.1129032258064516,0.0368663594470046,-0.5076923076923077,-0.5076923037869823,205,0.0552265329441676,-0.0833333333333333,-0.0576221920666285,0.0116027466825638,-0.0276923076923076,2017-02-10,0.0372087541620373,0.013926828995507,0.0848986316539766,0.0481413306232982,0.1326835354160809,0.0684631511107849,0.1100846056301987,0.1097319309467367,0.0003526746834619,0.0570373902136021,19.59733616161513,Industrials,9.900182095527402,16,1.2148640461700828,-2.0636072712580638,1.2090322741135453,0.93184064755537,1.0211602247909035,-1.4257478143396296,-0.15398840063727015,-1.2023170432189783,-1.6538606182619169
HON,2017,2018-02-09,2017-12-31,item_1a,25560,0000930413-18-000292,120,0.0791128923029949,0.3712102998358508,0.5496768116330107,-0.2920974075328558,0.375,0.0416666666666666,0.5833333333333334,1486,176,60,0.1184387617765814,0.0403768506056527,-0.4915254237288136,-0.4915254216460787,156,-0.1182240289247905,0.125,0.0938310770356717,0.0055355359701298,0.016166883963494,2018-02-09,0.0293188090321343,-0.0288836361685924,0.0011909235837708,-0.0463915422706815,0.0453995985582065,-0.0466487301243707,0.1916205262655932,0.1697238322247208,0.0218966940408724,0.0610123492386511,19.68062586241312,Industrials,10.14878390849147,16,0.11851152431983533,-0.7351887584633336,1.5484884710600908,-1.6289509149603023,0.4466292521851405,-0.8261867554846637,-0.13167114226528281,-1.092801840802222,-1.2397469019233869
HON,2018,2019-02-08,2018-12-31,item_1a,26612,0000930413-19-000366,120,0.1037276550351331,0.3598008668515831,0.5364714792774369,-0.25607321181645,0.3666666666666666,0.0666666666666666,0.5666666666666667,1592,190,63,0.1193467336683417,0.039572864321608,-0.5019762845849802,-0.5019762826008842,155,0.0360241957164058,-0.0083333333333333,-0.0114094329842676,0.0009079718917602,-0.0104508608561666,2019-02-08,0.0384134483618496,0.0050640378973019,0.1610612044616004,0.0911864774343864,0.1329945647255141,0.0447809349675516,0.1451848329025469,0.2177973775253419,-0.072612544622795,-0.0010474978524001,19.843075412302458,Industrials,10.189117520861778,16,0.45258250955443347,-0.8237499926496498,1.6041681174348001,0.648340942373767,0.008424776231710455,-0.3457381430995436,-0.48010382630784193,-0.8792016577280747,-1.1725603359330579
HON,2019,2020-02-14,2019-12-31,item_1a,33425,0000773840-20-000009,120,0.0538412053758899,0.4868189538557393,0.4593398409895599,-0.4329777484798493,0.5083333333333333,0.025,0.4666666666666667,2207,245,76,0.1110104213864975,0.0344358858178522,-0.5264797507788161,-0.5264797491386923,131,-0.1769045366633993,0.1416666666666666,0.1270180870041561,-0.0083363122818442,-0.0245034661938359,2020-02-14,-0.2671127607984703,-0.015927873800076,-0.2975035241181463,-0.1504755892270323,-0.0970992605039103,-0.1051316598445472,0.7383997886621229,0.1591847563172055,0.5792150323449173,0.1090272274147388,19.842003580176154,Industrials,10.417059401970144,16,-1.1879446883559903,0.6817909885177115,1.0929596492713727,-2.495298924917704,-0.8669573110296562,-0.9315146310121162,0.13790659053714185,-0.8806109785822053,-0.7928613370821359
INTC,2014,2015-02-13,2014-12-27,item_1a,37587,0000050863-15-000015,120,0.0899299370823428,0.4388699733225318,0.4712000862540056,-0.348940036240189,0.4333333333333333,0.0583333333333333,0.5083333333333333,1381,152,46,0.1100651701665459,0.0333091962346126,-0.5353535353535354,-0.5353535326497296,256,,,,,,2015-02-13,-0.1097209228717787,-0.1010455301790306,-0.0329291859575757,-0.0501294801067422,-0.1422389142509166,-0.1498567295602153,0.2704796152774208,0.239083680121044,0.0313959351563767,0.0146683777364662,20.603660787519992,Technology,10.534413524913662,17,-0.40861954961376656,-0.11526011915912669,1.0349939191207065,,,-0.13300212621204513,-0.39186763221162363,0.12086990603220758,-0.5973762301943081
INTC,2015,2016-02-12,2015-12-26,item_1a,38281,0000050863-16-000105,120,0.083675029897131,0.4275443561724387,0.4887806104340901,-0.3438693262753077,0.425,0.0583333333333333,0.5166666666666667,1386,138,46,0.0995670995670995,0.0331890331890331,-0.5,-0.4999999972826087,259,0.0050707099648813,-0.0083333333333333,-0.0113256171500931,-0.0104980705994464,0.0353535353535353,2016-02-12,0.1050978749693654,0.0218317647464811,0.0533646666440581,-0.0494378145627254,0.226707885679805,0.0440009023446075,0.1851739370226788,0.3033744308431093,-0.1182004938204304,-0.0268529306724714,20.55752231524793,Technology,10.552708968527668,17,-0.36159623541843167,-0.2038213533454417,0.39121974075856086,0.1913494844686722,-1.071663751537033,0.5095217771210182,-0.6249874610867926,0.06020377226460147,-0.5669002088945231
INTC,2016,2017-02-17,2016-12-31,item_1a,42156,0000050863-17-000012,120,0.1041277267116432,0.4044066696660593,0.4914655971340835,-0.3002789429544161,0.4083333333333333,0.075,0.5166666666666667,1333,131,35,0.0982745686421605,0.0262565641410352,-0.5783132530120482,-0.5783132495282335,281,0.0435903833208916,-0.0166666666666666,-0.0231376865063793,-0.001292530924939,-0.0783132530120481,2017-02-17,-0.0394737001080585,-0.0380137750141995,-0.0223860784418573,-0.0404928427564333,-0.0258983520681497,-0.0678593276749637,0.1372586142796603,0.161323288253117,-0.0240646739734567,0.0550420641143749,20.35287125123745,Technology,10.649132302053827,17,0.04263991789927397,-0.38094382171807234,0.3119577443442723,0.7600467170291184,-0.19995055197453987,-0.9101420716403265,-0.16519108419003312,-0.20888595293768858,-0.40628100619370167
JNJ,2016,2016-02-24,2016-01-03,item_7,76088,0000200406-16-000071,120,0.2843801667603353,0.1974344409730596,0.5181853963838269,0.0869457257872757,0.1583333333333333,0.2916666666666667,0.55,1412,69,26,0.0488668555240793,0.018413597733711,-0.4526315789473684,-0.4526315741828255,451,,,,,,2016-02-24,0.0319171429687903,-0.0248511553921706,0.0813127328876539,-0.0001679949753705,0.1537277113626547,0.0085723653047029,0.0915945732809434,0.1975899251094578,-0.1059953518285143,0.105139156795476,20.47891031351626,Health Care,11.239645844162222,18,3.6335744001579773,-3.0377808473075323,-2.7178761299890377,,,-0.5476920953686811,0.11607716386083765,-0.04316085985132947,0.5773793885359256
JNJ,2017,2017-02-27,2017-01-01,item_1a,23411,0000200406-17-000006,116,0.0883355984135113,0.4831620790546053,0.42850232264027,-0.394826480641094,0.5344827586206896,0.0344827586206896,0.4310344827586206,1901,184,72,0.0967911625460284,0.0378748027354024,-0.4375,-0.4374999982910156,116,-0.4817722064283697,0.3761494252873563,0.2857276380815458,0.047924307021949,0.0151315789473684,2017-02-27,0.0266339336599692,0.029865336782553,0.0438042337834698,0.0199688059267011,0.0898397865359421,0.0488806571869289,0.1127651175311476,0.1184064909636846,-0.0056413734325369,0.047896444387985,20.442655426733705,Health Care,10.060961276360318,18,-0.8341482639978548,0.9596900337230456,0.2209906917160307,-6.996308019415601,4.460609154029471,-1.3390539727031938,-0.20530989815940406,-0.09083135484107512,-1.3860393047696986
JNJ,2018,2019-02-20,2018-12-30,item_1a,26178,0000200406-19-000009,120,0.0911585225102802,0.4578681668189043,0.4509733111131936,-0.3667096443086242,0.5,0.0416666666666666,0.4583333333333333,1874,187,69,0.099786552828175,0.0368196371398079,-0.4609375,-0.4609374981994629,132,0.0281168363324698,-0.0344827586206896,-0.0252939122357009,0.0029953902821466,-0.0234375,2019-02-20,0.0195522181254128,-0.007652798491635,0.0196999136666269,-0.0139265261803709,-0.0292207392224138,-0.0808526260645036,0.1038264251001322,0.2850720133122876,-0.1812455882121554,0.0376213496773663,20.587620178976024,Health Care,10.172674642351664,18,-0.5734063090847448,0.5932297543313965,0.40467729388696383,0.531598171557835,0.2060916407772363,0.32660680692299615,-0.26299903206203373,0.09977857691528362,-1.1999504078152385
JNJ,2019,2020-02-18,2019-12-29,item_1a,27126,0000200406-20-000010,120,0.0788119883897403,0.4758310248920073,0.4453569894656539,-0.3970190365022669,0.5083333333333333,0.0333333333333333,0.4583333333333333,1802,197,70,0.1093229744728079,0.0388457269700332,-0.4756554307116105,-0.4756554289301294,143,-0.0303093921936427,0.0083333333333333,0.0179628580731029,0.0095364216446329,-0.0147179307116104,2020-02-18,-0.0893081325965543,0.1979547214402182,0.0156885712963488,0.1344644079035495,0.0123338776792274,-0.0015130573535833,0.5379553224288905,0.1086187747616856,0.4293365476672049,0.1667145982067326,20.58749536278157,Health Care,10.20824795652266,18,-0.8544809676754097,0.6817909885177115,0.9894801822493515,-0.3309957077996578,0.8254907829287433,-1.4368727343165384,0.46179017038100995,0.09961445973549388,-1.1406934090098495
JNJ,2021,2021-02-22,2021-01-03,item_1a,35828,0000200406-21-000008,120,0.0909118585831796,0.4589180788917777,0.450170056335628,-0.3680062203085981,0.4916666666666666,0.0416666666666666,0.4666666666666667,1878,192,62,0.1022364217252396,0.0330138445154419,-0.5118110236220472,-0.5118110216070433,173,,,,,,2021-02-22,-0.0093904774903486,-0.0190685909880934,0.0561557992663526,-0.019468999476033,0.1154600071139833,-0.0375961534410189,0.1470697319623983,0.1760827726442172,-0.0290130406818188,0.0985095265096021,20.80994964908788,Health Care,10.486484989595086,18,-0.5854301284408437,0.5046685201450802,0.5549108364567675,,,-0.7626352932057368,0.07885535325392797,0.3921131235546605,-0.6772141993659434
JNJ,2022,2022-02-17,2022-01-02,item_1a,41174,0000200406-22-000022,120,0.0911538591686015,0.4725435102630096,0.4363026392956575,-0.3813896510944081,0.5083333333333333,0.0583333333333333,0.4333333333333333,1984,215,59,0.1083669354838709,0.0297379032258064,-0.5693430656934306,-0.5693430636155362,201,-0.0133834307858099,0.0166666666666666,0.0136254313712318,0.0061305137586313,-0.0575320420713834,2022-02-17,0.0647971821484043,0.0448672339886069,0.0533517053363983,0.1594928810404509,0.0319017939029626,0.0588531036515279,0.208582114586048,0.1580157163736441,0.0505663982124039,-0.0444981510692567,20.808086980170703,Health Care,10.625562268169254,18,-0.7095415990655287,0.6817909885177115,0.930852912718744,-0.08110398825947888,0.5029703261494991,-0.9431980551322757,-0.7240558892502413,0.3896639544311602,-0.44554328754953504
JNJ,2023,2023-02-16,2023-01-01,item_1a,45976,0000200406-23-000016,120,0.0766764549305662,0.4804629737433667,0.4428605750979235,-0.4037865188128004,0.5166666666666667,0.0333333333333333,0.45,1840,188,62,0.1021739130434782,0.033695652173913,-0.504,-0.503999997984,223,-0.0223968677183923,0.0083333333333334,0.0079194634803571,-0.0061930224403927,0.0653430656934306,2023-02-16,-0.0204951386260636,0.0114372114353988,0.0087199036720007,-0.0220187618950482,0.1061768676698615,0.0289907423955282,0.167516040345321,0.1413888146928966,0.0261272256524243,-0.0363646614942918,20.85015184974433,Health Care,10.735874800187577,18,-0.9172393287734772,0.7703522227040276,0.5510776106406288,-0.2141766805443402,-0.663999732077996,-1.1093678641368914,-0.6783907170644425,0.44497382662247875,-0.2617878593482793
JPM,2014,2015-02-24,2014-12-31,item_1a,59823,0000019617-15-000272,120,0.1098441291134804,0.4769268805005898,0.4132289867072056,-0.3670827513871094,0.5,0.0833333333333333,0.4166666666666667,2328,225,74,0.0966494845360824,0.031786941580756,-0.5050167224080268,-0.5050167207190076,238,,,,,,2015-02-24,-0.0198945769242677,0.0043320256179195,0.0879134249107742,0.0887132656926598,0.003730493736112,0.1006955117999042,0.1540176790718214,0.242307277462408,-0.0882895983905866,0.0279355845455746,20.56147626589518,Financials,10.999145481377802,19,-0.5768663238561722,0.5932297543313965,0.21230255768407008,,,-0.10078538704996215,-0.31737939714615354,0.06540270684271655,0.17676083380392213
JPM,2015,2016-02-23,2015-12-31,item_1a,67522,0000019617-16-000902,120,0.0915190256666392,0.4963508047163486,0.4121301655036707,-0.4048317790497094,0.5166666666666667,0.0666666666666666,0.4166666666666667,2488,247,77,0.0992765273311897,0.0309485530546623,-0.5246913580246914,-0.5246913564052736,244,-0.0377490276626,0.0166666666666667,0.0194239242157588,0.0026270427951072,-0.0196746356166646,2016-02-23,0.0680685378386207,0.0059941879022493,0.13916307398923,0.0666357758247442,0.1903632598068503,0.0422798108901281,0.2238369498964065,0.3284743116258577,-0.1046373617294512,-0.0993577912442801,20.684513572867708,Financials,11.120208749684231,19,-0.9269325671713496,0.7703522227040276,0.37340095199583867,-0.44083309046257174,0.1712111907622184,0.760370821386277,-1.032063281594408,0.22718087927954145,0.3784245278563464
JPM,2016,2017-02-28,2016-12-31,item_1a,80339,0000019617-17-000314,120,0.0756060337492575,0.4807274913725753,0.4436664653321107,-0.4051214576233178,0.525,0.0416666666666666,0.4333333333333333,2545,236,61,0.0927308447937131,0.0239685658153241,-0.5892255892255892,-0.5892255872416647,275,-0.0002896785736083,0.0083333333333333,-0.0156233133437732,-0.0065456825374765,-0.0645342312008978,2017-02-28,-0.0259325939577493,-0.0263327981585518,-0.0688360455975183,-0.0945501957945058,0.0222139150092834,-0.021604810845744,0.1782922718065102,0.16267646073271,0.0156158110738002,0.3862773867324256,20.722277208027265,Financials,11.294010460735981,19,-0.9296189062987666,0.8589134568903427,-0.028000558640378276,0.11220971349727282,-0.6973946738692158,-0.8966184208242135,1.6945172122255496,0.2768351835796858,0.6679383958828771
JPM,2017,2018-02-27,2017-12-31,item_1a,95434,0000019617-18-000057,120,0.0620940055232495,0.4381584266278271,0.4997475671271483,-0.3760644211045776,0.475,0.025,0.5,1315,144,39,0.1095057034220532,0.029657794676806,-0.5737704918032787,-0.5737704886679208,656,0.0290570365187401,-0.05,-0.0425690647447482,0.01677485862834,0.0154550974223105,2018-02-27,-0.0797548857053618,-0.0303459279919561,-0.0928155439989824,-0.0770282380271121,0.0049359531062418,-0.0599880981768523,0.2382059181061866,0.2212419594968004,0.0169639586093862,0.3121351900814151,20.967527872356328,Financials,11.466190188073055,19,-0.6601579891354582,0.32754605177245016,1.0006856869227125,0.5454791107611086,1.5109303428029393,-0.3113128761864197,1.2782486297067903,0.5993081410943704,0.9547504103069878
JPM,2018,2019-02-26,2018-12-31,item_1a,115445,0000019617-19-000054,120,0.0629987758817151,0.5007175225298852,0.4362837040952096,-0.43771874664817,0.5333333333333333,0.0333333333333333,0.4333333333333333,1318,163,41,0.1236722306525038,0.0311077389984825,-0.5980392156862745,-0.5980392127547097,740,-0.0616543255435924,0.0583333333333333,0.062559095902058,0.0141665272304505,-0.0242687238829958,2019-02-26,-0.054231168077557,-0.0598221784934448,0.0385636706682881,0.0311745748881369,0.030013795643353,-0.010639848842713,0.1986793045583829,0.2239146675053537,-0.0252353629469708,-0.0631410682483378,21.14141025444877,Financials,11.656549505053103,19,-1.2319104146571336,0.9474746910766577,1.8694209789590628,-0.7937664246267941,1.2639359254446503,-0.28460174335878863,-0.8287258485809504,0.8279410223403635,1.2718454598337015
JPM,2019,2020-02-25,2019-12-31,item_1a,113440,0000019617-20-000257,120,0.0607279051328077,0.4796241563201571,0.459647937460492,-0.4188962511873493,0.4666666666666667,0.0333333333333333,0.5,1395,147,29,0.1053763440860215,0.0207885304659498,-0.6704545454545454,-0.6704545416451446,729,0.0188224954608207,-0.0666666666666666,-0.021093366209728,-0.0182958865664822,-0.0724153297682709,2020-02-25,-0.2734831346843401,-0.0674738427663553,-0.2332036070446655,-0.1954255546551762,-0.1914704695761138,-0.2995929414498899,0.908680937799592,0.1700005638570537,0.7386803739425382,0.2332044919456004,20.9368046300836,Financials,11.639029341765955,19,-1.0573596862336123,0.23898481758613516,0.7474605929843999,0.39437826620379446,-1.8100733773244546,-0.823421090337107,0.8350951851862893,0.5589110444046195,1.242660878099587
JPM,2020,2021-02-23,2020-12-31,item_1a,130001,0000019617-21-000236,120,0.0688266357795024,0.4509258744462083,0.480247496580705,-0.3820992386667058,0.4833333333333333,0.0416666666666666,0.475,1342,145,35,0.1080476900149031,0.026080476900149,-0.6111111111111112,-0.6111111077160494,800,0.0367970125206435,0.0166666666666666,-0.0286982818739488,0.0026713459288816,0.0593434343434342,2021-02-23,6.644151665513576e-05,-0.0032602891882138,0.0922462633906655,0.0069745635612981,0.0525942682576234,-0.1091936796525727,0.2134646211712521,0.2546530186368206,-0.0411883974655685,0.5598483051124516,21.2945767826079,Financials,11.775297421715827,19,-0.716121971359025,0.41610728595876517,0.911275792567597,0.6597506647196502,0.17540645012328285,0.02259836130936157,2.6690246239849493,1.029335230437025,1.4696523080233643
JPM,2021,2022-02-22,2021-12-31,item_1a,127555,0000019617-22-000272,120,0.0926485299287984,0.4287668248716121,0.4785846395883709,-0.3361182949428136,0.4333333333333333,0.0666666666666666,0.5,1395,148,33,0.1060931899641577,0.0236559139784946,-0.6353591160220995,-0.6353591125118281,790,0.0459809437238922,-0.0499999999999999,-0.0221590495745961,-0.0019545000507454,-0.0242480049109883,2022-02-22,-0.0796076766287152,-0.1159430817623097,-0.173480072359211,-0.1003443150799744,-0.2269330825804735,-0.1939879852874054,0.3422055707615217,0.2645382081565774,0.0776673626049442,-0.0048199681649184,21.391265455581426,Financials,11.756302923115248,19,-0.2897169159128664,-0.11526011915912669,0.791419800710985,0.7953405024382021,-0.26263533147381046,0.12139127450583699,-0.5012842193973241,1.1564683512268945,1.438011821127118
JPM,2022,2023-02-21,2022-12-31,item_1a,123581,0000019617-23-000231,120,0.083892937846637,0.4974859115667641,0.4186211389644692,-0.4135929737201271,0.5166666666666667,0.0666666666666666,0.4166666666666667,1444,173,49,0.1198060941828254,0.0339335180055401,-0.5585585585585585,-0.558558556042529,772,-0.0774746787773135,0.0833333333333333,0.068719086695152,0.0137129042186677,0.0768005574635409,2023-02-21,-0.0891642187903319,-0.0754239955629865,-0.0037005706571594,-0.0570677022754994,0.0638256335742062,-0.0423308322151454,0.3086363572782771,0.1795447075788457,0.1290916496994314,0.1885293164813368,21.09356560195465,Financials,11.72465209050649,19,-1.0081796533913934,0.7703522227040276,1.632337525802024,-1.027335152455637,1.2209803594509032,-0.7280366002009099,0.5842680880094702,0.7650314818779612,1.3852887787625159
JPM,2023,2024-02-16,2023-12-31,item_1a,132058,0000019617-24-000225,120,0.083701393714485,0.4102415647978584,0.5060570386548837,-0.3265401710833733,0.4166666666666667,0.0583333333333333,0.525,1655,183,51,0.1105740181268882,0.0308157099697885,-0.5641025641025641,-0.5641025616918695,790,0.0870528026367537,-0.1,-0.0872443467689057,-0.0092320760559372,-0.0055440055440055,2024-02-16,0.0824442735983816,0.0468046481680031,0.1505588561541733,0.0873270555621146,0.2171565735896965,0.0897323486641443,0.1923518816980095,0.1193040659081654,0.0730478157898441,0.2138927808244015,21.039478620604,Financials,11.790996499002652,19,-0.20089402311015445,-0.2923825875317567,1.0661980508206677,1.4017177238642744,-0.9517811381138155,-1.3300835788225105,0.7266703073495513,0.6939140849612145,1.4958033773209676
KO,2014,2015-02-25,2014-12-31,item_1a,56285,0000021344-15-000005,120,0.1071881384976829,0.4799058683332987,0.4129059901461005,-0.3727177298356158,0.5083333333333333,0.0666666666666666,0.425,1859,183,56,0.0984400215169446,0.0301237224314147,-0.5313807531380753,-0.5313807509147249,261,,,,,,2015-02-25,-0.0324661950025543,-0.0067434697572957,-0.014002161152519,-0.0235446919369176,-0.0815400309116997,0.0252929839648451,0.1305939580975943,0.1650224914202553,-0.034428533322661,0.0391597253569899,20.137007451694835,Consumer Staples,10.938183348788904,20,-0.6291223913305936,0.6817909885177115,0.3221038266660475,,,-0.8731721120197434,-0.25436187950297856,-0.4927189776077655,0.07521187492340264
KO,2015,2016-02-25,2015-12-31,item_1a,62707,0000021344-16-000050,120,0.1006358734332025,0.5066601718349072,0.392703960215052,-0.4060242984017047,0.55,0.075,0.375,1996,185,70,0.0926853707414829,0.0350701402805611,-0.4509803921568627,-0.4509803903883122,287,-0.0333065685660888,0.0416666666666667,0.0267543035016084,-0.0057546507754616,0.0804003609812125,2016-02-25,0.0452265522972281,0.0004868244870852,0.0128195738595673,-0.0629678247088314,0.0083983863456704,-0.1172666051864046,0.1613676993643835,0.1489584608816983,0.0124092384826851,0.1628475394548307,20.144828375306407,Consumer Staples,11.046228363132647,20,-0.9379914154512282,1.124597159449289,-0.030789168255256988,-0.3752454576028892,-0.6224883834611563,-1.0337165680880205,0.4400787140459887,-0.48243547287427346,0.2551901377054364
KO,2016,2017-02-24,2016-12-31,item_1a,64632,0000021344-17-000009,120,0.116906975217474,0.4208154653936314,0.4622775644529611,-0.3039084901761574,0.45,0.0833333333333333,0.4666666666666667,2146,203,78,0.0945945945945946,0.0363466915191053,-0.4448398576512455,-0.4448398560681855,296,0.1021158082255472,-0.1,-0.0858447064412757,0.0019092238531116,0.0061405345056171,2017-02-24,0.0218648388437086,0.030750825405268,0.0964769463465178,0.0708296951270108,0.1055005501090031,0.0653448722648413,0.0719726624167435,0.1247357295591698,-0.0527630671424263,-0.0340833217336959,20.048799252743503,Consumer Staples,11.076464923159545,20,0.008981250656068375,0.06186234921350453,0.08629034704264975,1.6241051131138453,0.10323774555874293,-1.2757993514423835,-0.6655822205363862,-0.6087013700334761,0.3055573256705604
KO,2017,2018-02-23,2017-12-31,item_1a,62260,0000021344-18-000008,120,0.1311708068940788,0.5021035877522081,0.3667256069835275,-0.3709327808581292,0.5416666666666666,0.1,0.3583333333333333,1868,176,68,0.0942184154175588,0.0364025695931477,-0.4426229508196721,-0.4426229490056436,289,-0.0670242906819718,0.0916666666666666,0.0812881223585766,-0.0003761791770357,0.0022169068315734,2018-02-23,-0.0220970350853602,0.0089838301078938,-0.0305730144045923,-0.0275972319828594,0.0561765357123467,0.0069861240423048,0.1375496391147105,0.1621177612001843,-0.0245681220854738,-0.0301331683826066,19.970024409417185,Consumer Staples,11.039074443995599,20,-0.6125696369486026,1.0360359252629727,0.0632218757155531,-0.8730475827227502,-0.11317715874246806,-0.9022020825546645,-0.6434042326905505,-0.7122801178207188,0.24327334592943894
KO,2018,2019-02-21,2018-12-31,item_1a,69485,0000021344-19-000014,120,0.1348620702434952,0.4871596846613101,0.3779782473730544,-0.352297614417815,0.525,0.1083333333333333,0.3666666666666666,1790,148,74,0.08268156424581,0.041340782122905,-0.3333333333333333,-0.3333333318318318,311,0.0186351664403142,-0.0166666666666666,-0.0149439030908979,-0.0115368511717488,0.1092896174863388,2019-02-21,0.0102697254740353,-0.0007603488277305,0.0920944638697751,0.0579647897130874,0.19926531167802,0.1352944222155394,0.1297657222384192,0.2415151610645034,-0.1117494388260842,-0.0162387305257745,20.08887235729697,Consumer Staples,11.148866180920683,20,-0.43975610734934656,0.8589134568903427,-0.6442535421360472,0.39161257568104024,-1.1700304707455447,-0.10870182470482839,-0.5653944324308807,-0.5560104116725509,0.42616124871347943
KO,2019,2020-02-24,2019-12-31,item_1a,75339,0000021344-20-000006,120,0.1136898126841212,0.4756534048278505,0.410656779911369,-0.3619635921437293,0.5083333333333333,0.0833333333333333,0.4083333333333333,2007,181,73,0.0901843547583457,0.0363726955655206,-0.4251968503937008,-0.4251968487196974,331,-0.0096659777259143,-0.0166666666666667,-0.0115062798334595,0.0075027905125357,-0.0918635170603675,2020-02-24,-0.321466769869333,-0.0800419062494181,-0.225491856072056,-0.1472005751038989,-0.1794041115682195,-0.2431683628782838,0.5818950536408031,0.1093937371846559,0.4725013164561471,0.1279492431832174,20.194435756594125,Consumer Staples,11.229753207996275,20,-0.529393714461316,0.6817909885177115,-0.18415920843193984,-0.026220208540040483,0.632917271372485,-1.4291277340583222,0.24414353843090034,-0.41720817164688484,0.560900521072246
KO,2020,2021-02-25,2020-12-31,item_1a,84715,0000021344-21-000008,120,0.1139342902538677,0.4872801747134266,0.3987855368449042,-0.3733458844595588,0.5166666666666667,0.0833333333333333,0.4,2044,178,77,0.0870841487279843,0.0376712328767123,-0.396078431372549,-0.3960784298193003,361,-0.0113822923158295,0.0083333333333334,0.011626769885576,-0.0031002060303614,0.0291184190211518,2021-02-25,0.0660051724334034,0.0269107762245668,0.1060004042726818,0.0063155093200195,0.1353939119615201,-0.0464485035366686,0.1371076921353496,0.1873664831419728,-0.0502587910066231,0.0740316795184756,20.475274629802325,Consumer Staples,11.347047960592207,20,-0.6349475938070708,0.7703522227040276,-0.37427343666493784,-0.05155955522833721,-0.3711272896383802,-0.6498655147901631,-0.05857460067728496,-0.04794131450586745,0.7562867305506548
KO,2021,2022-02-22,2021-12-31,item_1a,135212,0000021344-22-000009,120,0.1268301399036621,0.3097949766553938,0.5633748876862228,-0.1829648367517317,0.3083333333333333,0.1,0.5916666666666667,1705,126,70,0.0739002932551319,0.0410557184750733,-0.2857142857142857,-0.2857142842565597,637,0.1903810477078271,-0.2083333333333333,-0.1774851980580327,-0.0131838554728523,0.1103641456582633,2022-02-22,-0.0227625163205875,-0.059097921454182,0.0170388753810695,0.0901746326603061,0.0473646744569067,0.0803097717499747,0.2569757882885468,0.1768045000746836,0.0801712882138631,0.1211271162399434,20.47678464444016,Consumer Staples,11.814599196048746,20,1.1305542560727961,-1.4436786319538568,-1.1827482553738538,2.9272365535320803,-1.3259925804938737,-0.75542232523511,0.2058409625602811,-0.04595584022597167,1.5351200680274153
KO,2022,2023-02-21,2022-12-31,item_1a,140096,0000021344-23-000011,120,0.1396042366512119,0.3168932008052555,0.5435025574328999,-0.1772889641540435,0.3333333333333333,0.1,0.5666666666666667,1920,135,90,0.0703125,0.046875,-0.2,-0.1999999991111111,645,0.0056758725976881,0.0249999999999999,0.0070982241498616,-0.0035877932551319,0.0857142857142856,2023-02-21,0.0118831585508301,0.0256233817781755,0.0364853612136373,-0.0168817704047026,0.0197595847385625,-0.0863968810507891,0.1043227349549956,0.1537520204016443,-0.0494292854466487,-0.0648908979531478,20.58451435032149,Consumer Staples,11.850083180882535,20,1.183189556127871,-1.1779949293949106,-1.4027628412042805,0.20028399207327838,-0.41729907693158236,-0.985809574639926,-0.8385502018341873,0.09569481325045891,1.5942282646041805
KO,2023,2024-02-20,2023-12-31,item_1a,144032,0000021344-24-000009,120,0.1267704033680881,0.3123268112113389,0.5609027846405904,-0.1855564078432507,0.3083333333333333,0.1,0.5916666666666667,1787,152,62,0.0850587576944599,0.0346950195858981,-0.4205607476635514,-0.4205607456983142,665,-0.0082674436892072,-0.0249999999999999,-0.0045663895939166,0.0147462576944599,-0.2205607476635513,2024-02-20,0.0088289304108479,-0.0421756696935873,0.0390522519654266,-0.0312974431804298,0.1610807336764219,0.0292586013435052,0.105401486502517,0.1134360901458997,-0.0080346036433826,-0.0044903753609241,20.474184937609003,Consumer Staples,11.87779077609266,20,1.1065212779415183,-1.4436786319538568,-0.4984766829774537,-0.00557251433541611,1.318833162927093,-1.3887283239699761,-0.49943373296012167,-0.04937411904208521,1.6403827760554972
META,2014,2015-01-29,2014-12-31,item_1a,92951,0001326801-15-000006,120,0.1031332466052845,0.4072883515502326,0.4895784023062636,-0.3041551049449481,0.4333333333333333,0.0666666666666666,0.5,1511,134,46,0.0886829913964262,0.0304434149569821,-0.4888888888888889,-0.4888888861728395,517,,,,,,2015-01-29,0.0224357740962715,-0.0270715578286069,0.0098717090274158,-0.026766469366888,0.2206409753184597,0.1671673683915044,0.2146319702713818,0.25534107718064,-0.0407091069092581,0.0343237605424695,21.74835707493634,Communication,11.439827751564016,21,0.00669426444735799,-0.11526011915912669,-0.27622745617202676,,,0.02947484130580301,-0.2815132225893796,1.6259977240100907,0.9108366253496967
META,2015,2016-01-28,2015-12-31,item_1a,98566,0001326801-16-000043,120,0.0920210538509612,0.4715430226565028,0.4364359196896354,-0.3795219688055416,0.4833333333333333,0.0583333333333333,0.4583333333333333,1582,176,65,0.1112515802781289,0.041087231352718,-0.4605809128630705,-0.4605809109519464,544,-0.0753668638605934,0.0499999999999999,0.0642546711062702,0.0225685888817027,0.0283079760258183,2016-01-28,-0.0200714944135373,-0.0436033078852182,0.0698376894260561,-0.0328008739361103,0.1456327293688595,-0.0125354048359136,0.3031698093279624,0.2959205587298641,0.0072492505980982,-0.0088151131363449,21.5454453649115,Communication,11.498481653537818,21,-0.6922216159281208,0.41610728595876517,1.1077482588395837,-0.9962157683733907,2.0595642431647962,0.43502753103805847,-0.523714811008208,1.3591950247184101,1.0085406003711403
META,2016,2017-02-03,2016-12-31,item_1a,105463,0001326801-17-000007,120,0.1114042056646818,0.3712528677424416,0.5173429320255916,-0.2598486620777597,0.3916666666666666,0.0833333333333333,0.525,1654,136,52,0.0822249093107617,0.0314389359129383,-0.4468085106382978,-0.4468085082616568,570,0.1196733067277819,-0.0916666666666666,-0.1002901549140612,-0.0290266709673671,0.0137724022247726,2017-02-03,0.0482517704408651,0.0148513675911094,0.1470455437539228,0.0973252524554288,0.2950070394562121,0.2062385527495496,0.1040355663818851,0.2415775940811652,-0.13754202769928,0.0679944341719092,21.58508156255353,Communication,11.566115459484333,21,0.41757080801835833,-0.5580662900907035,-0.6722570359991228,1.883320727862746,-2.8262187348655075,-0.10807786705754865,-0.0924704882588531,1.4113115069029882,1.1212030399434483
META,2017,2018-02-01,2017-12-31,item_1a,109523,0001326801-18-000009,120,0.1226838947429011,0.4496774182616112,0.4276386855480572,-0.3269935235187101,0.475,0.1083333333333333,0.4166666666666667,1609,139,70,0.0863890615288999,0.0435052827843381,-0.3301435406698564,-0.3301435390902223,590,-0.0671448614409503,0.0833333333333333,0.0784245505191696,0.0041641522181381,0.1166649699684413,2018-02-01,-0.0657209380820171,-0.0323737307058574,-0.098762367377856,-0.0351635328468342,-0.0865920329178661,-0.0980063600038468,0.3959819733723976,0.2087302802781001,0.1872516930942975,0.1002590837912698,21.566131283568037,Communication,11.603889851844292,21,-0.20509819454881037,0.32754605177245016,-0.41689833485377276,-0.8748276667936886,0.31676686925638825,-0.4363550148854068,0.0886781769976491,1.3863943368439466,1.1841265311927784
META,2018,2019-01-31,2018-12-31,item_1a,115794,0001326801-19-000009,120,0.1258034196837494,0.408146865995756,0.4660497151625653,-0.2823434463120066,0.4083333333333333,0.1166666666666666,0.475,1689,140,53,0.0828892835997631,0.0313795145056246,-0.4507772020725388,-0.4507771997369057,602,0.0446500772067035,-0.0666666666666666,-0.0415305522658551,-0.0034997779291367,-0.1206336614026823,2019-01-31,0.0040793790877704,-0.0310035732296545,0.1550184368985812,0.071543030907796,0.1562180750217534,0.0537877542353852,0.2346562748853772,0.4138876848532058,-0.1792314099678286,-0.1206593287734483,22.01510464856702,Communication,11.659568029307165,21,0.2089650478527756,-0.38094382171807234,-0.6315155485062346,0.7756918387998205,-0.40896451707451265,1.6139949173333168,-1.1516599651735984,1.9767363416357566,1.276873630311638
META,2019,2020-01-30,2019-12-31,item_1a,139889,0001326801-20-000013,120,0.1224754958491151,0.4262074400476801,0.4513170592021197,-0.3037319441985649,0.4416666666666666,0.0916666666666666,0.4666666666666667,1594,148,64,0.0928481806775407,0.0401505646173149,-0.3962264150943396,-0.3962264132253471,704,-0.0213884978865583,0.0333333333333333,0.018060574051924,0.0099588970777775,0.0545507869781992,2020-01-30,-0.0624731261709609,-0.0057407983176521,-0.0230038139991995,0.0853090975965157,0.1191714416038363,0.1203342673490697,0.6570700013702674,0.1744032770967252,0.4826667242735422,0.1329173854042415,21.666626225451445,Communication,11.848604529971125,21,0.010618452750400359,-0.026698884972811674,-0.020805159115488855,-0.1992892974800712,0.8654968471666594,-0.7794202276276441,0.27203698660902514,1.5185322097955452,1.5917651706436384
META,2020,2021-01-28,2020-12-31,item_1a,162222,0001326801-21-000014,120,0.1646160141487295,0.377547489417096,0.4578364900468538,-0.2129314752683664,0.3916666666666666,0.15,0.4583333333333333,1940,186,66,0.0958762886597938,0.034020618556701,-0.4761904761904761,-0.4761904743008314,790,0.0908004689301984,-0.0499999999999999,-0.048659950630584,0.003028107982253,-0.0799640610961365,2021-01-28,-0.000339802949141,-0.0319845231748834,0.2434340195610329,0.1274320414831622,0.3521507493671534,0.1776157517144247,0.3217338445379791,0.3863108768836908,-0.0645770323457117,0.1826004268534666,22.307616661431545,Communication,11.996721046484348,21,0.8526581294741363,-0.5580662900907035,0.1648877936800127,1.457047566096945,0.20918982426788557,1.338391380292057,0.550980559546823,2.361351870221782,1.838493383817504
META,2021,2022-02-03,2021-12-31,item_1a,170194,0001326801-22-000018,120,0.1282161974813789,0.4426016329904086,0.4291821646193663,-0.3143854355090297,0.45,0.1166666666666666,0.4333333333333333,1805,175,63,0.0969529085872576,0.0349030470914127,-0.4705882352941176,-0.4705882333168562,821,-0.1014539602406633,0.0583333333333333,0.0650541435733126,0.0010766199274638,0.0056022408963585,2022-02-03,-0.2115157536835765,-0.1506781353639592,-0.1239905848669422,-0.0534476659751725,-0.2971483530865243,-0.2298534614234549,0.618016187971984,0.3258308375326181,0.2921853504393658,-0.1000780618162788,22.39640165626651,Communication,12.044694241856073,21,-0.08817687820696456,0.06186234921350453,0.23090945953238956,-1.381360766353197,0.024394803411130716,0.7339518532816596,-1.036107213708359,2.4780926747602012,1.91840574641516
META,2022,2023-02-02,2022-12-31,item_1a,168705,0001326801-23-000013,120,0.1685899948235601,0.4061452763310323,0.4252647229935974,-0.2375552815074722,0.4166666666666667,0.1666666666666666,0.4166666666666667,1862,160,45,0.0859291084854994,0.0241675617615467,-0.5609756097560976,-0.5609756070196312,802,0.0768301540015575,-0.0333333333333333,-0.0364563566593763,-0.0110238001017581,-0.0903873744619799,2023-02-02,-0.0205010202603884,0.0090350343853832,0.2370611543032939,0.2613037827526365,0.6460776076329051,0.5659365517044603,0.4302808543743425,0.4671622473881761,-0.0368813930138335,-0.0441351793914429,22.306327628740405,Communication,12.035906906506233,21,0.6243088479167505,-0.2923825875317567,-0.44510407892792125,1.2507924568054665,-1.1214473995108334,2.146422669130937,-0.7220179983777978,2.359656958669219,1.9037680571117388
META,2023,2024-02-02,2023-12-31,item_1a,182302,0001326801-24-000012,120,0.0957967047967637,0.4617812532853956,0.4424220357400675,-0.3659845484886318,0.5,0.0666666666666666,0.4333333333333333,1752,175,58,0.0998858447488584,0.0331050228310502,-0.5021459227467812,-0.5021459205916484,840,-0.1284292669811596,0.0833333333333333,0.0556359769543632,0.0139567362633589,0.0588296870093164,2024-02-02,0.0331588996809899,0.0072055850327192,-0.0474755298146731,-0.0849562032909241,0.0036162468290199,-0.0496088342291796,0.3644183929080934,0.2264158688321381,0.1380025240759553,0.2560212630166032,22.454698734659708,Communication,12.113419931533617,21,-0.5666821207952608,0.5932297543313965,0.41076618174977936,-1.7796191354988884,1.2440698924222555,-0.2596046540192207,0.9631990906598256,2.5547458056919754,2.032887014355108
MRK,2014,2015-02-27,2014-12-31,item_1a,51568,0000310158-15-000005,120,0.1059229684217522,0.4506279148316631,0.4434491185005754,-0.3447049464099109,0.4916666666666666,0.0833333333333333,0.425,1780,147,71,0.0825842696629213,0.0398876404494382,-0.3486238532110092,-0.3486238516118172,286,,,,,,2015-02-27,0.0046482676234866,0.0116757613994548,0.0485606346409766,0.0418082250673454,-0.0465319308227591,-0.0013079827304537,0.1773886188049014,0.2071677679486328,-0.0297791491437313,-0.0059964145685861,20.119158900496306,Health Care,10.850656604055219,22,-0.3693453727994954,0.5046685201450802,-0.6502199470639736,,,-0.45197081513131654,-0.5078893336100735,-0.5161875178789527,-0.07058764724628859
MRK,2015,2016-02-26,2015-12-31,item_1a,44386,0000310158-16-000063,120,0.1165640492613116,0.4108008714353976,0.4726350788337489,-0.2942368221740859,0.4166666666666667,0.0833333333333333,0.5,1647,135,62,0.081967213114754,0.0376442015786278,-0.3705583756345177,-0.3705583737535108,247,0.0504681242358249,-0.0749999999999999,-0.0398270433962655,-0.0006170565481672,-0.0219345224235085,2016-02-26,0.0621347007251869,0.0052995043141421,0.1232889416882849,0.0447108857196014,0.2515484848590654,0.1240644649975764,0.1505403738541945,0.2230515706732541,-0.0725111968190596,0.0139459454827921,20.180786000634207,Health Care,10.700679383382674,22,0.09867162663974405,-0.2923825875317567,-0.6880597642509849,0.8615883938870822,-0.13598690062785926,-0.29322756183635545,-0.3959237010062707,-0.43515583831596455,-0.3204153676411036
MRK,2016,2017-02-28,2016-12-31,item_1a,45289,0000310158-17-000010,120,0.1200185208969439,0.4238409535648922,0.4561405295971781,-0.3038224326679483,0.475,0.0833333333333333,0.4416666666666666,1560,128,70,0.082051282051282,0.0448717948717948,-0.2929292929292929,-0.2929292914498521,258,-0.0095856104938623,0.0583333333333332,0.0130400821294945,8.406893652795899e-05,0.0776290827052248,2017-02-28,-0.0268823713626974,-0.0272825755634998,-0.0079215359460609,-0.0336356861430484,-0.0246561635574078,-0.0684748894124354,0.1012955577716921,0.1819814891572958,-0.0806859313856036,0.0725588445961451,20.07064778162284,Health Care,10.72081945637715,22,0.009779306406724886,0.32754605177245016,-0.6829043968883434,-0.025033681799948474,-0.06959423260743429,-0.7036833239711067,-0.06684377711251385,-0.5799733755779303,-0.2868666160224776
MRK,2017,2018-02-27,2017-12-31,item_1a,52113,0000310158-18-000005,120,0.1282653329350675,0.4491957479855045,0.4225389165338128,-0.320930415050437,0.475,0.1083333333333333,0.4166666666666667,1681,123,77,0.073170731707317,0.0458060678167757,-0.23,-0.22999999885,299,-0.0171079823824887,0.0,0.0253547944206123,-0.0088805503439649,0.0629292929292929,2018-02-27,0.0155653519094982,0.0649743096229039,0.0765838774580511,0.0923711834299214,0.2816360754688329,0.2167120241857387,0.2045389926917889,0.2181320916733768,-0.0135930989815879,-0.0919188977474841,20.14739463718214,Health Care,10.861169716770034,22,-0.14887185613099577,0.32754605177245016,-1.2274872273173187,-0.13609256944456125,-0.9184936162577702,-0.34239299875948265,-0.9902978930398314,-0.4790611698562233,-0.05307520787704287
MRK,2018,2019-02-27,2018-12-31,item_1a,51868,0000310158-19-000014,120,0.1377398170297965,0.3754808588419109,0.4867793238877008,-0.2377410418121144,0.4,0.1166666666666666,0.4833333333333333,1657,141,76,0.0850935425467712,0.0458660229330114,-0.2995391705069124,-0.2995391691265476,286,0.0831893732383226,-0.0749999999999999,-0.0737148891435935,0.0119228108394542,-0.0695391705069124,2019-02-27,0.0318868402361716,0.0220500840203943,-0.0089491854070014,-0.010008340408169,0.0751098819917022,0.0380938289847121,0.1727058525474545,0.2160803692806253,-0.0433745167331708,0.1869035282579891,20.335562202870587,Health Care,10.856457308668775,22,0.6225861966054532,-0.46950505590438735,-0.4963435681823087,1.344678776862466,1.0514685130752763,-0.36289798066653167,0.5751401610019363,-0.23164511664432547,-0.06092500112049858
MRK,2019,2020-02-26,2019-12-31,item_1a,62743,0000310158-20-000005,120,0.1223267444331819,0.4009942670197536,0.4766789954155683,-0.2786675225865717,0.4083333333333333,0.0833333333333333,0.5083333333333333,1661,124,69,0.0746538229981938,0.0415412402167369,-0.2849740932642487,-0.284974091787699,352,-0.0409264807744572,0.0083333333333333,0.0255134081778427,-0.0104397195485774,0.0145650772426637,2020-02-26,-0.0725863264543874,0.0839597563386552,-0.0218830702530914,-0.0020266436553724,0.0892482284752296,-0.0268568268171138,0.532713117733766,0.1668816785669466,0.3658314391668193,-0.0421765686172127,20.409703028815407,Health Care,11.046802296986584,22,0.2430537883834634,-0.38094382171807234,-1.1365394795215844,-0.48774441223321224,-1.0661382328765998,-0.8545913337724492,-0.711021451640284,-0.13415950338242366,0.25614618013470414
MRK,2020,2021-02-25,2020-12-31,item_1a,70699,0000310158-21-000004,120,0.104198717776065,0.4443260654263819,0.4514752181246876,-0.3401273476503169,0.4833333333333333,0.0666666666666666,0.45,1685,127,54,0.0753709198813056,0.0320474777448071,-0.4033149171270718,-0.4033149148988126,391,-0.0614598250637452,0.075,0.0433317984066282,0.0007170968831117,-0.1183408238628231,2021-02-25,0.046233694280283,0.0071392980714464,0.0440709178630458,-0.0556139770896164,0.1013046614566191,-0.0805377540415697,0.1846676368806527,0.1730647275875613,0.0116029092930914,-0.113726133681219,20.40262173732666,Health Care,11.166186707513063,22,-0.3268949336650607,0.41610728595876517,-1.09256487939309,-0.7908948560234347,-0.009650021160807013,-0.792797735990404,-1.1127338013460935,-0.14347048737362933,0.4550132814102304
MRK,2021,2022-02-25,2021-12-31,item_1a,71396,0000310158-22-000003,120,0.130994003949066,0.428419884146812,0.4405861126258969,-0.2974258801977461,0.4833333333333333,0.1,0.4166666666666667,1669,141,66,0.0844817255841821,0.0395446375074895,-0.3623188405797101,-0.3623188388293776,382,0.0427014674525708,0.0,-0.0159061812795698,0.0091108057028765,0.0409960765473617,2022-02-25,0.0735376323844527,0.0288173020821018,0.2202717372164544,0.29150160964847,0.189609672423368,0.2568275345343612,0.1754107310668682,0.2192850796733345,-0.0438743486064662,-0.028513907529966,20.5845641766128,Health Care,11.175997124349399,22,0.06909784338802621,0.41610728595876517,-0.5338620777663075,0.7469229298770078,0.7851873300632133,-0.33086999829816216,-0.6343129533610536,0.09576032839010026,0.4713551902904861
MRK,2022,2023-02-24,2022-12-31,item_1a,72884,0001628280-23-005061,120,0.0925301642933239,0.4791674456559122,0.4283023903456827,-0.3866372813625882,0.525,0.0583333333333333,0.4166666666666667,1689,145,66,0.0858496151568975,0.039076376554174,-0.3744075829383886,-0.3744075811639451,386,-0.0892114011648421,0.0416666666666666,0.0507475615091001,0.0013678895727154,-0.0120887423586784,2023-02-24,-0.0201709121981222,-0.0242660141553637,0.0290357763954058,-0.0210488045017998,0.0166318672285008,-0.1017134310535261,0.2020947713555482,0.1873950713790823,0.0146996999764659,0.2441262459904738,20.566438100109774,Health Care,11.196624415169769,22,-0.7582055866709327,0.8589134568903427,-0.4499788558520406,-1.2006139204095787,0.05197641224399812,-0.6495798029966204,0.896414963669222,0.0719268781767882,0.5057155352846459
MRK,2023,2024-02-26,2023-12-31,item_1a,69512,0001628280-24-006850,120,0.1111458060564473,0.4450102875552451,0.4438439057519038,-0.3338644814987977,0.475,0.075,0.45,1707,135,58,0.0790861159929701,0.0339777387229056,-0.3989637305699481,-0.3989637285027786,372,0.0527727998637904,-0.05,-0.0341571581006671,-0.0067634991639274,-0.0245561476315595,2024-02-26,-0.0195887655486115,-0.0481112322832633,0.0114200766274106,-0.0381760308240188,-0.086405589866081,-0.2017385328858271,0.1688845207433335,0.1652190850980957,0.0036654356452378,0.1794808795571381,20.443851154617292,Health Care,11.149254678519043,22,-0.26881613900990087,0.32754605177245016,-0.8647375561164522,0.8956141925863588,-0.7180206920142719,-0.8712073482576479,0.5334659782449591,-0.0892591270631891,0.426808396786646
MS,2015,2016-02-23,2015-12-31,item_1a,50293,0001193125-16-473553,120,0.0864689909154549,0.3147673170315102,0.5987636914476753,-0.2282983261160552,0.325,0.0583333333333333,0.6166666666666667,1201,125,26,0.1040799333888426,0.0216486261448792,-0.6556291390728477,-0.6556291347309329,396,,,,,,2016-02-23,0.0657951471195033,0.0037207971831318,0.1377854470557984,0.0652581488913126,0.3066002860728953,0.1585168371561731,0.3210155279325562,0.3971979828508908,-0.0761824549183345,-0.3143297747365801,19.714682971303706,Financials,10.825621181393542,23,0.7101533795262392,-1.2665561635812255,0.667960676929324,,,1.4471974798239637,-2.2390154207493813,-1.0480211399694965,-0.11229093088256455
MS,2016,2017-02-27,2016-12-31,item_1a,57175,0001193125-17-059212,120,0.0650526408338919,0.3142256035236642,0.6207217570704718,-0.2491729626897722,0.3166666666666666,0.0333333333333333,0.65,1138,116,26,0.101933216168717,0.0228471001757469,-0.6338028169014085,-0.6338028124380084,441,-0.0208746365737169,-0.0083333333333333,-0.0005417135078459,-0.0021467172201255,0.0218263221714392,2017-02-27,-0.0730802686885766,-0.0698488655659927,-0.0612132880594956,-0.0850487159162644,0.0120787448805916,-0.0288803844684215,0.2384034278383466,0.2339765969351582,0.0044268309031883,0.488572293772334,19.767141047524834,Financials,10.953872018890982,23,0.5165720859563744,-1.3551173977675417,0.5363173333767385,-0.19170274543867952,-0.2808372239924192,-0.1840424856165866,2.268848131402741,-0.9790455429784084,0.1013456082333831
MSFT,2014,2014-07-31,2014-06-30,item_1a,38057,0001193125-14-289961,120,0.1494537221345429,0.3855810683298235,0.4649652063536147,-0.2361273461952805,0.4,0.125,0.475,965,98,32,0.1015544041450777,0.033160621761658,-0.5076923076923077,-0.5076923037869823,351,,,,,,2014-07-31,0.0591692949784716,0.0197058413790176,0.0869126449533774,0.0561183453964573,-0.0521614496658474,-0.0956554766294389,0.1863125056726586,0.1498182323528036,0.036494273319855,0.2061249378011935,20.97311170226662,Technology,10.54684031483226,24,0.6375508300653737,-0.46950505590438735,0.5130874077478372,,,-1.0251239833789516,0.6830580440156331,0.6066501564579462,-0.5766760426373796
MSFT,2015,2015-07-31,2015-06-30,item_1a,39119,0001193125-15-272806,120,0.1643561375055772,0.3705268965607198,0.4651169655378908,-0.2061707590551426,0.3833333333333333,0.1333333333333333,0.4833333333333333,1043,110,41,0.1054650047938638,0.0393096836049856,-0.4569536423841059,-0.4569536393579229,355,0.0299565871401379,-0.0166666666666666,-0.0150541717691036,0.0039106006487861,0.0507386653082017,2015-07-31,-0.0619491017568142,-0.0009989432579536,0.1501467634922937,0.1529222758965904,0.187194163443336,0.2569556587405371,0.3495968957312267,0.1865107725175067,0.1630861232137199,0.1311709288724474,21.052299565774447,Technology,10.574363561449843,24,0.9153537450549339,-0.6466275242770185,0.7528975419745492,0.5587599074129612,0.29275695157758025,-0.6584175152627105,0.262231571909181,0.7107719724558643,-0.5308286137445066
MSFT,2016,2016-07-28,2016-06-30,item_1a,42931,0001193125-16-662209,120,0.1277889445230054,0.4022320860880427,0.4699789697925249,-0.2744431415650373,0.4166666666666667,0.1083333333333333,0.475,1015,103,38,0.1014778325123152,0.0374384236453202,-0.4609929078014184,-0.4609929045319652,388,-0.0682723825098947,0.0333333333333333,0.0317051895273228,-0.0039871722815485,-0.0040392654173124,2016-07-28,0.0388127344700843,0.0364140195803257,0.0853560699941504,0.094353130830872,0.1855027409284653,0.1176291995709832,0.1453311007976226,0.2310075835141454,-0.0856764827165227,0.1126373160766172,21.178694301280448,Technology,10.667349454681297,24,0.282228656879629,-0.2923825875317567,0.5083917982545909,-0.8914741763742852,-0.4551180404324266,-0.21371490460208561,0.1581752979389569,0.876964729912449,-0.37593539975696155
MSFT,2017,2017-08-02,2017-06-30,item_1a,44881,0001564590-17-014900,120,0.155714815777416,0.4425802081629323,0.401704973153149,-0.2868653923855163,0.475,0.1166666666666666,0.4083333333333333,1419,130,61,0.0916138125440451,0.0429880197322057,-0.3612565445026178,-0.3612565426112223,285,-0.012422250820479,0.0583333333333332,0.0403481220748896,-0.0098640199682701,0.0997363632988006,2017-08-02,0.0402484188429657,0.0400464172892491,0.1572542728358483,0.1128550124723062,0.3179925538779309,0.1685265879468727,0.1717356827024202,0.1592388510486627,0.0124968316537574,0.1359410694780345,21.06957048227428,Technology,10.711769821588275,24,0.1670307048393342,0.32754605177245016,-0.09650043315750677,-0.06691330753318613,-1.0116226975705922,-0.9309740064648016,0.28901334744315216,0.7334809976808374,-0.3019412361519337
MSFT,2018,2018-08-03,2018-06-30,item_1a,54542,0001564590-18-019062,120,0.1479482228324438,0.4510375701317874,0.4010142007532219,-0.3030893472993436,0.4916666666666666,0.1333333333333333,0.375,1492,149,57,0.0998659517426273,0.0382037533512064,-0.4466019417475728,-0.4466019395796022,338,-0.0162239549138272,0.0166666666666666,0.008457361968855,0.0082521391985822,-0.085345397244955,2018-08-03,0.0379476016205158,0.0160506794334436,-0.0158496280465939,0.0153628810217223,0.0005327239284007,0.0275486794247696,0.275717966119378,0.1676401463403424,0.1080778197790355,0.1515355182584465,21.49582119666474,Technology,10.906726326060939,24,0.016577585909722897,0.5046685201450802,0.4095462810432391,-0.12304095370813734,0.7038764072622011,-0.8470111815912841,0.3765677952772119,1.2939456508073635,0.022811675457818
MSFT,2019,2019-08-01,2019-06-30,item_1a,56587,0001564590-19-027952,120,0.1221552575899598,0.478295200675105,0.3995495377729336,-0.3561399430851452,0.5083333333333333,0.1,0.3916666666666666,1548,166,51,0.107235142118863,0.0329457364341085,-0.5299539170506913,-0.5299539146085073,346,-0.0530505957858015,0.0166666666666666,0.0272576305433176,0.0073691903762357,-0.0833519753031184,2019-08-01,0.0018766505308294,0.0099829337256992,0.0509311373153196,0.0146249345963354,0.2413298521405067,0.1396991264016358,0.2230258001698025,0.2066814273102434,0.0163443728595591,0.2912066517071647,21.84652437113562,Technology,10.94353455583153,24,-0.47538800690916294,0.6817909885177115,0.8614478409265889,-0.6667425722246244,0.6202660845443438,-0.4568313196645172,1.1607461358941804,1.7550750434261426,0.08412576098439843
MSFT,2020,2020-07-30,2020-06-30,item_1a,64201,0001564590-20-034944,120,0.1207238356194769,0.4394847850936154,0.4397913691122085,-0.3187609494741385,0.4916666666666666,0.075,0.4333333333333333,1428,158,44,0.1106442577030812,0.0308123249299719,-0.5643564356435643,-0.5643564328497206,407,0.0373789936110066,-0.0166666666666666,-0.0388104155814896,0.0034091155842181,-0.034402518592873,2020-07-30,0.1253719716039096,0.0432011128954663,-0.0035803141958605,-0.0159509359153726,0.1433518710768224,-0.0084422603374674,0.347045439543547,0.2769071763259783,0.0701382632175687,0.2210617928633587,22.35570242543611,Technology,11.06977406588073,24,-0.12875328059881475,0.5046685201450802,1.0705053590087585,0.6683429243796185,0.24526911646694974,0.24500715422643635,0.7669204565805421,2.424578441188781,0.2944118889571891
MSFT,2021,2021-07-29,2021-06-30,item_1a,68800,0001564590-21-039151,120,0.1024613781793353,0.3914888224254051,0.5060498021698246,-0.2890274442460698,0.4333333333333333,0.0416666666666666,0.525,1393,127,40,0.091170136396267,0.0287150035893754,-0.5209580838323353,-0.5209580807128259,435,0.0297335052280686,-0.0583333333333332,-0.0479959626682102,-0.0194741213068141,0.0433983518112289,2021-07-29,0.0481458590577998,0.0263597446074694,0.1301523807659867,0.0966920875491945,0.0504836347914581,0.0652541418531917,0.1941201099412262,0.1703525174986209,0.0237675924426052,0.2346141250670101,22.554229638721893,Technology,11.138959023921435,24,0.14698088052488112,-0.11526011915912669,-0.12370802761870135,0.5554663679050954,-1.9216456274745106,-0.8199036539246801,0.8430095174805259,2.6856160933825257,0.409658192865288
MSFT,2022,2022-07-28,2022-06-30,item_1a,70356,0001564590-22-026876,120,0.1104284514905884,0.3977157393625627,0.4918558119330555,-0.2872872878719742,0.4416666666666666,0.0666666666666666,0.4916666666666666,1363,131,36,0.0961115187087307,0.0264123257520176,-0.5688622754491018,-0.5688622720427409,439,0.0017401563740956,0.0083333333333333,0.0062269169371575,0.0049413823124637,-0.0479041916167665,2022-07-28,-0.0280416816434485,-0.0261701368777245,-0.1613508806348137,-0.1059890388685875,-0.0977622057348032,-0.1055121579670438,0.3380773037109245,0.3806002519104089,-0.0425229481994844,-0.0643597281192223,22.82479222178916,Technology,11.161323346752216,24,0.16311824994550167,-0.026698884972811674,0.1793128282657417,0.14217781594312515,0.3903662188086003,1.2813192041688277,-0.8355679687222436,3.0413709558339823,0.44691203558842085
NFLX,2014,2015-01-29,2014-12-31,item_1a,44783,0001065280-15-000006,120,0.1314132483055194,0.3785376206971705,0.4900491302988181,-0.247124372391651,0.3916666666666666,0.1,0.5083333333333333,1443,158,44,0.1094941094941095,0.0304920304920304,-0.5643564356435643,-0.5643564328497206,269,,,,,,2015-01-29,0.0821315131892848,0.0326241812644063,0.2539431574019857,0.2173049790076817,0.7596214304151696,0.7061478234882144,0.4516305199689226,0.4832014265152146,-0.0315709065462919,0.0428490352319355,20.67003871726333,Communication,10.70958388210257,25,0.5355697225621437,-0.5580662900907035,0.999974711380565,,,2.3067187593650496,-0.23364838757145598,0.20814831311255078,-0.3055825109814417
NFLX,2015,2016-01-28,2015-12-31,item_1a,46690,0001065280-16-000047,120,0.112189788192821,0.4490863508312032,0.4387238555587828,-0.3368965626383821,0.5,0.0833333333333333,0.4166666666666667,1513,190,42,0.1255783212161269,0.0277594183740912,-0.6379310344827587,-0.6379310317330559,274,-0.089772190246731,0.1083333333333333,0.0705487301340326,0.0160842117220173,-0.0735745988391943,2016-01-28,-0.0105921387174404,-0.0341239521891213,-0.0437453773412811,-0.1463839407034476,-0.0292341937648851,-0.1874023279696582,0.4780741554493717,0.4988984475684276,-0.0208242921190559,-0.1473339449100958,21.1547821613266,Communication,10.751285287964983,25,-0.296934194485346,0.5932297543313965,1.9863083512486914,-1.208893305231272,1.4455299376375879,2.4635953104168973,-1.301423597086208,0.8455233533415955,-0.23611751411627102
NFLX,2016,2017-01-27,2016-12-31,item_1a,48155,0001628280-17-000496,120,0.1091512179778268,0.4299285542491513,0.4609202254408349,-0.3207773362713245,0.45,0.075,0.475,1520,199,51,0.1309210526315789,0.0335526315789473,-0.592,-0.5919999976320001,283,0.0161192263670576,-0.0499999999999999,-0.0191577965820519,0.005342731415452,0.0459310344827587,2017-01-27,-0.0022463733429113,-0.0350020407283554,0.0684450957741411,0.0241345359364022,0.2919620552100104,0.2036380164571607,0.2119520078525204,0.2481942692705617,-0.0362422614180412,0.5097782696966788,20.72271107603841,Communication,10.782180253994964,25,-0.14745227749670187,0.06186234921350453,2.3139411762149877,0.35446770833689123,0.4283717375590466,-0.041950594906735715,2.3879082879355273,0.27740566399452266,-0.18465357245677322
NFLX,2017,2018-01-29,2017-12-31,item_1a,56174,0001065280-18-000069,120,0.1325057311837251,0.3718349647630627,0.4956593029511472,-0.2393292335793376,0.3916666666666666,0.1083333333333333,0.5,1612,199,47,0.1234491315136476,0.0291563275434243,-0.6178861788617886,-0.6178861763500562,322,0.0814481026919868,-0.0583333333333333,-0.0580935894860885,-0.0074719211179312,-0.0258861788617886,2018-01-29,0.0238589150437322,0.0696294746592953,0.0979303802660349,0.1650604122603076,0.1769914197124102,0.1852345407728453,0.4718847429284939,0.3267367054938055,0.1451480374346883,0.5031749294950263,20.665544318657265,Communication,10.936209295381952,25,0.6078580735241068,-0.5580662900907035,1.8557398493219635,1.318970985114391,-0.7851042949316652,0.7430051278474322,2.350834082020513,0.2022387592497178,0.07192355380113503
NFLX,2018,2019-01-29,2018-12-31,item_1a,59339,0001065280-19-000043,120,0.1022401808217788,0.4306776696466841,0.4670821455152084,-0.3284374888249052,0.4666666666666667,0.0666666666666666,0.4666666666666667,1587,179,56,0.1127914303717706,0.03528670447385,-0.5234042553191489,-0.5234042530918968,333,-0.0891082552455675,0.075,0.0588427048836213,-0.010657701141877,0.0944819235426397,2019-01-29,0.0887808463919155,0.0308109120760944,0.1266038778387543,0.0054808153847774,-0.0090301274101946,-0.1612779955041164,0.2982534083555554,0.5714767434525115,-0.2732233350969561,-0.075545907592057,21.94140760472568,Communication,10.991022041663719,25,-0.21848883111659628,0.23898481758613516,1.2021766320767893,-1.1990910934037724,-1.0867798724609832,3.1889452160402354,-0.8983723538536338,1.8798342445400273,0.16322904266635213
NFLX,2019,2020-01-29,2019-12-31,item_1a,63641,0001065280-20-000040,120,0.0930409739570071,0.4246949750930071,0.482264049227039,-0.3316540011359999,0.4583333333333333,0.05,0.4916666666666666,1611,179,53,0.1111111111111111,0.0328988206083178,-0.5431034482758621,-0.5431034459348989,356,-0.0032165123110947,-0.0083333333333333,-0.005982694553677,-0.0016803192606595,-0.0196991929567131,2020-01-29,0.0753875114582087,0.1683398916296059,0.2002854908782327,0.2972968293719652,0.411819535793301,0.4061526977739058,0.5976493346949993,0.3067808668188837,0.2908684678761155,0.0475503670169836,21.438459042925743,Communication,11.061013195716075,25,-0.24831721216487226,0.15042358339981954,1.0991342547970826,0.06899848916290678,-0.23667194179376524,0.5435658116831714,-0.20725293657984192,1.2185218250810164,0.2798182845945
NFLX,2020,2021-01-28,2020-12-31,item_1a,69618,0001065280-21-000040,120,0.1129771082817266,0.4085339599327805,0.4784889289333174,-0.2955568516510539,0.3833333333333333,0.0916666666666666,0.525,1614,177,37,0.1096654275092936,0.0229244114002478,-0.6542056074766355,-0.6542056044196,380,0.036097149484946,-0.0749999999999999,-0.0161610151602265,-0.0014456836018174,-0.1111021592007733,2021-01-28,0.0223542248798711,-0.0092904953458712,-0.0549572790740702,-0.1709592571519409,-0.0452098281785581,-0.2197448258312867,0.3158628016978556,0.5046484379374244,-0.1887856362395688,0.0711755593883083,21.7027684143023,Communication,11.150778433575601,25,0.08643031107003736,-0.6466275242770185,1.0104804622629795,0.6494180181290627,-0.21445325520582809,2.521060905615607,-0.07461018003412927,1.566054521556349,0.4293466239288278
NFLX,2021,2022-01-27,2021-12-31,item_1a,68255,0001065280-22-000036,120,0.1050524458521977,0.4223463356184462,0.4726012223865837,-0.3172938897662485,0.4583333333333333,0.0833333333333333,0.4583333333333333,1648,194,57,0.1177184466019417,0.0345873786407767,-0.545816733067729,-0.5458167308931604,372,-0.0217370381151946,0.0749999999999999,0.0138123756856657,0.008053019092648,0.1083888744089064,2022-01-27,0.0202224342485062,0.0077234928370775,-0.484044463174309,-0.479172624217558,-0.4184121842245336,-0.3808811391874012,0.8785957171454345,0.5132131046255088,0.3653826125199256,-0.3073367801016929,21.32216705181913,Communication,11.131005970437078,25,-0.11514847770825078,0.15042358339981954,1.504316515335206,-0.2044350800423868,0.6850208452008262,2.6066564696643866,-2.199753514632305,1.0656128720715987,0.39641022618564753
NFLX,2022,2023-01-26,2022-12-31,item_1a,69473,0001065280-23-000035,120,0.1115206378589694,0.3931234677671454,0.4953558910327653,-0.281602829908176,0.4333333333333333,0.0833333333333333,0.4833333333333333,1671,215,53,0.1286654697785757,0.0317175344105326,-0.6044776119402985,-0.604477609684785,380,0.0356910598580725,-0.0249999999999999,-0.0292228678513007,0.0109470231766339,-0.0586608788725694,2023-01-26,-0.1146709283827617,-0.0973269115370991,-0.1069422117319587,-0.1297563847598783,0.1669361604073584,0.0295239067717751,0.354041836876396,0.4997347124879027,-0.1456928756115066,0.7201626921693127,21.510408446682504,Communication,11.148693466862769,25,0.21583316653768264,-0.11526011915912669,2.1756218551393176,0.6434225870453142,0.9590668706157638,2.4719529698663028,3.5691037377943426,1.313126001115909,0.4258735466266202
NFLX,2023,2024-01-26,2023-12-31,item_1a,70192,0001065280-24-000030,120,0.1042509423491234,0.397228912570669,0.4985201495699584,-0.2929779702215455,0.45,0.0666666666666666,0.4833333333333333,1684,200,57,0.1187648456057007,0.0338479809976247,-0.556420233463035,-0.5564202312979758,383,-0.0113751403133695,0.0166666666666666,0.0041054448035235,-0.009900624172875,0.0480573784772634,2024-01-26,0.054784194278449,0.0147357621343093,-0.0161109133833261,-0.0621279003670582,0.0991199352540714,-0.0256323747188746,0.3207103043984207,0.31623021538556,0.0044800890128607,0.3296425825177529,21.42163453279737,Communication,11.158989623405995,25,0.1103456114071031,0.06186234921350453,1.5684849406189383,-0.051453964405469205,-1.0150889113333703,0.6380029158828546,1.3765432279553123,1.1963997665957735,0.44302458667448635
NKE,2014,2014-07-25,2014-05-31,item_1a,54160,0000320187-14-000097,120,0.1014573145114506,0.4792903033434413,0.4192523849351952,-0.3778329888319907,0.5083333333333333,0.0583333333333333,0.4333333333333333,1778,177,88,0.0995500562429696,0.0494938132733408,-0.3358490566037735,-0.3358490553364187,276,,,,,,2014-07-25,0.0294645189016495,0.0169213570980244,0.1662745664327192,0.175776864494374,0.2470249898549104,0.1973101994289225,0.2985155943154127,0.1502086099233144,0.1483069843920982,0.087449111329988,19.32341363927457,Consumer Discretionary,10.899697907586157,26,-0.6765588317192089,0.6817909885177115,0.39017459137760097,,,-1.0212225369413044,0.016757067030246525,-1.5624897919888765,0.011103939058506129
NKE,2015,2015-07-23,2015-05-31,item_1a,59314,0000320187-15-000113,120,0.1161826864583417,0.4359431650411958,0.4478741413758447,-0.319760478582854,0.4666666666666667,0.0916666666666666,0.4416666666666666,1788,152,84,0.0850111856823266,0.046979865771812,-0.288135593220339,-0.2881355919994254,294,0.0580725102491366,-0.0416666666666666,-0.0433471383022455,-0.014538870560643,0.0477134633834345,2015-07-23,-0.0625436790866026,-0.003784652753324,0.1649640505353027,0.1996042371712448,0.0733743463707248,0.156777979334902,0.3073065646592866,0.1532801769621166,0.15402638769717,0.2269627143666308,19.486560401020757,Consumer Discretionary,10.990600644811217,26,-0.13802243060976618,0.23898481758613516,-0.5013939459863124,0.9738581226857288,-1.454304942332311,-0.9905251936850056,0.8000509590565307,-1.3479728653450123,0.16252709196630527
NKE,2016,2016-07-21,2016-05-31,item_1a,61013,0000320187-16-000336,120,0.0853139487638448,0.4502520840692644,0.4644339651645471,-0.3649381353054196,0.4916666666666666,0.0416666666666666,0.4666666666666667,1629,161,68,0.0988336402701043,0.0417434008594229,-0.4061135371179039,-0.4061135353444823,300,-0.0451776567225655,0.0249999999999999,0.0143089190280685,0.0138224545877777,-0.1179779438975649,2016-07-21,0.0335146463152438,0.0230184635043104,-0.0885388128871081,-0.0843421454222523,-0.0605270057148514,-0.1204452490963865,0.1873159307683917,0.2033486883355652,-0.0160327575671735,-0.01629273480377,20.020860483448686,Consumer Discretionary,11.018842235203824,26,-0.556978190530442,0.5046685201450802,0.3462417467726888,-0.5505079765675264,1.2313541676301873,-0.49013882394390845,-0.5656976374243469,-0.6454372442806164,0.20957111716206464
NKE,2017,2017-07-20,2017-05-31,item_1a,64568,0000320187-17-000090,120,0.0776713977140995,0.5298454475395071,0.3924831591856976,-0.4521740498254075,0.5916666666666667,0.05,0.3583333333333333,1751,182,63,0.1039406053683609,0.0359794403198172,-0.4857142857142857,-0.4857142837317784,308,-0.0872359145199879,0.1,0.0795933634702427,0.0051069650982565,-0.0796007485963817,2017-07-20,-0.0702198980460002,-0.0524538312123379,-0.1120182155044584,-0.1520389365431749,0.1449227418347256,-0.0013419008715869,0.1760510433809337,0.2762205555712563,-0.1001695121903225,0.09156273412636,19.91906215831077,Consumer Discretionary,11.075474211004208,26,-1.3659619119424793,1.5674033303808652,0.6594166515240123,-1.1714482061132656,0.4060459839391152,0.23814504354210667,0.03985284794597538,-0.7792888979227037,0.30390702599021274
NKE,2018,2018-07-25,2018-05-31,item_1a,67547,0000320187-18-000142,120,0.105385641551887,0.4517831107989574,0.4428312384989112,-0.3463974692470704,0.5,0.075,0.425,1768,157,62,0.0888009049773755,0.0350678733031674,-0.4337899543378995,-0.4337899523571235,313,0.1057765805783371,-0.0916666666666666,-0.0780623367405496,-0.0151397003909853,0.0519243313763861,2018-07-25,0.07452035531522,0.0682528475114034,-0.0470363130509358,-0.0147786576468096,0.050393845202856,0.1048560213075386,0.2442500138587366,0.2844866983631829,-0.0402366845044463,0.131517458977874,19.915339635873785,Consumer Discretionary,11.120578930855121,26,-0.3850410118137046,0.5932297543313965,-0.2689966304717903,1.678152069504782,-1.5112001719787254,0.3207571498330711,0.2641771521900701,-0.7841835342856797,0.37904116495391244
NKE,2019,2019-07-23,2019-05-31,item_1a,68827,0000320187-19-000051,120,0.0936073127901181,0.5008802289182009,0.4055124620907008,-0.4072729161280828,0.55,0.0583333333333333,0.3916666666666666,1749,189,73,0.1080617495711835,0.0417381360777587,-0.4427480916030534,-0.4427480899131752,322,-0.0608754468810123,0.05,0.0490971181192435,0.0192608445938079,-0.0089581372651539,2019-07-23,-0.0456750341459533,-0.0204109116872666,0.1126708369011619,0.1081864920592576,0.2114562694152792,0.0965454679527033,0.2424548794826805,0.2163177305622586,0.0261371489204219,0.0743454964799406,20.08911693497853,Consumer Discretionary,11.139351388796735,26,-0.9495704929500373,1.124597159449289,0.9121379680699253,-0.7822672061413245,1.7463393309393616,-0.36052578411473724,-0.05681268711631686,-0.5556888236004842,0.4103117829366301
NKE,2020,2020-07-24,2020-05-31,item_1a,84715,0000320187-20-000047,120,0.0769502137321978,0.4758431315266838,0.447206656060492,-0.3988929177944859,0.5166666666666667,0.0333333333333333,0.45,1904,188,57,0.0987394957983193,0.0299369747899159,-0.5346938775510204,-0.5346938753685965,391,0.0083799983335969,-0.0333333333333333,-0.0250370973915171,-0.0093222537728642,-0.0919457859479669,2020-07-24,0.1361373606110811,0.0674509769960178,0.3238655156277941,0.2456136443146535,0.4033534500264564,0.195506947275255,0.2718496143516145,0.349741938130394,-0.0778923237787794,-0.0407818549150218,20.17558998753072,Consumer Discretionary,11.347047960592207,26,-0.8718584373747316,0.7703522227040276,0.340468516406537,0.24020719724414633,-0.9603204643164244,0.9729201887968275,-0.7031908838657239,-0.4419879246524077,0.7562867305506548
NKE,2021,2021-07-20,2021-05-31,item_1a,86386,0000320187-21-000028,120,0.0770906691206619,0.4958780538445959,0.4270312692193935,-0.418787384723934,0.5333333333333333,0.05,0.4166666666666667,1810,178,75,0.098342541436464,0.0414364640883977,-0.4071146245059288,-0.4071146228967801,391,-0.0198944669294481,0.0166666666666666,0.0200349223179121,-0.0003969543618552,0.1275792530450915,2021-07-20,0.0567796405285621,0.0379424268927346,-0.0002938509509525,-0.0410369135142693,-0.0768934890950889,-0.1430125770807131,0.2138914245589345,0.3656052564311866,-0.1517138318722521,0.1264220245547209,20.44396878542547,Consumer Discretionary,11.36658090462569,26,-1.0563501112529947,0.9474746910766577,0.31612604645171105,-0.17723170465430987,-0.11514445272748666,1.1314587200779977,0.2355690267169718,-0.08910445773859679,0.7888241442899011
NKE,2022,2022-07-21,2022-05-31,item_1a,93079,0000320187-22-000038,120,0.1122859828174114,0.5056370424300742,0.3820769699756056,-0.3933510596126628,0.575,0.0833333333333333,0.3416666666666667,1965,202,81,0.1027989821882951,0.0412213740458015,-0.4275618374558304,-0.4275618359450112,408,0.0254363251112711,0.0416666666666666,0.0097589885854783,0.004456440751831,-0.0204472129499015,2022-07-21,0.0137967138499113,-0.0447553066780868,-0.2042251363779833,-0.1320661727560849,0.1411346983969561,0.1397768215609052,0.4295227265401355,0.45962614330012,-0.0301034167599844,-0.2402894966826739,20.54728353795051,Consumer Discretionary,11.44120387391202,26,-0.820465922260538,1.3902808620082339,0.5894087850514056,0.4920236066529364,0.34444496113474427,2.0711065939537323,-1.823319056371779,0.046741102120706174,0.9131289301920226
NKE,2023,2023-07-20,2023-05-31,item_1a,92833,0000320187-23-000039,120,0.1047600572307904,0.4639649760133276,0.4312749670663228,-0.3592049187825372,0.5,0.0583333333333333,0.4416666666666666,1758,167,67,0.0949943117178612,0.0381114903299203,-0.4273504273504273,-0.4273504255241435,408,0.0341461408301256,-0.0749999999999999,-0.0416720664167465,-0.0078046704704339,0.000211410105403,2023-07-20,-0.0252952964489503,0.0093810647520831,-0.0317301980052203,0.0135007033580992,-0.0471013677309509,-0.122103661998227,0.2231748432556868,0.2684433960084607,-0.0452685527527738,-0.1372247801984703,20.3936401687022,Consumer Discretionary,11.438557459010648,26,-0.5038111106200264,0.5932297543313965,0.11080223807735139,0.6206136922864419,-0.8166138004010443,0.16041985192420144,-1.2446660709400004,-0.15528009043983984,0.9087206087211758
NVDA,2014,2014-03-13,2014-01-26,item_1a,71638,0001045810-14-000030,120,0.1232673851695532,0.4499248523109903,0.4268077648400019,-0.326657467141437,0.45,0.0916666666666666,0.4583333333333333,1607,164,52,0.1020535158680771,0.0323584318606098,-0.5185185185185185,-0.5185185161179698,415,,,,,,2014-03-13,0.0214202210170957,0.036912686280663,0.1054059786591945,0.0556477728711035,0.104039023708329,0.0124082318958496,0.2248858524994709,0.2346040893844764,-0.0097182368850054,0.1975655240204143,18.43346782125213,Technology,11.179380938420351,27,-0.20198177007860743,0.06186234921350453,0.5436944832424326,,,-0.17777130518519088,0.6350015363498607,-2.732653635379994,0.47699184998983923
NVDA,2015,2015-03-12,2015-01-25,item_1a,37285,0001045810-15-000036,120,0.0903913307546948,0.4860278466832824,0.4235808248942097,-0.3956365159285875,0.5083333333333333,0.05,0.4416666666666666,1430,148,41,0.1034965034965035,0.0286713286713286,-0.5661375661375662,-0.5661375631421293,234,-0.0689790487871505,0.0583333333333332,0.0361029943722921,0.0014429876284263,-0.0476190476190476,2015-03-12,-0.0052931789215346,-0.0194089654235298,-0.0383571593597334,-0.0647921144688151,0.0048503411664913,0.0503299633076532,0.2999979488310728,0.2953595498115374,0.0046383990195353,0.1804149176897005,18.58057824323971,Technology,10.526346379977895,27,-0.8416601398686744,0.6817909885177115,0.6321829503447528,-0.9019072647472025,0.05908777874062605,0.4294207892290189,0.5387101003107021,-2.539222424951478,-0.6108142471168752
NVDA,2016,2016-03-17,2016-01-31,item_1a,40586,0001045810-16-000205,120,0.0797701069541896,0.5438791418486896,0.3763507511466741,-0.4641090348944999,0.575,0.0333333333333333,0.3916666666666666,1412,148,50,0.1048158640226629,0.0354107648725212,-0.494949494949495,-0.49494949244975,256,-0.0684725189659123,0.0666666666666666,0.0578512951654071,0.0013193605261593,0.0711880711880711,2016-03-17,0.1264475905379127,0.0986454892715349,0.4525741412943438,0.4290455443014709,0.9186058982666954,0.8556359242424123,0.3613316278985994,0.3916871709289237,-0.0303555430303242,0.4536499743283737,19.079646082217646,Technology,10.611178458536914,27,-1.4766411968369964,1.3902808620082339,0.7130902209375515,-0.8944289534727236,0.04738098254178473,1.3921222419885242,2.0727780785874583,-1.883012654935349,-0.4695034219947948
NVDA,2017,2017-03-01,2017-01-29,item_1a,41387,0001045810-17-000027,120,0.1139824798873936,0.4585167784088602,0.4275007419753819,-0.3445342985214665,0.475,0.075,0.45,1453,135,51,0.0929112181693049,0.0350997935306262,-0.4516129032258064,-0.4516129007977801,254,0.1195747363730334,-0.0999999999999999,-0.0853623634398293,-0.011904645853358,0.0433365917236885,2017-03-01,0.0643054456398068,0.0745733253474023,0.4057984281569169,0.3944948190359956,0.6053946602466145,0.5748063547076203,0.4921414876964142,0.4533520276938673,0.0387894600025469,0.640499198816133,20.096140344714307,Technology,10.630722100840213,27,-0.3677628667341383,0.32754605177245016,-0.016939505033429253,1.881865453633396,-1.2048585731734212,2.008402873682679,3.121836042008198,-0.5464539466409082,-0.43694818738683217
NVDA,2018,2018-02-28,2018-01-28,item_1a,41141,0001045810-18-000010,120,0.0906610000412911,0.543237205214488,0.3661017954039077,-0.4525762051731969,0.5666666666666667,0.0666666666666666,0.3666666666666666,1529,176,53,0.1151079136690647,0.0346631785480706,-0.537117903930131,-0.537117901584638,238,-0.1080419066517303,0.0916666666666666,0.0847204268056278,0.0221966954997598,-0.0855050007043246,2018-02-28,-0.04301650645813,-0.0156056967294933,0.046059960933668,0.038506854725218,0.1345029999925042,0.0581612117793008,0.4003424109948684,0.4307879835067078,-0.0304455725118393,0.5040835911395265,21.64962511515379,Technology,10.62476047015509,27,-1.3696913063281586,1.301719627821919,1.3442305568697681,-1.4786239715108218,2.024348016704188,1.7828970647866318,2.355935728745733,1.4961779448898138,-0.44687889951245485
NVDA,2019,2019-02-21,2019-01-27,item_1a,43011,0001045810-19-000023,120,0.1234776194052149,0.4935357017442584,0.3829866779657702,-0.3700580823390434,0.5,0.1,0.4,1558,152,58,0.0975609756097561,0.0372272143774069,-0.4476190476190476,-0.4476190454875283,243,0.0825181228341535,-0.0666666666666666,-0.0497015034702296,-0.0175469380593086,0.0894988563110834,2019-02-21,0.1406749432765062,0.1296448689747402,-0.0219113055777278,-0.0560409797344154,0.1016378311811661,0.0376669417186854,0.359953506294997,0.731861216566552,-0.371907710271555,-0.3513787974636182,21.685767258183468,Technology,10.669211175914377,27,-0.6044581055113815,0.5932297543313965,0.26819801118479847,1.3347685617970912,-1.7391521361392348,4.791832980483183,-2.4470257693890756,1.543700196401685,-0.37283419832393483
NVDA,2020,2020-02-20,2020-01-26,item_1a,46871,0001045810-20-000010,120,0.1153684372392793,0.49625122960036,0.3883803337967644,-0.3808827923610806,0.5416666666666666,0.075,0.3833333333333333,1513,164,61,0.108393919365499,0.0403172504957039,-0.4577777777777778,-0.4577777757432099,275,-0.0108247100220372,0.0416666666666666,0.0027155278561015,0.0108329437557429,-0.0101587301587301,2020-02-20,-0.3330966490312319,-0.0161222825461516,0.1629886149817483,0.2765779489467563,0.5745127108915222,0.5633664213433536,0.9163254692006316,0.3330527779360134,0.5832726912646183,0.8459068769831357,21.214455464352024,Technology,10.755154426298283,27,-0.7048412360719875,1.0360359252629727,0.932507647849318,-0.043327514824627246,0.9482641865249528,0.8061281661340108,4.275089747607469,0.9239860419704797,-0.22967241528482193
NVDA,2021,2021-02-26,2021-01-31,item_1a,79614,0001045810-21-000010,120,0.1195736153128867,0.4577488921737919,0.4226774958117554,-0.3381752768609052,0.475,0.0833333333333333,0.4416666666666666,1617,131,56,0.0810142238713667,0.0346320346320346,-0.4010695187165775,-0.4010695165718207,445,0.0427075155001754,-0.0666666666666666,-0.038502337426568,-0.0273796954941322,0.0567082590612002,2021-02-26,-0.0555456723911597,-0.0994940526265849,0.1297055246780367,0.0237445770973341,0.610024312118959,0.4290737054098474,0.4464229500444274,0.3825740146164216,0.0638489354280057,0.0443462122449727,22.13849926220429,Technology,11.284945235764491,27,-0.30879237234765566,0.32754605177245016,-0.7465000139461977,0.7470122221174519,-2.670259354955348,1.301045054370873,-0.22524254338086347,2.1389843262022836,0.6528378060777208
NVDA,2022,2022-03-18,2022-01-30,item_1a,86587,0001045810-22-000036,120,0.0980974457614744,0.4417496586528917,0.4601528932030002,-0.3436522128914172,0.475,0.075,0.45,1564,144,50,0.0920716112531969,0.0319693094629156,-0.4845360824742268,-0.4845360799766181,478,-0.005476936030512,0.0,-0.0159992335209002,0.0110573873818302,-0.0834665637576492,2022-03-18,-0.1608512497043971,-0.1620208713143492,-0.3995630861887795,-0.2261633365809088,-0.4938643676049546,-0.3753350736752624,0.6995412718214304,0.6273640969379027,0.0721771748835277,0.1138050739963907,22.72464593090745,Technology,11.36890496780863,27,-0.35958283079907766,0.32754605177245016,-0.0684267995266762,0.03562601734141273,0.9695177445276169,3.7474852875915214,0.16473163098472923,2.9096915139327764,0.7926955015829863
NVDA,2023,2023-02-24,2023-01-29,item_1a,102757,0001045810-23-000017,120,0.1132284980616532,0.4297813651151955,0.4569901332569619,-0.3165528670535423,0.4666666666666667,0.0916666666666666,0.4416666666666666,1647,144,55,0.087431693989071,0.0333940497874924,-0.4472361809045226,-0.4472361786571046,566,0.0270993458378749,-0.0083333333333333,-0.0119682935376962,-0.0046399172641258,0.0372999015697042,2023-02-24,0.1395478045689433,0.1354527026117018,0.6313000128145096,0.581215431917304,0.9767493387310238,0.8584040404489968,0.582603622078064,0.6301339298911672,-0.0475303078131031,0.3780967607844903,22.906168403657936,Technology,11.540122256558655,27,-0.10827659111114797,0.23898481758613516,-0.3529608856794696,0.5165761327392635,-0.5169293450794048,3.775167090350456,1.6485873946414789,3.1483701279270195,1.0779043136198
ORCL,2014,2014-06-26,2014-05-31,item_1a,62751,0001193125-14-251351,120,0.1204237297177314,0.415440098910282,0.4641361725361397,-0.2950163691925506,0.45,0.0916666666666666,0.4583333333333333,1112,119,38,0.1070143884892086,0.0341726618705036,-0.5159235668789809,-0.5159235635928435,512,,,,,,2014-06-26,0.0129019501870553,0.0008264302779874,-0.0318098609168745,-0.0411107755397551,0.1583575656343812,0.0844047576045439,0.1556786561530119,0.1937484096556292,-0.0380697535026172,0.1023479587038982,20.15797972381686,Technology,11.046929793122029,28,0.09144248424485682,0.06186234921350453,0.8479105451725758,,,-0.5860843287208591,0.10040608685486228,-0.4651431476482653,0.25635855951294884
ORCL,2015,2015-06-25,2015-05-31,item_1a,67629,0001193125-15-235239,120,0.1114514280149402,0.3449976407689973,0.5435509270367523,-0.2335462127540571,0.3416666666666667,0.0833333333333333,0.575,1070,102,26,0.0953271028037383,0.0242990654205607,-0.59375,-0.5937499953613282,546,0.0614701564384934,-0.1083333333333333,-0.0704424581412846,-0.0116872856854703,-0.0778264331210191,2015-06-25,-0.0586053576417816,-0.0439767271701507,-0.1184966487112462,-0.0424597236765448,-0.0936409135086344,-0.086319708753155,0.2355039998488807,0.2012662418032459,0.0342377580456347,-0.0918588364079657,20.080820981689588,Technology,11.121792164122242,28,0.661487014470978,-1.0894336952085948,0.13121001737806132,1.0240203337524867,-1.1842757791052432,-0.5109508639247851,-0.9899606809016048,-0.5665969310252198,0.381062133872211
ORCL,2017,2017-06-27,2017-05-31,item_1a,69276,0001193125-17-214833,120,0.1150946232723072,0.3616042962181381,0.5233010766562074,-0.2465096729458309,0.3916666666666666,0.0833333333333333,0.525,1000,79,28,0.079,0.028,-0.4766355140186916,-0.4766355095641541,556,,,,,,2017-06-27,-0.0021614233526319,-0.0264849867637655,-0.0522015469507314,-0.0894372960051789,-0.0581927972730952,-0.176530807142197,0.1962445731618262,0.1956844629633095,0.0005601101985167,0.3162009838337807,19.957697706886737,Technology,11.145853804848933,28,0.5412701482178582,-0.5580662900907035,-0.8700184553153093,,,-0.566735347501315,1.3010758762486931,-0.7284881400589942,0.4211433196999776
ORCL,2019,2019-06-21,2019-05-31,item_1a,71168,0001564590-19-023119,120,0.0994523932070781,0.404717351096527,0.495830252704521,-0.3052649578894488,0.425,0.0583333333333333,0.5166666666666667,1791,142,61,0.0792853154662199,0.0340591848129536,-0.3990147783251231,-0.3990147763595331,379,,,,,,2019-06-21,0.0278430485370293,0.0073330797593735,-0.043363477777074,-0.0626060663505551,-0.0432300500652175,-0.139767310744309,0.2199649335469179,0.2304419848157363,-0.0104770512688183,0.2534760058082332,20.48481705935916,Technology,11.1727985581702,28,-0.003597975511410153,-0.2038213533454417,-0.8525220279385095,,,-0.21936751682608932,0.9489088395190213,-0.0353942517303754,0.46602711117621903
ORCL,2020,2020-06-22,2020-05-31,item_1a,79422,0001564590-20-030125,120,0.102772074805883,0.4892405229038559,0.4079873975521574,-0.3864684480979728,0.5166666666666667,0.0666666666666666,0.4166666666666667,1652,165,57,0.0998789346246973,0.034503631961259,-0.4864864864864865,-0.4864864842951059,418,-0.0812034902085239,0.0916666666666667,0.0845231718073288,0.0205936191584773,-0.0874717081613633,2020-06-22,0.0204424295943672,-0.0318400382197057,0.1080755671505613,0.0512250805250162,0.1901234025173888,-0.0082470124076075,0.2082246005636575,0.4189665708771663,-0.2107419703135087,0.0283147217334236,20.20026148206084,Technology,11.282530686941826,28,-0.7566399085501928,0.7703522227040276,0.41034243155091665,-1.0823866250387562,1.8725456394386664,1.6647534733627278,-0.3152507456238776,-0.4095480948594914,0.6488157204206892
ORCL,2021,2021-06-21,2021-05-31,item_1a,71464,0001564590-21-033616,120,0.1074651989775399,0.4579345655743964,0.4346002348388235,-0.3504693665968564,0.5,0.075,0.425,1611,132,58,0.0819366852886405,0.0360024829298572,-0.3894736842105263,-0.3894736821606648,382,0.0359990815011163,-0.0166666666666667,-0.0313059573294595,-0.0179422493360567,0.0970128022759602,2021-06-21,0.1542614680122853,0.1217328104100201,0.1089609000182123,0.0743401113765149,0.2477724208932923,0.1477295169229295,0.1976364729763323,0.2367433134052951,-0.0391068404289628,0.2241608017302925,20.37253945062139,Technology,11.176949105381675,28,-0.4228018204137331,0.5932297543313965,-0.6899318250251273,0.6479701608097319,-1.7765859064625005,-0.15639182909379507,0.7843197256408285,-0.1830248102505576,0.4729409727852291
ORCL,2022,2022-06-21,2022-05-31,item_1a,74664,0001564590-22-023675,120,0.0997720495060396,0.4711666664496685,0.4290612837454925,-0.3713946169436288,0.4833333333333333,0.05,0.4666666666666667,1704,147,53,0.0862676056338028,0.0311032863849765,-0.47,-0.46999999765,402,-0.0209252503467723,-0.0166666666666666,0.0132321008752721,0.0043309203451622,-0.0805263157894736,2022-06-21,0.1062849408106278,0.043043226458109,0.0108539935868861,-0.0174014724538011,0.2008816764135461,0.1788504779952504,0.2534729067232666,0.3721925256828896,-0.118719618959623,-0.3389124731323605,20.343570150089235,Technology,11.220753327245582,28,-0.6168524816598164,0.41610728595876517,-0.4243463862202303,-0.1924499976907955,0.33255887958206226,1.1972921083084052,-2.3770340589597483,-0.2211157000154924,0.5459087797818807
PEP,2014,2015-02-12,2014-12-27,item_1a,64714,0000077476-15-000012,120,0.1050027088494971,0.4887989585947556,0.40619833082892,-0.3837962497452584,0.5583333333333333,0.075,0.3666666666666666,2233,249,84,0.1115091804746977,0.0376175548589341,-0.4954954954954955,-0.495495494007521,193,,,,,,2015-02-12,-0.0416914438803932,-0.0400636221163538,-0.016089306323634,-0.0363705861434531,-0.0008450333944673,-0.0089380751239998,0.1246222690498023,0.165516441660162,-0.0408941726103596,0.1158889273096293,19.818131661695453,Consumer Staples,11.077732840389075,29,-0.7318592321553266,1.2131583936356038,1.1235451001087549,,,-0.8682355568756108,0.17643134726049495,-0.9119994691091557,0.3076693855532701
PEP,2015,2016-02-11,2015-12-26,item_1a,102700,0000077476-16-000066,120,0.1299245509008566,0.2565555816477475,0.6135198675406476,-0.1266310307468908,0.2666666666666666,0.0916666666666666,0.6416666666666667,1957,130,77,0.0664282064384261,0.0393459376596831,-0.2560386473429952,-0.2560386461060935,373,0.2571652189983676,-0.2916666666666667,-0.232243376947008,-0.0450809740362715,0.2394568481525003,2016-02-11,0.0461216328746929,-0.0612831372877591,0.1027665123397509,-0.0326669807855499,0.1359586271046318,-0.0721823897044044,0.1219050835886876,0.1636579674822029,-0.0417528838935153,0.004526113307451,19.881683761594843,Consumer Staples,11.53956739591665,29,1.652966754111755,-1.8864848028854335,-1.6409597434285303,3.9132255322222926,-4.346471581496087,-0.8868092096896563,-0.44881099547976677,-0.8284366634103811,1.0769800427958223
PEP,2016,2017-02-15,2016-12-31,item_1a,112726,0000077476-17-000010,120,0.0883076721259082,0.3155686940299347,0.596123636731257,-0.2272610219040264,0.3333333333333333,0.0416666666666666,0.625,1957,149,64,0.0761369443025038,0.0327031170158405,-0.3990610328638497,-0.3990610309903238,396,-0.1006299911571356,0.0666666666666666,0.0590131123821872,0.0097087378640776,-0.1430223855208545,2017-02-15,0.0508300350545689,0.0374586171288391,0.0729995213958809,0.0648010510901349,0.1312817508278414,0.07039364417992,0.0879609925320971,0.117948639941575,-0.0299876474094778,-0.0022731542381243,19.860339597971898,Consumer Staples,11.632715374396533,29,0.7197728375934916,-1.1779949293949106,-1.0455898912092414,-1.3691958413501542,0.8418081666237617,-1.3436297510627073,-0.4869852281193099,-0.8565014826760019,1.2321432537065193
PEP,2017,2018-02-13,2017-12-30,item_1a,122642,0000077476-18-000012,120,0.0979260828307208,0.3394361560853819,0.5626377606298775,-0.241510073254661,0.3666666666666666,0.05,0.5833333333333334,1976,166,87,0.0840080971659919,0.0440283400809716,-0.3122529644268774,-0.312252963192676,419,-0.0142490513506345,0.0333333333333333,0.0238674620554472,0.007871152863488,0.0868080684369723,2018-02-13,0.0060431885692451,-0.0277911446358658,-0.1304136786840488,-0.1536684486876207,0.02535893892518,-0.0510203832825713,0.1797009822259022,0.1474746852335599,0.0322262969923423,-0.0258758000684027,19.788357754235264,Consumer Staples,11.717024821305744,29,0.5876340200932013,-0.8237499926496498,-0.5629064381448168,-0.09388384792010993,0.6677991289170481,-1.0485454713191231,-0.6195013979558882,-0.9511483130958669,1.3725834941285218
PEP,2018,2019-02-15,2018-12-29,item_1a,126753,0000077476-19-000017,120,0.115739353649163,0.3150992437886695,0.5691614065474521,-0.1993598901395065,0.35,0.0666666666666666,0.5833333333333334,2191,159,70,0.0725696029210406,0.0319488817891373,-0.388646288209607,-0.3886462865124616,423,0.0421501831151545,-0.0166666666666666,-0.0243369122967124,-0.0114384942449512,-0.0763933237827295,2019-02-15,0.0270691288255924,0.0044498235853791,0.1350899298005266,0.1000138395774039,0.154352221346057,0.103288965427247,0.1212075348604242,0.2002450433812277,-0.0790375085208035,0.0116949083556201,20.08937476310439,Consumer Staples,11.749995589812386,29,0.978514452565582,-1.00087246102228,-1.264350304852283,0.7387838713199691,-1.1607166190443452,-0.521156754956129,-0.4085620645354179,-0.555349812905022,1.4275052475704257
PEP,2019,2020-02-13,2019-12-28,item_1a,138238,0000077476-20-000015,120,0.1219556759577244,0.2968389751506038,0.5812053545222928,-0.1748832991928793,0.3333333333333333,0.075,0.5916666666666667,2013,144,69,0.0715350223546944,0.0342771982116244,-0.352112676056338,-0.3521126744032269,454,0.0244765909466271,-0.0166666666666666,-0.0182602686380656,-0.0010345805663461,0.036533612153269,2020-02-13,-0.2226832655882075,0.0657223734502383,-0.0852829758431658,0.0642876438479367,-0.0434106788118385,-0.0530279315804412,0.6768955816565878,0.1037075314781614,0.5731880501784263,0.1399970130339727,20.05550324192258,Consumer Staples,11.836732116340633,29,1.2054985306306516,-1.1779949293949106,-1.3277939869784148,0.4778542714568062,-0.17552409351931172,-1.4859558632162173,0.31178529042662834,-0.5998864898632739,1.5719884470879584
PEP,2020,2021-02-11,2020-12-26,item_1a,86247,0000077476-21-000007,120,0.1161517837511686,0.2882279717635053,0.5956202405660103,-0.1720761880123366,0.3083333333333333,0.0833333333333333,0.6083333333333333,1861,134,68,0.0720042987641053,0.0365394948952176,-0.3267326732673267,-0.3267326716498382,360,0.0028071111805426,-0.0249999999999999,-0.0086110033870985,0.0004692764094108,0.0253800027890112,2021-02-11,-0.0065034655586098,-0.0210922233405634,0.0931223594106922,0.0395946652074756,0.166556671880294,0.0198523827114813,0.1641473304179299,0.1535062350841029,0.0106410953338269,0.0337344983023775,20.23146813732585,Consumer Staples,11.364970551679981,29,1.2315303234048587,-1.4436786319538568,-1.2990165052467555,0.15793013658420346,-0.033117236086309385,-0.9882659612870716,-0.2848216133370873,-0.3685153725018158,0.7861416648863385
PEP,2021,2022-02-10,2021-12-25,item_1a,93705,0000077476-22-000010,120,0.1322877606803861,0.3109999868708352,0.5567122488593061,-0.178712226190449,0.3333333333333333,0.0916666666666666,0.575,1966,164,75,0.0834181078331637,0.0381485249237029,-0.3723849372384937,-0.3723849356803977,372,-0.0066360381781123,0.0249999999999999,0.0227720151073299,0.0114138090690584,-0.0456522639711669,2022-02-10,-0.0680327366596856,0.0038980768249834,0.0187130221287195,0.1428143020191959,0.0675168729335971,0.1098974321170088,0.2066331049854146,0.1450010920457527,0.0616320129396619,0.1241508211313782,20.35515536218172,Consumer Staples,11.44790682859578,29,1.1699909116808986,-1.1779949293949106,-0.5990864099201961,0.018513250638984097,1.0032688878992067,-1.0732666439985155,0.22281744027427722,-0.2058826419639732,0.9242945184129818
PEP,2022,2023-02-09,2022-12-31,item_1a,94206,0000077476-23-000007,120,0.1192992760489384,0.2734419134251463,0.607258809513102,-0.1541426373762078,0.3,0.1,0.6,2128,173,75,0.081296992481203,0.0352443609022556,-0.3951612903225806,-0.3951612887291884,371,0.0245695888142411,-0.0333333333333333,-0.0375580734456889,-0.0021211153519607,-0.0227763530840869,2023-02-09,0.0121766230667716,0.0655556011021212,0.1382109545668051,0.1219666307544145,0.0798590355666777,-0.02312190373261,0.119942040397864,0.1479575971007751,-0.0280155567029111,-0.0063890487580267,20.53661987070121,Consumer Staples,11.453239152803576,29,1.3978374070363664,-1.5322398661401717,-0.7291597676847965,0.47922727453129493,-0.2784128700488348,-1.0437192340392014,-0.5100937635416031,0.032719756550687845,0.9331769499933638
PEP,2023,2024-02-09,2023-12-30,item_1a,99244,0000077476-24-000008,120,0.1303349654229047,0.3211417584059139,0.5485232722945511,-0.1908067929830091,0.3333333333333333,0.1,0.5666666666666667,1992,171,76,0.0858433734939759,0.038152610441767,-0.3846153846153846,-0.3846153830582373,383,-0.0366641556068013,0.0333333333333333,0.0476998449807676,0.0045463810127728,0.0105459057071959,2024-02-09,-0.0111785445237283,-0.0422639675894763,0.0804678946086958,0.0380531804302979,0.0382903613372023,-0.032445197040736,0.1690225775427119,0.1367089280952575,0.0323136494474543,-0.0411565203129516,20.51798769674452,Consumer Staples,11.505336743321553,29,1.0578317429881705,-1.1779949293949106,-0.4503616139389577,-0.424816242912679,0.3529618015816089,-1.1561388066146117,-0.7052944286912054,0.008220853531693453,1.0199596108454825
PFE,2014,2015-02-27,2014-12-31,item_1a,63885,0000078003-15-000014,120,0.1278050684758151,0.3531695411928618,0.5190253895086546,-0.2253644727170467,0.35,0.0916666666666666,0.5583333333333333,1865,159,84,0.085254691689008,0.0450402144772117,-0.3086419753086419,-0.3086419740385104,290,,,,,,2015-02-27,0.0198136065182752,0.0268411002942433,0.0209071594893595,0.0141547499157284,-0.0152312699432599,0.0299926781490454,0.1321117759497083,0.1777238907905902,-0.0456121148408819,0.2049765779138515,20.448596059981696,Health Care,11.064839871025423,30,0.7373605183963593,-1.00087246102228,-0.486461404059434,,,-0.7462339038084218,0.6766106204954568,-0.08302018915787203,0.286192649747678
PFE,2015,2016-02-29,2015-12-31,item_1a,83534,0000078003-16-000077,120,0.1178884289925918,0.3523047454965611,0.5298068258600931,-0.2344163165039693,0.3666666666666666,0.0916666666666666,0.5416666666666666,1850,162,78,0.0875675675675675,0.0421621621621621,-0.35,-0.3499999985416667,396,-0.0090518437869225,0.0166666666666666,-0.0008647956963007,0.0023128758785595,-0.041358024691358,2016-02-29,0.0134814071346951,-0.0563807122217252,0.1769444865480169,0.0851679344673899,0.1939287902878701,0.0596736219845412,0.194714560908607,0.184287312056246,0.010427248852361,-0.0508673093862825,20.601987290682832,Health Care,11.333009013590118,30,0.6534180927030144,-0.8237499926496498,-0.34462869734742246,-0.017153250253604556,0.14146133820562368,-0.6806388531446096,-0.7598152897566162,0.11866947376856074,0.7329010583095805
PFE,2016,2017-02-23,2016-12-31,item_1a,71711,0000078003-17-000014,120,0.1267064068815671,0.3618883668018194,0.51140522613811,-0.2351819599202523,0.3833333333333333,0.1,0.5166666666666667,1895,169,87,0.0891820580474934,0.045910290237467,-0.3203125,-0.3203124987487793,326,-0.000765643416283,0.0166666666666667,0.0095836213052583,0.0016144904799258,0.0296874999999999,2017-02-23,-0.0017615970209216,0.0048473702663017,-0.0499054458333968,-0.0719693096354624,-0.0050034932144522,-0.0489123207908499,0.0777193234854614,0.142434314849522,-0.0647149913640606,-0.0163420087229242,20.52955399591249,Health Care,11.180399431835866,30,0.6463178855969456,-0.6466275242770185,-0.24562314462780066,0.10518265783344447,0.07532814103342342,-1.0989191007607357,-0.5659742839955026,0.023429043529461017,0.4786884268906125
PFE,2017,2018-02-22,2017-12-31,item_1a,80735,0000078003-18-000027,120,0.1114839610100413,0.3294489083268369,0.5590671310666948,-0.2179649473167955,0.35,0.0666666666666666,0.5833333333333334,1871,142,70,0.0758952431854623,0.0374131480491715,-0.3396226415094339,-0.3396226399074404,353,0.0172170126034567,-0.0333333333333333,-0.0324394584749825,-0.013286814862031,-0.0193101415094339,2018-02-22,-0.034974612590489,0.0068762149224708,0.0162599178323366,0.0012642363895851,0.1987242820448602,0.1313929061660832,0.1746418292910089,0.2173066037048979,-0.0426647744138889,0.1117547816558657,20.22217066010206,Health Care,11.298927465315721,30,0.8059801417237052,-1.00087246102228,-1.0604117517176674,0.3706752184269451,-1.3357422596804736,-0.3506429530018042,0.1532203415316162,-0.38074035458691696,0.676129000028085
PFE,2018,2019-02-28,2018-12-31,item_1a,94117,0000078003-19-000015,120,0.1395584469661116,0.2702112367066244,0.5902303178639462,-0.1306527897405127,0.2666666666666666,0.125,0.6083333333333333,1703,115,66,0.0675278919553728,0.0387551379917792,-0.2707182320441988,-0.270718230548518,422,0.0873121575762828,-0.0833333333333333,-0.0592376716202124,-0.0083673512300894,0.068904409465235,2019-02-28,-0.0202997611134592,-0.0384006958727412,-0.0248762107343488,-0.0305425573130474,-0.1759576608807538,-0.2222251942352187,0.1645116007071355,0.243927663747279,-0.0794160630401434,0.0292237688203644,20.537566896928404,Health Care,11.45229396813016,30,1.6156709044014033,-1.8864848028854335,-1.573523624246169,1.4055467915460766,-0.8698965260939078,-0.08459119256678344,-0.31014693484653,0.03396497376207808,0.9316024886768204
PFE,2019,2020-02-27,2019-12-31,item_1a,97517,0000078003-20-000014,120,0.0866509084589779,0.3053908872806156,0.6079581991458932,-0.2187399788216377,0.2833333333333333,0.0333333333333333,0.6833333333333333,1577,128,55,0.0811667723525681,0.0348763474952441,-0.3989071038251366,-0.3989071016453164,514,-0.0880871890811249,0.0166666666666666,0.0351796505739911,0.0136388803971952,-0.1281888717809377,2020-02-27,-0.0938414877916277,0.0493461425013261,0.130806305610067,0.1064658235718556,0.1379708452110541,-0.0423336147818005,0.5225421914320906,0.1873019570637381,0.3352402343683524,0.0164653503403777,20.495360484761285,Health Care,11.487782000761538,30,0.7987928740203883,-1.7093623345128024,-0.7371452689751548,-1.184016264066233,1.213970716937675,-0.6505103905644929,-0.3817785969193966,-0.021531008664101,0.9907174279578419
PFE,2020,2021-02-25,2020-12-31,item_1a,64858,0000078003-21-000038,120,0.1070260888586441,0.3463577980951716,0.5466161145518224,-0.2393317092365275,0.3666666666666666,0.0583333333333333,0.575,1720,150,73,0.0872093023255814,0.0424418604651162,-0.3452914798206278,-0.3452914782722355,285,-0.0205917304148897,0.0833333333333333,0.040966910814556,0.0060425299730132,0.0536156240045088,2021-02-25,0.0718509232835107,0.0327565270746741,0.1621377162912682,0.0624528213386059,0.4314806664467323,0.2496382509485435,0.1618592219830436,0.2270833943976708,-0.0652241724146272,-0.0646421442068188,20.75950905406583,Health Care,11.079955543739874,30,0.6078351154754931,-0.8237499926496498,-0.36659863073760984,-0.18752597197249876,0.49463875299000604,-0.25293338129143966,-0.8371535832545138,0.3257902538488466,0.3113719005669106
PFE,2021,2022-02-24,2021-12-31,item_1a,72835,0000078003-22-000027,120,0.094823788308228,0.2970892640684421,0.6080869404754291,-0.202265475760214,0.3,0.0583333333333333,0.6416666666666667,1889,147,73,0.0778189518263631,0.038644785600847,-0.3363636363636363,-0.3363636348347107,334,0.0370662334763134,-0.0666666666666666,-0.0492685340267295,-0.0093903504992182,0.0089278434569914,2022-02-24,0.148389868430544,0.0881599269348234,0.1781549763205623,0.2474882674488081,0.0588628252292147,0.0720985123468463,0.2970460664399288,0.3606533319915651,-0.0636072655516362,-0.0152763947535788,20.927732124659425,Health Care,11.195951887883048,30,0.9515694554132603,-1.5322398661401717,-0.9424439844053216,0.6637253924132551,-0.9667688440213278,1.0819690223497676,-0.5599914343286719,0.5469818711882879,0.5045952587640428
PFE,2022,2023-02-23,2022-12-31,item_1a,77500,0000078003-23-000024,120,0.0988205712443838,0.3325345946320643,0.5686448362655938,-0.2337140233876804,0.35,0.05,0.6,1971,166,76,0.0842212075088787,0.0385591070522577,-0.371900826446281,-0.3719008249095007,339,-0.0314485476274664,0.0499999999999999,0.0354453305636222,0.0064022556825155,-0.0355371900826446,2023-02-23,-0.0451537970972699,-0.0366688024268283,-0.0768793215522741,-0.1068272893539498,-0.1262764910350934,-0.2249299182306799,0.1963278995081133,0.2319595300219674,-0.035631630513854,-0.1178805039988815,20.717367987012064,Health Care,11.258033215341438,30,0.659930819735953,-1.00087246102228,-0.549837852389673,-0.3478139849611553,0.5287027688199,-0.20420111950702158,-1.1360583576919407,0.27038019180954803,0.6080085401174616
PFE,2023,2024-02-22,2023-12-31,item_1a,89868,0000078003-24-000039,120,0.1233724119529749,0.2763603815420841,0.6002672017551959,-0.1529879695891092,0.275,0.075,0.65,1942,175,60,0.0901132852729145,0.0308959835221421,-0.4893617021276595,-0.4893617000452693,427,0.0807260537985712,-0.0749999999999999,-0.0561742130899801,0.0058920777640357,-0.1174608756813785,2024-02-22,-0.0068964588487157,-0.0371022771264055,0.0906133005991562,0.0433695290167583,0.0753656273184559,-0.0275865028717259,0.2616691900827578,0.2699100763860503,-0.0082408863032925,-0.2308819545861771,20.61311016169773,Health Care,11.406097206037368,30,1.408545238192164,-1.7979235686991173,-0.18851740922290283,1.3083107906817009,0.48039176898838204,0.17507790445223737,-1.7705007640850356,0.13329461299923728,0.8546492573026859
PG,2014,2014-08-08,2014-06-30,item_1a,21629,0000080424-14-000057,120,0.1953468187091251,0.3427277626624951,0.4619254159120222,-0.14738094395337,0.375,0.175,0.45,1454,128,79,0.0880330123796423,0.0543328748280605,-0.2367149758454106,-0.23671497470186,140,,,,,,2014-08-08,0.0252009572317974,-0.0062627297593456,0.1066322535952788,0.0504347025296214,0.0662373304693029,-0.0035265786474241,0.1086015089600554,0.1094413436582853,-0.0008398346982299,0.0588501958308398,20.240238649659272,Consumer Staples,9.981790285793302,31,1.460542084786965,-0.7351887584633336,-0.3160861810223586,,,-1.4286519533757709,-0.14381047148551368,-0.35698328120732586,-1.517920053099754
PG,2015,2015-08-07,2015-06-30,item_1a,22165,0000080424-15-000070,120,0.1523165995720773,0.3886516664992087,0.4590317281583945,-0.2363350669271312,0.4,0.1166666666666666,0.4833333333333333,1727,164,78,0.094962362478286,0.0451650260567458,-0.3553719008264462,-0.3553718993579673,122,-0.0889541229737612,0.025,0.0459239038367135,0.0069293500986436,-0.1186569249810356,2015-08-07,-0.0728669805583095,-0.0222777968257471,0.0211521359670654,0.0053189397828328,0.1140586359617805,0.2124322089877367,0.1970583357686346,0.1402003508724208,0.0568579848962138,-0.11217535071856,20.22647947681993,Consumer Staples,10.006269747179154,31,0.6356245283627819,-0.46950505590438735,0.10884301183077785,-1.1968155134523444,0.5786156665098595,-1.1212454111296684,-1.1040269885617504,-0.3750748169452493,-1.4771428736914698
PG,2016,2016-08-09,2016-06-30,item_1a,23252,0000080424-16-000212,120,0.1407434892607852,0.398809018106355,0.4604474913639327,-0.2580655288455697,0.4166666666666667,0.1083333333333333,0.475,1769,170,84,0.0960994912379875,0.0474844544940644,-0.3385826771653543,-0.3385826758323517,126,-0.0217304619184384,0.0166666666666666,0.0101573516071463,0.0011371287597015,0.0167892236610919,2016-08-09,0.0208160764069704,0.0193036509711619,0.0144004026324886,0.0325197043535224,0.043347185475405,-0.0188767112898378,0.1518886306568208,0.1141421803816364,0.0377464502751843,0.0547094368741039,20.29213086197136,Consumer Staples,10.054146428821241,31,0.4341067240557836,-0.2923825875317567,0.1785752665374094,-0.20433799030692984,0.030124651917219313,-1.381671634644132,-0.16705860735590966,-0.2887517221938669,-1.3973912808757447
PG,2017,2017-08-07,2017-06-30,item_1a,23738,0000080424-17-000047,120,0.1348761070286855,0.3936139890031578,0.4715098995249718,-0.2587378819744723,0.4083333333333333,0.125,0.4666666666666667,1806,172,86,0.0952380952380952,0.0476190476190476,-0.3333333333333333,-0.3333333320413437,126,-0.0006723531289026,-0.0083333333333333,-0.0051950291031971,-0.0008613959998923,0.005249343832021,2017-08-07,0.0139979282390698,0.0179111081716135,-0.0460546740534624,-0.0939132867713961,-0.0854110155526522,-0.1821479003120955,0.1162914070913812,0.0821581815986807,0.0341332254927004,0.0534382300229505,20.322534149189448,Consumer Staples,10.07483241861645,31,0.4278716459997382,-0.38094382171807234,0.12575179799411884,0.1065599781385172,-0.15912448221174721,-1.7013207834161883,-0.17419575054723632,-0.24877532508926692,-1.3629331568254857
PG,2018,2018-08-07,2018-06-30,item_1a,26857,0000080424-18-000055,120,0.1342014519730582,0.3543412705883383,0.5114572759407262,-0.2201398186152801,0.3583333333333333,0.1166666666666666,0.525,1826,157,81,0.0859802847754655,0.0443592552026287,-0.3193277310924369,-0.3193277297507238,137,0.0385980633591922,-0.0499999999999999,-0.0392727184148194,-0.0092578104626297,0.0140056022408963,2018-08-07,0.0001208331462485,-0.0089133344871943,0.113333306809908,0.1516851138968974,0.1952258971690594,0.2394604952532742,0.2321466364451317,0.1447950422359934,0.0873515942091383,0.0367563298384856,20.250966035104742,Consumer Staples,10.19828177359369,31,0.7858114361358574,-0.9123112268359648,-0.44196579044791323,0.686341041489382,-0.9542180427158221,-1.0753259126578585,-0.2678556535063158,-0.3428781544364588,-1.1572947885461362
PG,2019,2019-08-06,2019-06-30,item_1a,27490,0000080424-19-000050,120,0.1400692683799813,0.3628528265864588,0.4970779032136003,-0.2227835582064775,0.3666666666666666,0.125,0.5083333333333333,1855,161,85,0.0867924528301886,0.045822102425876,-0.3089430894308943,-0.3089430881750281,138,-0.0026437395911974,0.0083333333333333,0.0085115559981204,0.0008121680547231,0.0103846416615426,2019-08-06,0.0742034645755707,0.0393874777741998,0.0485700015935572,-0.0243609245183613,0.1233659058161324,-0.0442545875728075,0.190405205637455,0.1826685658798391,0.0077366397576159,0.1691907673517392,20.45248019383453,Consumer Staples,10.221577581159291,31,0.7612946725448576,-0.8237499926496498,-0.3921611318519881,0.0774547981684682,-0.0006473121266989111,-0.696816656329189,0.475692529181092,-0.07791305464986875,-1.118489305468293
PG,2020,2020-08-06,2020-06-30,item_1a,30608,0000080424-20-000053,120,0.1233428622363135,0.3876125503137397,0.4890445824402074,-0.2642696880774262,0.3916666666666666,0.1,0.5083333333333333,1925,169,78,0.0877922077922078,0.0405194805194805,-0.3684210526315789,-0.3684210511399957,144,-0.0414861298709486,0.025,0.0247597237272808,0.0009997549620191,-0.0594779632006846,2020-08-06,0.0395598873131077,0.0149136246285148,0.0656385208834129,0.0339775282670629,-0.0123177118876429,-0.1815856994300071,0.1437564869886514,0.1871644557315892,-0.0434079687429378,0.0659850024984474,20.553943947311048,Consumer Staples,10.329016691680033,31,0.37657234900810643,-0.5580662900907035,-0.3308530635607229,-0.4960069665243159,0.017116120429880588,-0.6518845834562158,-0.10375236702915042,0.05549868045643509,-0.9395203397661753
PG,2021,2021-08-06,2021-06-30,item_1a,38446,0000080424-21-000100,120,0.1402737813380857,0.4135314016952179,0.4461948098459591,-0.2732576203571322,0.4166666666666667,0.1166666666666666,0.4666666666666667,2077,180,74,0.0866634569090033,0.0356283100625902,-0.4173228346456692,-0.417322833002666,180,-0.008987932279706,0.025,0.0259188513814782,-0.0011287508832044,-0.0489017820140903,2021-08-06,0.0148503827162074,-0.0054210358100863,0.0340208544598679,-0.0245472607664902,0.1555684794231353,0.1347115251138912,0.111207120043345,0.1373842095644243,-0.0261770895210792,0.1184503399765306,20.64824674826702,Consumer Staples,10.557009938312806,31,0.2932226077525143,-0.2923825875317567,-0.40007156095288543,-0.016209672748497828,-0.18444149663905388,-1.149390021127672,0.19081230261733986,0.17949468760032833,-0.5597357777089761
PG,2022,2022-08-05,2022-06-30,item_1a,43693,0000080424-22-000064,120,0.1664215478270004,0.376731714210473,0.4568467276791731,-0.2103101663834725,0.3916666666666666,0.1583333333333333,0.45,1943,159,81,0.0818322182192485,0.0416881111682964,-0.325,-0.3249999986458333,204,0.0629474539736596,-0.025,-0.0367996874847449,-0.0048312386897547,0.0923228346456692,2022-08-05,-0.0628107612663825,-0.0078853647497211,-0.0812116336255451,0.0177942346450706,-0.0098319551774322,-0.0096702324102769,0.1905780667279663,0.2795222529276145,-0.0889441861996482,-0.0995949522662603,20.751489976570014,Consumer Staples,10.684943185186642,31,0.8769668815327397,-0.5580662900907035,-0.6963380690226934,1.0458308774752387,-0.5350464156669855,0.2711423168544502,-1.0333948132579909,0.3152462023426461,-0.34662827187660306
PG,2023,2023-08-04,2023-06-30,item_1a,38547,0000080424-23-000073,120,0.1215384299323583,0.4517225721734575,0.4267389914176116,-0.3301841422410992,0.4833333333333333,0.1,0.4166666666666667,2057,195,82,0.0947982498784637,0.0398638794360719,-0.407942238267148,-0.4079422367944323,173,-0.1198739758576266,0.0916666666666666,0.0749908579629845,0.0129660316592152,-0.082942238267148,2023-08-04,-0.0182897585391591,-0.023728539061271,-0.0185740090207265,0.0139463040783432,0.0317749076478361,-0.0789690571242656,0.1333745046899683,0.1482519515756493,-0.014877446885681,0.1102615464847611,20.58958588187189,Consumer Staples,10.55963355495159,31,-0.23468645096645666,0.41610728595876517,0.09877911931751487,-1.6533104220076038,1.1502556989219042,-1.0407774456165193,0.14483662866472205,0.10236322241730206,-0.5553654329251607
SBUX,2014,2014-11-14,2014-09-28,item_1a,32184,0000829224-14-000041,120,0.1385206399213833,0.4892732833240492,0.3722060784387092,-0.3507526434026659,0.525,0.125,0.35,1943,190,77,0.0977869274318064,0.0396294390118373,-0.4232209737827715,-0.4232209721976742,145,,,,,,2014-11-14,0.0129290796865726,0.0439219644483797,0.1948217724784482,0.1603044638493986,0.3254455843011705,0.2719698892112649,0.2311347494829074,0.1580013716421505,0.0731333778407569,0.1062148628758501,19.56485040533142,Consumer Discretionary,10.379224713629624,32,-0.42542879263973016,0.8589134568903427,0.28205407618378364,,,-0.943341416856443,0.12211667530655135,-1.2450316182623022,-0.8558852676335501
SBUX,2015,2015-11-12,2015-09-27,item_1a,34955,0000829224-15-000038,120,0.1554836446535773,0.4762904934235848,0.3682258617909004,-0.3208068487700075,0.5,0.15,0.35,1937,180,73,0.0929272070211667,0.0376871450696954,-0.4229249011857707,-0.4229248995141308,163,0.0299457946326583,-0.025,-0.0129827899004643,-0.0048597204106397,0.0002960725970007,2015-11-12,-0.0188309406811825,-0.0093595271349961,-0.0732874458099044,-0.0052803517825772,-0.0845522059956382,-0.1052680066144673,0.2946900963990103,0.2868044862693121,0.0078856101296981,0.2310415606186353,19.783728355525515,Consumer Discretionary,10.461816798946085,32,-0.14772596214991046,0.5932297543313965,-0.015959019155306592,0.558600568856808,-0.5377434755808616,0.3439211993397005,0.822951488368144,-0.9572353746642077,-0.7183057585271855
SBUX,2016,2016-11-18,2016-10-02,item_1a,36301,0000829224-16-000083,120,0.182347330225942,0.4441969197903139,0.3734557509267082,-0.2618495895643719,0.4416666666666666,0.1833333333333333,0.375,2005,179,75,0.0892768079800498,0.0374064837905236,-0.4094488188976378,-0.4094488172856346,166,0.0589572592056356,-0.0583333333333333,-0.0320935736332709,-0.0036503990411168,0.0134760822881329,2016-11-18,0.0346060391474276,-0.0076564766202498,0.0369266506029954,-0.0508197836014936,0.1059452249544576,-0.003964462876516,0.1689312038434954,0.1576961070208878,0.0112350968226075,0.0308330142553934,19.99180594143149,Consumer Discretionary,10.499600568082863,32,0.39901517329724506,-0.026698884972811674,-0.23981278553337995,0.9869203903332612,-0.4232274952472573,-0.9463922416453949,-0.3011118867036021,-0.6836402155922401,-0.6553666477139838
SBUX,2017,2017-11-17,2017-10-01,item_1a,38910,0000829224-17-000049,120,0.1408760427109276,0.4856515187692518,0.3734724385198206,-0.3447754760583242,0.5166666666666667,0.1333333333333333,0.35,1962,161,70,0.082059123343527,0.0356778797145769,-0.3939393939393939,-0.3939393922340286,173,-0.0829258864939523,0.075,0.0414545989789378,-0.0072176846365228,0.0155094249582438,2017-11-17,0.0189708904243124,-0.0224298809529033,-0.0092343927495431,-0.0618610474101738,0.0112141369871572,-0.0556470688390178,0.1765861910470275,0.1367549395506359,0.0398312514963916,-0.0579694040473219,19.95514684959984,Consumer Discretionary,10.569006565978599,32,-0.36999943068101404,0.7703522227040276,-0.6824235445808166,-1.1078157607389083,-0.7610295199059538,-1.1556789665975684,-0.799689733878911,-0.7318421880317262,-0.5397521420026299
SBUX,2018,2018-11-16,2018-09-30,item_1a,44188,0000829224-18-000052,120,0.1919870764482766,0.4062542277892741,0.4017586961233367,-0.2142671513409974,0.4333333333333333,0.1833333333333333,0.3833333333333333,1895,158,75,0.083377308707124,0.0395778364116095,-0.3562231759656652,-0.3562231744368104,197,0.1305083247173267,-0.0833333333333333,-0.0793972909799776,0.0013181853635969,0.0377162179737287,2018-11-16,-0.0601524640310205,0.0219359918303634,0.0426784964364073,0.0232799436452499,0.1445629807189554,0.090372687485237,0.2257901409540174,0.2656591185279523,-0.0398689775739348,0.1976268846761453,20.05368310764983,Consumer Discretionary,10.696208537992165,32,0.8402717149362285,-0.11526011915912669,-0.6015883385932121,2.0432869012112884,0.047269701209728475,0.13259369007904842,0.6353460434502343,-0.6022797314213042,-0.32786277270128444
SBUX,2019,2019-11-15,2019-09-29,item_1a,46076,0000829224-19-000051,120,0.1426005240219335,0.4621505004547847,0.3952489722985774,-0.3195499764328512,0.4833333333333333,0.125,0.3916666666666666,2032,173,71,0.0851377952755905,0.0349409448818897,-0.4180327868852459,-0.4180327851719967,214,-0.1052828250918537,0.0499999999999999,0.0558962726655105,0.0017604865684665,-0.0618096109195807,2019-11-15,0.0465497125072138,0.0215971648633217,0.0754077314585881,-0.0150809711578483,-0.0898439586790962,-0.0364131991932127,0.1792127934373242,0.1812508152696425,-0.0020380218323182,0.0787376609941092,20.2397894969448,Consumer Discretionary,10.738047486046398,32,-0.13607033537913188,0.41610728595876517,-0.49362985389871217,-1.4378894088625758,0.089153155314537,-0.7109857031327396,-0.03215304417225743,-0.3575738590335198,-0.2581686620274526
SBUX,2020,2020-11-12,2020-09-27,item_1a,55112,0000829224-20-000078,120,0.165730880262951,0.4502338832205472,0.3840352373197674,-0.2845030029575961,0.4916666666666666,0.1416666666666666,0.3666666666666666,2081,179,64,0.0860163382988947,0.0307544449783757,-0.4732510288065844,-0.4732510268590493,248,0.035046973475255,0.0083333333333333,-0.0119166172342374,0.0008785430233042,-0.0552182419213384,2020-11-12,0.1046722682514325,0.072255311565837,0.1349298423119334,0.019524844813028,0.1963640047907335,0.011069078831648,0.2616909634148037,0.259874364360935,0.0018165990538687,0.2940773923636548,20.304264686562387,Consumer Discretionary,10.917122757273031,32,0.1889383629562835,0.5046685201450802,-0.4397548768135626,0.6339134164962076,0.005638026732131958,0.07478066432543051,1.176863801647746,-0.272797309542069,0.04012975015150305
SBUX,2021,2021-11-19,2021-10-03,item_1a,62381,0000829224-21-000086,120,0.1273260856163688,0.4957255332148634,0.3769483773503452,-0.3683994475984946,0.525,0.1,0.375,1952,182,85,0.0932377049180328,0.0435450819672131,-0.3632958801498127,-0.363295878789154,286,-0.0838964446408984,0.0333333333333333,0.0454916499943162,0.007221366619138,0.1099551486567716,2021-11-19,-0.0037008183612837,0.0052633645427551,-0.1552435285473781,-0.0746046850921783,-0.3291929541705172,-0.1813159363182983,0.241504106682616,0.2291315718513542,0.0123725348312617,0.0262071802659884,20.21097110664937,Consumer Discretionary,11.041016020812398,32,-0.5890767283314008,0.8589134568903427,0.0030816728027643465,-1.1221448991795675,0.606268000257354,-0.23246382762346926,-0.32708345815299583,-0.3954663213222658,0.2465075684862859
SBUX,2022,2022-11-18,2022-10-02,item_1a,67542,0000829224-22-000058,120,0.1649068656843155,0.4436040490361241,0.3914890787253777,-0.2786971833518085,0.4666666666666667,0.1583333333333333,0.375,2007,171,72,0.085201793721973,0.0358744394618834,-0.4074074074074074,-0.4074074057308337,313,0.089702264246686,-0.0583333333333333,-0.0521214841787393,-0.0080359111960597,-0.0441115272575946,2022-11-18,0.0005101868501773,0.0352110823077974,0.0749869766746871,0.0640279128632623,0.0346594438809806,-0.0197535012925305,0.2138704452297782,0.3831619646073361,-0.1692915193775579,0.3635892467744905,20.34224770345985,Consumer Discretionary,11.120504905582859,32,0.24277872877787285,0.23898481758613516,-0.4897052711055161,1.4408338781321957,-0.8385110057721357,1.3069210461563814,1.5671355013122388,-0.22285454658253231,0.3789178557944418
SBUX,2023,2023-11-17,2023-10-01,item_1a,71883,0000829224-23-000058,120,0.1191375045571476,0.4570588821390023,0.4238036066604157,-0.3379213775818546,0.4666666666666667,0.0916666666666666,0.4416666666666666,1893,158,90,0.0834653988378235,0.0475435816164817,-0.2741935483870967,-0.2741935472814776,342,-0.0592241942300461,0.0,0.0134548331028782,-0.0017363948841495,0.1332138590203106,2023-11-17,-0.0743580751030528,-0.1319793471851471,-0.0945185025582445,-0.2019651793661053,-0.2537577296635784,-0.4409445344230125,0.1781737872480833,0.2570997518331088,-0.0789259645850254,0.0119894760459557,20.16938317191307,Consumer Discretionary,11.182795076253608,32,-0.3064378331104572,0.23898481758613516,-0.5961863791592683,-0.7578884217164547,-0.24198199018835276,0.04705109433918621,-0.4069082252852943,-0.45014908578299334,0.482679022136192
T,2014,2015-02-20,2014-12-31,item_1a,5086,0000732717-15-000016,25,0.2426438305899501,0.2614592286199331,0.4958969284594059,-0.018815398029983,0.24,0.24,0.52,410,19,11,0.0463414634146341,0.0268292682926829,-0.2666666666666666,-0.266666657777778,25,,,,,,2015-02-20,-0.023473923800786,-0.0220413270744905,0.048729929056509,0.033519673056144,0.0332120065185639,0.0585998906959791,0.1666690242255896,0.1609926368489223,0.0056763873766673,0.0250149452133101,20.42845277497838,Communication,8.534246945982066,33,2.6527968385631877,-2.169880752281642,-2.8727409896696408,,,-0.913446612783176,-0.33377721714348846,-0.10950600809276223,-3.929195919768352
T,2015,2016-02-18,2015-12-31,item_1a,5741,0000732717-16-000147,28,0.2348166461701371,0.2361751926031761,0.5290081633387932,-0.001358546433039,0.25,0.2142857142857142,0.5357142857142857,461,23,13,0.0498915401301518,0.0281995661605206,-0.2777777777777778,-0.2777777700617286,28,0.017456851596944,0.01,-0.0252840360167569,0.0035500767155177,-0.0111111111111111,2016-02-18,0.042444175948864,-0.0270239342168743,0.0566047319044908,-0.0156365548072137,0.1674259605358667,0.0188098163367174,0.1196433428636517,0.1638634722176332,-0.0442201293539815,0.1111994525668924,20.63305390945246,Communication,8.655388690167637,33,2.8146832456323505,-2.0636072712580638,-2.6550392987726954,0.3742161563418568,0.25861734841465445,-0.8847553885213061,0.1501024671882587,0.15951806621592526,-3.7274015028641223
T,2016,2017-02-17,2016-12-31,item_1a,4910,0000732717-17-000021,27,0.2707166648297398,0.2053392659182902,0.5239440665614826,0.0653773989114496,0.2222222222222222,0.2592592592592592,0.5185185185185185,395,16,14,0.040506329113924,0.0354430379746835,-0.0666666666666666,-0.0666666644444445,27,0.0667359453444886,-0.0277777777777777,-0.0308359266848859,-0.0093852110162277,0.2111111111111111,2017-02-17,0.0144651761621841,0.015925101256043,-0.0634730597827493,-0.0815798240973253,-0.0689341236430738,-0.1108950992498878,0.1144274624877881,0.150380221039237,-0.0359527585514488,0.0168449384018609,20.51550220605092,Communication,8.499029220788566,33,3.433560157897249,-2.3588113852124484,-3.230569483437868,1.1017634534931349,-0.9662821636831666,-1.0195074497348315,-0.3796474139840108,0.004952754189196058,-3.987860588730267
T,2017,2018-02-20,2017-12-31,item_1a,4859,0000732717-18-000009,25,0.2435734206438064,0.1999109287187457,0.5565156503021718,0.0436624919250607,0.2,0.2,0.6,391,17,12,0.0434782608695652,0.0306905370843989,-0.1724137931034483,-0.1724137871581452,25,-0.0217149069863888,-0.0222222222222222,-0.0054283371995444,0.0029719317556411,-0.1057471264367816,2018-02-20,-0.0209406292548824,-0.0213572208059188,-0.0969001551382338,-0.1081928281542119,-0.063520019197051,-0.1250604857347579,0.1986746297593809,0.2380853709646666,-0.0394107412052857,0.021942867712424,20.588935088206547,Communication,8.488587934405903,33,3.23218660251439,-2.5949746763759554,-3.048321430711191,-0.20410834020768015,0.2038702493194644,-0.142979261160457,-0.3510252810591156,0.10150751277602844,-4.005253381870938
T,2018,2019-02-20,2018-12-31,item_1a,5895,0001193125-19-045608,52,0.1933658076092027,0.1797187013927703,0.626915479114709,0.0136471062164323,0.1923076923076923,0.173076923076923,0.6346153846153846,469,21,14,0.044776119402985,0.0298507462686567,-0.2,-0.1999999942857144,52,-0.0300153857086283,-0.0076923076923076,-0.0201922273259753,0.0012978585334198,-0.0275862068965517,2019-02-20,0.0068072911485557,-0.0203977254684921,0.072935065885028,0.0393086260380302,0.1813046330676959,0.1296727462256062,0.1652052997890273,0.248405106294964,-0.0831998065059367,-0.0351950266722203,20.721130392841435,Communication,8.68185981297147,33,2.9538384180103994,-2.6767235079325546,-2.9687327288570913,-0.3266550511996603,0.04534486390554386,-0.03984348266485605,-0.6718238462211081,0.2753272696838798,-3.683306671417605
T,2019,2020-02-20,2019-12-31,item_1a,34025,0001562762-20-000064,120,0.1985816134527946,0.4134041005473894,0.3880142924375832,-0.2148224870945947,0.475,0.1666666666666666,0.3583333333333333,2027,160,86,0.0789343857918105,0.0424272323630981,-0.3008130081300813,-0.3008130069072642,160,-0.2284695933110271,0.2826923076923077,0.233685399154619,0.0341582663888254,-0.1008130081300813,2020-02-20,-0.2631440662938077,0.0538303001912725,-0.2156660843477623,-0.1020767503827543,-0.1937313035902708,-0.2048775931384394,0.6154721340119341,0.1657291450101391,0.449742989001795,0.1261155639883475,20.649793376721465,Communication,10.434850827519666,33,0.8351217994793859,0.32754605177245016,-0.8740421216229358,-3.256595749563621,3.1570419814454698,-0.8661097925137956,0.23384841536035625,0.18152830432159486,-0.7632248945098623
T,2020,2021-02-25,2020-12-31,item_1a,45983,0000732717-21-000012,120,0.1598700993694365,0.4899102385776738,0.350219665079688,-0.3300401392082373,0.55,0.1416666666666666,0.3083333333333333,2006,178,70,0.0887337986041874,0.0348953140578265,-0.4354838709677419,-0.4354838692117586,214,-0.1152176521136425,0.075,0.0765061380302843,0.0097994128123768,-0.1346708628376606,2021-02-25,0.0586801014821145,0.0195857052732779,0.0556319143468659,-0.0440529806057963,0.0037861798064293,-0.1780562356917594,0.2203499114402702,0.1951849893514294,0.0251649220888408,0.0259310593814261,20.8363692568988,Communication,10.736027041947786,33,-0.23335103641775568,1.124597159449289,-0.27311180095505155,-1.5845653316057384,0.8503945778605683,-0.5717271034088554,-0.3286337285039217,0.4268514966003452,-0.261534259423363
T,2021,2022-02-16,2021-12-31,item_1a,58707,0000732717-22-000015,120,0.1810748646423841,0.4373507978666263,0.3815743335677932,-0.2562759332242422,0.4583333333333333,0.1666666666666666,0.375,1999,152,69,0.0760380190095047,0.0345172586293146,-0.3755656108597285,-0.3755656091603366,273,0.0737642059839951,-0.0916666666666667,-0.0525594407110475,-0.0126957795946826,0.0599182601080134,2022-02-16,-0.0300749202818396,-0.02850965932888,0.1349495747225388,0.2547944735063734,0.0477371521791614,0.0825034767223265,0.2688294132340293,0.3373823246016231,-0.0685529113675937,-0.0902548675696426,20.770158866022307,Communication,10.980314249132315,33,0.4507025691676327,0.15042358339981954,-1.0516562963278244,1.2055273753327578,-1.2797745204526139,0.8493977996661548,-0.9809552580129923,0.3397933814977577,0.1453923112841775
T,2022,2023-02-13,2022-12-31,item_1a,42608,0000732717-23-000011,120,0.1820339118984217,0.4875372661316456,0.330428819792966,-0.3055033542332239,0.5083333333333333,0.175,0.3166666666666666,1974,188,72,0.0952380952380952,0.0364741641337386,-0.4461538461538462,-0.4461538444378698,203,-0.0492274210089817,0.0499999999999999,0.0501864682650193,0.0192000762285904,-0.0705882352941176,2023-02-13,-0.049325095689355,0.0077199418196756,-0.1074565997798667,-0.1117108316497282,-0.2421484494303906,-0.3230577887867113,0.2731476992064822,0.2351664174712785,0.0379812817352036,0.0914060924811364,20.46186529018488,Communication,10.659797308053713,33,-0.005808748017428989,0.6817909885177115,0.12575179799411884,-0.6102979369060054,1.7405849061094272,-0.17215137956248555,0.038973389303448853,-0.06557286472648122,-0.38851554737935273
T,2023,2024-02-23,2023-12-31,item_1a,42272,0000732717-24-000009,120,0.184871291834861,0.4325829403513732,0.3825457664672285,-0.2477116485165121,0.4416666666666666,0.1833333333333333,0.375,1837,165,74,0.0898203592814371,0.0402830702231899,-0.3807531380753138,-0.3807531364822044,203,0.0577917057167117,-0.0666666666666666,-0.0549543257802724,-0.0054177359566581,0.0654007080785323,2024-02-23,0.0190476820268563,-0.0076039979744513,0.0569139086606502,0.0180357815241714,0.2115570776883071,0.0976539225648074,0.1468818080351051,0.2193675921553175,-0.0724857841202124,0.204959972436763,20.12535595248681,Communication,10.651880207322051,33,0.5301236075348552,-0.026698884972811674,-0.20648053756138285,0.9697123772375642,-0.5905844315948109,-0.33004536580589866,0.676517389667104,-0.5080391946574141,-0.401703625002459
TGT,2014,2014-03-14,2014-02-01,item_1a,27601,0000027419-14-000014,120,0.1122427239781245,0.520933915884234,0.3668233570797989,-0.4086911919061095,0.5333333333333333,0.075,0.3916666666666666,1754,200,98,0.1140250855188141,0.0558722919042189,-0.3422818791946309,-0.342281878046034,144,,,,,,2014-03-14,0.0010111693011998,0.0059528698410008,-0.0287607446100933,-0.0846844107782939,0.0707518905120851,-0.0175583134896204,0.1804006506315985,0.222993626525911,-0.0425929758943125,-0.0679405606710843,19.498014856430157,Consumer Discretionary,10.225607282932941,34,-0.9627228972460188,0.9474746910766577,1.2778281835830292,,,-0.29380665757420327,-0.8556724187915726,-1.3329117354488131,-1.1117767446976143
TGT,2015,2015-03-13,2015-01-31,item_1a,30679,0000027419-15-000012,120,0.1053509804148537,0.5184760915425917,0.3761729207200309,-0.4131251111277379,0.55,0.0666666666666666,0.3833333333333333,1850,212,84,0.1145945945945945,0.0454054054054054,-0.4324324324324324,-0.432432430971512,155,-0.0044339192216284,0.0166666666666667,-0.0024578243416423,0.0005695090757804,-0.0901505532378015,2015-03-13,0.0490025347898925,0.0266778224051429,0.0103527402234435,-0.0145097748945983,-0.0028248049221841,0.0324010852787403,0.1645990796849447,0.1875614339824238,-0.0229623542974791,0.2986943950219169,19.44379161571442,Consumer Discretionary,10.331333660425859,34,-1.0038409217671176,1.124597159449289,1.3127522426143763,0.051024921876349,-0.023625762322561857,-0.647917169599637,1.2027857899196421,-1.40420829583722,-0.9356608001814313
TGT,2016,2016-03-11,2016-01-30,item_1a,27188,0000027419-16-000043,120,0.1066550513884673,0.4826126485558537,0.4107322959850232,-0.3759575971673863,0.5083333333333333,0.0666666666666666,0.425,1860,187,104,0.1005376344086021,0.0559139784946236,-0.2852233676975945,-0.2852233667174454,133,0.0371675139603515,-0.0416666666666667,-0.0358634429867379,-0.0140569601859924,0.1472090647348379,2016-03-11,-0.0133137113560545,-0.0341366899724923,-0.1645481439775901,-0.2059445168273791,-0.1439884512059751,-0.2067962362391958,0.2421585776025972,0.2491336283042358,-0.0069750507016385,0.0733717444999955,19.671603057139325,Consumer Discretionary,10.21053097846653,34,-0.6591673555561529,0.6817909885177115,0.4507359408299453,0.6652206784831164,-1.4086707210435399,-0.0325626094474167,-0.062279781088788934,-1.1046656647379467,-1.1368904170268637
TGT,2017,2017-03-08,2017-01-28,item_1a,27613,0000027419-17-000008,120,0.1004154364811256,0.4896288130471172,0.4099557531687121,-0.3892133765659916,0.5166666666666667,0.0583333333333333,0.425,1782,182,86,0.1021324354657687,0.0482603815937149,-0.3582089552238806,-0.35820895388728,142,-0.0132557793986052,0.0083333333333334,0.0070161644912635,0.0015948010571666,-0.072985587526286,2017-03-08,-0.026354279456034,-0.0259498830930696,0.0007642813699562,-0.0337306759594482,0.0779976269569304,0.0246351337421235,0.168934533465478,0.3215923378519098,-0.1526578043864318,-0.2074580038975891,19.679925094278143,Consumer Discretionary,10.226041955305488,34,-0.7820950488933238,0.7703522227040276,0.5485340772115627,-0.07921936712147312,0.07346366265216228,0.6915921463481093,-1.6389878714198172,-1.0937232604184992,-1.1110526800198912
TGT,2018,2018-03-14,2018-02-03,item_1a,26871,0000027419-18-000010,120,0.092740395758301,0.5009978103645456,0.4062617958368112,-0.4082574146062446,0.525,0.0666666666666666,0.4083333333333333,1844,199,99,0.1079175704989154,0.0536876355748373,-0.3355704697986577,-0.3355704686725823,132,-0.019044038040253,0.0083333333333333,0.0113689973174283,0.0057851350331466,0.0226384854252228,2018-03-14,0.0123144344233863,0.0453261353916542,0.1137895502518502,0.0998284302408789,0.2754883833149801,0.2163482826962741,0.269871818143922,0.2957865060264816,-0.0259146878825596,0.2655253344457551,19.709297822923155,Consumer Discretionary,10.198802917143304,34,-0.9587002561555955,0.8589134568903427,0.9032964611561398,-0.16467613204327564,0.47026488958646623,0.4336878038570517,1.0165593432645907,-1.0551019147746634,-1.1564266826803609
TGT,2019,2019-03-13,2019-02-02,item_1a,25505,0000027419-19-000006,120,0.0886546554276719,0.4905417819895471,0.4208035642746836,-0.4018871265618751,0.5166666666666667,0.0416666666666666,0.4416666666666666,1875,193,100,0.1029333333333333,0.0533333333333333,-0.3174061433447099,-0.3174061422614125,128,0.0063702880443694,-0.0083333333333333,-0.0104560283749984,-0.004984237165582,0.0181643264539478,2019-03-13,0.0431796083419866,0.0142484716559085,0.1547608957179791,0.1251867438374991,0.4366743051944795,0.3595457663601153,0.2822776940982018,0.2861936480712736,-0.0039159539730718,-0.1267428969743459,19.66722589009833,Consumer Discretionary,10.146629790357027,34,-0.899625282769263,0.7703522227040276,0.5976476130521944,0.21053621148139706,-0.5495345169198583,0.33781646205011223,-1.1858159306835483,-1.1104210742293226,-1.2433351696654873
TGT,2020,2020-03-11,2020-02-01,item_1a,27214,0000027419-20-000008,120,0.0865465413468579,0.4515051084260146,0.4619483524933457,-0.3649585670791566,0.475,0.05,0.475,1729,176,92,0.101792943898207,0.05320994794679,-0.3134328358208955,-0.31343283465137,141,0.0369285594827185,-0.0416666666666667,-0.0390366735635325,-0.0011403894351262,0.0039733075238143,2020-03-11,-0.0130707799949929,-0.0330296732790982,0.1426023014798589,-0.0269406312791899,0.4118695082088079,0.1606227370982642,0.5793106003056849,0.2907101829752479,0.288600417330437,0.0152159233344262,19.864231124160817,Consumer Discretionary,10.211486825750804,34,-0.5571676649280426,0.32754605177245016,0.5277154036374463,0.6616927993943751,-0.18554360251146915,0.382954862262409,-0.38879345798665366,-0.8513846282005215,-1.1352981942412639
TGT,2021,2021-03-10,2021-01-30,item_1a,32775,0000027419-21-000010,120,0.0856700058405598,0.5113965425717955,0.4029334419872611,-0.4257265367312356,0.5333333333333333,0.0416666666666666,0.425,1638,179,76,0.1092796092796092,0.0463980463980464,-0.403921568627451,-0.4039215670434448,169,-0.060767969652079,0.0583333333333333,0.0598914341457808,0.0074866653814022,-0.0904887328065554,2021-03-10,0.1499607940577838,0.0902613186775227,0.3030205713342588,0.2171563340069737,0.3873714951239579,0.2223555311138882,0.230466299133582,0.2771359915674543,-0.0466696924338722,0.2263945236567695,20.119879178529157,Consumer Discretionary,10.3974213086319,34,-1.1207004541731052,0.9474746910766577,0.986820894396736,-0.7806804324921109,0.6313903115036709,0.24729394136835095,0.796860873625051,-0.5152404452660331,-0.8255739054948156
TGT,2022,2022-03-09,2022-01-29,item_1a,33026,0000027419-22-000007,120,0.0951574220166852,0.4646323821662614,0.4402101965155452,-0.3694749601495762,0.4833333333333333,0.0583333333333333,0.4583333333333333,1866,188,85,0.1007502679528403,0.0455519828510182,-0.3772893772893773,-0.3772893759073649,158,0.0562515765816594,-0.0499999999999999,-0.0467641604055339,-0.0085293413267689,0.0266321913380737,2022-03-09,0.0564350690349915,0.0031979997335553,-0.2715468333419069,-0.2366562060404728,-0.1958778382590051,-0.1396056927926828,0.6119603024235305,0.3445073655631027,0.2674529368604277,-0.1330281527541592,20.36440303561765,Consumer Discretionary,10.405050409022934,34,-0.5990505120738755,0.41610728595876517,0.4637752878163712,0.9469741995589808,-0.8852360836284834,0.9206056962696488,-1.2211042635413671,-0.1937231454293872,-0.8128655705169553
TGT,2023,2023-03-08,2023-01-28,item_1a,29666,0000027419-23-000015,120,0.0663053840592814,0.5377185340427483,0.3959760791777322,-0.4714131499834669,0.575,0.025,0.4,1685,209,73,0.1240356083086053,0.0433234421364985,-0.4822695035460992,-0.4822695018359237,171,-0.1019381898338906,0.0916666666666666,0.0730861518764868,0.023285340355765,-0.1049801262567219,2023-03-08,0.0126600579518485,-0.0169993066688656,-0.1887825299619006,-0.2621253605473186,-0.22709966514336,-0.3506496554066228,0.2721704137954737,0.280577655167591,-0.0084072413721172,0.0016320469726545,20.232399764752756,Consumer Discretionary,10.297756887883558,34,-1.5443760310369687,1.3902808620082339,1.8917044214045962,-1.388509841244022,2.127436605116179,0.28169004198131514,-0.46505962237939313,-0.36729040272455704,-0.991592017634601
TMO,2014,2015-02-26,2014-12-31,item_1a,1740,0000097745-15-000007,24,0.1166991582528377,0.1785786357165003,0.7047222026934227,-0.0618794774636626,0.1666666666666666,0.0833333333333333,0.75,103,8,4,0.0776699029126213,0.0388349514563106,-0.3333333333333333,-0.3333333055555579,24,,,,,,2015-02-26,0.0284842177949458,0.050821056927057,0.0010968759290053,-0.0084995010277337,-0.0352567783452485,0.036187286353852,0.1851618951155872,0.1904304663909866,-0.0052685712753993,0.0786867903232597,19.12893784217241,Health Care,7.461640392208575,35,2.253441373200818,-2.949219613121217,-0.9515841250693555,,,-0.6192439641815186,-0.032438655645923,-1.8182003550086554,-5.715912922577994
TMO,2015,2016-02-25,2015-12-31,item_1a,29003,0000097745-16-000043,120,0.1155182207934558,0.4345426782111948,0.4499390966724604,-0.3190244574177389,0.4833333333333333,0.0833333333333333,0.4333333333333333,1377,133,45,0.0965867828612926,0.0326797385620915,-0.4943820224719101,-0.494382019694483,181,-0.2571449799540763,0.3166666666666666,0.2559640424946944,0.0189168799486713,-0.1610486891385767,2016-02-25,0.062118072097083,0.0173783442869401,0.1589530422495817,0.0831656436811829,0.1608669406792102,0.0352019491471351,0.1803878264016131,0.2782390980253229,-0.0978512716237097,0.0690731666092456,19.188665817582503,Health Care,10.275154551894069,35,-0.13119692594842142,0.41610728595876517,0.20845749693815954,-3.6799537795184194,1.7137677998884728,0.25831842403718347,-0.08641398544547294,-1.7396657792530736,-1.0292423357997886
TMO,2016,2017-02-28,2016-12-31,item_1a,28981,0000097745-17-000007,120,0.1231802417275806,0.388030057924334,0.4887896949114899,-0.2648498161967533,0.4166666666666667,0.0833333333333333,0.5,1461,132,52,0.0903490759753593,0.0355920602327173,-0.4347826086956521,-0.4347826063327032,172,0.0541746412209855,-0.0666666666666666,-0.0465126202868608,-0.0062377068859333,0.0595994137762579,2017-02-28,-0.022545366087688,-0.0229455702884905,0.0997796559675832,0.0740655057705956,0.1336428192827166,0.089824093427689,0.1570343704009243,0.1858628529985899,-0.0288284825976656,0.049266652986845,19.232613346903605,Health Care,10.274395721835582,35,0.37119252113043244,-0.2923825875317567,-0.17405799362897106,0.9163107154503368,-0.668231099533914,-0.6648928445078117,-0.19761691336847267,-1.6818804525775708,-1.0305063729837607
TMO,2017,2018-02-28,2017-12-31,item_1a,33280,0000097745-18-000006,120,0.1183710138158251,0.3725363668675224,0.5090926136511068,-0.2541653530516972,0.4,0.0833333333333333,0.5166666666666667,1520,154,51,0.1013157894736842,0.0335526315789473,-0.5024390243902439,-0.5024390219393219,192,0.0106844631450561,-0.0166666666666666,-0.0154936910568115,0.0109667134983248,-0.0676564156945917,2018-02-28,-0.0093810942448767,0.0180297154837599,0.0121625106012905,0.0046094043928406,0.1426574381531467,0.0663156499399433,0.2143078650045268,0.2510549563888387,-0.0367470913843118,0.19066948433419,19.325312600734687,Health Care,10.412711894935144,35,0.4702750699171113,-0.46950505590438735,0.49845481763841265,0.27422988348806515,0.9609314341208368,-0.013360792597597473,0.5962839801559201,-1.5599929028574007,-0.8001032886737437
TMO,2018,2019-02-27,2018-12-31,item_1a,35878,0000097745-19-000007,120,0.1164624697218338,0.3837085939361714,0.4998289348402371,-0.2672461242143375,0.4,0.0833333333333333,0.5166666666666667,1559,158,45,0.1013470173187941,0.0288646568313021,-0.5566502463054187,-0.5566502435632993,207,-0.0130807711626402,0.0,0.011172227068649,3.1227845109893515e-05,-0.0542112219151748,2019-02-27,0.043830912802304,0.0339941565865267,0.0224372336702407,0.0213780786690731,0.054690272664597,0.0176742196576069,0.2317016123601562,0.2767103855178155,-0.0450087731576593,0.0860674883650787,19.55900620062025,Health Care,10.487879573259036,35,0.34897031840141063,-0.46950505590438735,0.5003698057438177,-0.07663557835076559,-0.07459798887779992,0.24304042033733572,0.008999996709207918,-1.2527159928701677,-0.6748911421969799
TMO,2019,2020-02-26,2019-12-31,item_1a,40084,0000097745-20-000009,120,0.1217635260196402,0.4237567754462361,0.4544796989299356,-0.3019932494265959,0.45,0.075,0.475,1630,203,48,0.1245398773006135,0.0294478527607361,-0.6175298804780877,-0.6175298780178092,228,-0.0347471252122583,0.0499999999999999,0.0400481815100647,0.0231928599818194,-0.0608796341726689,2020-02-26,-0.0834218942201773,0.0731241885728654,0.092027812421362,0.111884239019081,0.3678791948803273,0.2517741395879838,0.5880951660748863,0.2003508008324559,0.3877443652424304,0.1509186981940058,19.771358297169325,Health Care,10.59873253117822,35,0.026742267979102726,0.06186234921350453,1.9226277565954173,-0.3965135657317273,2.118679230152916,-0.5200998114672676,0.3731046821582083,-0.9735004042153511,-0.49023548814643314
TMO,2020,2021-02-25,2020-12-31,item_1a,43077,0000097745-21-000011,120,0.1258092575706541,0.4228115230177839,0.451379214754949,-0.2970022654471298,0.45,0.0833333333333333,0.4666666666666667,1568,191,40,0.1218112244897959,0.0255102040816326,-0.6536796536796536,-0.6536796508498717,246,0.004990983979466,0.0,-0.0009452524284521,-0.0027286528108175,-0.0361497732015659,2021-02-25,0.0196152130241593,-0.0194791831846772,0.018795133131221,-0.0808897618214412,0.2153704794983122,0.0335280640001234,0.2448525699457585,0.2736791572985508,-0.0288265873527922,0.0889710099077676,20.21925281644334,Health Care,10.670744490962486,35,0.07302624190696475,0.06186234921350453,1.7552983216597926,0.19017242497365025,-0.3359432746573476,0.21274622458661097,0.025301709518944535,-0.38457694225434036,-0.37028004642407775
TMO,2021,2022-02-24,2021-12-31,item_1a,46188,0000097745-22-000011,120,0.1207221572791847,0.4246713246956157,0.4546065147655705,-0.303949167416431,0.45,0.0833333333333333,0.4666666666666667,1545,169,60,0.1093851132686084,0.0388349514563106,-0.4759825327510917,-0.4759825306725653,267,-0.0069469019693012,0.0,0.0018598016778317,-0.0124261112211875,0.1776971209285619,2022-02-24,0.0637608310835242,0.0035308895878036,-0.0103685092779302,0.0589647818503156,0.0851053039022924,0.0983409910199241,0.3591533358835078,0.2518833651695545,0.1072699707139532,-0.0389672915543243,20.417910698465334,Health Care,10.740475303071747,35,0.008604029583825388,0.06186234921350453,0.9932907255136535,0.01392371593243416,-1.2542384314244814,-0.005081647660529008,-0.6930030859292337,-0.1233674775440583,-0.25412447458179316
TMO,2022,2023-02-23,2022-12-31,item_1a,45729,0000097745-23-000008,120,0.1003004603553563,0.4277077518287114,0.4719917842963089,-0.3274072914733551,0.4583333333333333,0.0666666666666666,0.475,1721,203,54,0.1179546775130738,0.031377106333527,-0.5797665369649806,-0.5797665347090797,261,-0.0234581240569241,0.0083333333333333,0.0030364271330957,0.0085695642444653,-0.1037840042138888,2023-02-23,0.0139233403742036,0.0224083350446452,-0.0724198158323276,-0.1023677836340032,-0.0222047258204338,-0.1208581530160204,0.222899837310156,0.259535693143071,-0.0366358558329149,-0.0470876832273569,20.371935756159893,Health Care,10.730487948929952,35,-0.2089352786395961,0.15042358339981954,1.5188029258881919,-0.22984487007394055,0.733934786472091,0.07139597289774384,-0.7385947204358483,-0.18381859052008917,-0.27076112051263274
TMO,2023,2024-02-22,2023-12-31,item_1a,48215,0000097745-24-000007,120,0.1129966031449536,0.3824247107453023,0.504578689361612,-0.2694281076003487,0.4,0.075,0.525,1585,146,42,0.0921135646687697,0.0264984227129337,-0.5531914893617021,-0.5531914864191942,261,0.0579791838730064,-0.0583333333333332,-0.0452830410834091,-0.025841112844304,0.0265750476032784,2024-02-22,0.0410063623955598,0.01080054411787,0.0547712586655764,0.0075274870831785,0.078822249180998,-0.0241298810091838,0.1784737919904377,0.2205256711596306,-0.0420518791691928,0.0400980589773294,20.42010605557476,Health Care,10.783425454944485,35,0.32873565875019434,-0.46950505590438735,-0.06585408624722022,0.9724802695731231,-2.5245641701105934,-0.31847148567754097,-0.2490936405822061,-0.12048086640351793,-0.18257935269688386
UNH,2014,2015-02-10,2014-12-31,item_1a,62422,0000731766-15-000007,120,0.0808261161437258,0.459315287337328,0.4598585993827631,-0.3784891711936022,0.5,0.0666666666666666,0.4333333333333333,2092,215,97,0.1027724665391969,0.0463671128107074,-0.3782051282051282,-0.3782051269929323,274,,,,,,2015-02-10,0.0577617582170515,0.0563594815965284,0.0555520848200359,0.0356919927069243,0.1304815400042915,0.1120540048973566,0.2252937893789431,0.2390708081104532,-0.01377701873151,0.3398164632914979,19.596996101504203,Health Care,11.041673056323964,36,-0.6826439498926398,0.5932297543313965,0.5877827633886411,,,-0.13313076951447445,1.433664100005223,-1.2027641783572376,0.247602039255492
UNH,2015,2016-02-09,2015-12-31,item_1a,61244,0000731766-16-000058,120,0.0943384727307905,0.4146233439755936,0.4910381865066787,-0.3202848712448031,0.425,0.0583333333333333,0.5166666666666667,2072,187,87,0.0902509652509652,0.0419884169884169,-0.364963503649635,-0.3649635023176514,269,0.0582042999487991,-0.075,-0.0446919433617343,-0.0125215012882316,0.0132416245554931,2016-02-09,0.1028592284676028,0.0267657014851712,0.2065600380822214,0.0766182872267677,0.2869178509183949,0.0980822589019365,0.1745933228838808,0.2706488021587888,-0.0960554792749079,-0.0890398924305808,19.90247436581037,Health Care,11.022621164424987,36,-0.14288539478546175,-0.2038213533454417,-0.18007444687978616,0.9758038410926672,-1.2632713380752196,0.18246075442150608,-0.9741338256603284,-0.8010997032914771,0.21586594826123348
UNH,2016,2017-02-08,2016-12-31,item_1a,60678,0000731766-17-000009,120,0.0981614899666359,0.4131408672120111,0.4886976394647112,-0.3149793772453753,0.4333333333333333,0.0833333333333333,0.4833333333333333,2046,183,97,0.0894428152492668,0.0474095796676441,-0.3071428571428571,-0.3071428560459184,268,0.0053054939994278,0.0083333333333333,-0.0014824767635824,-0.0008081500016983,0.0578206465067778,2017-02-08,0.0642730150122989,0.0274123710327565,0.0856240440763831,0.0347015695336798,0.2249010157860518,0.1363625048806316,0.135039662959424,0.1774576097024248,-0.0424179467430008,0.1391931128014023,19.91478742515612,Health Care,11.013336473130225,36,-0.09368480689453147,-0.11526011915912669,-0.229632706029252,0.19481579191790546,-0.15408238353087067,-0.7488951258696084,0.3072718227197876,-0.7849096200795092,0.2003997777965586
UNH,2017,2018-02-13,2017-12-31,item_1a,60436,0000731766-18-000005,120,0.0741244385639826,0.4440580344176851,0.4818175309648116,-0.3699335958537025,0.4666666666666667,0.05,0.4833333333333333,2101,199,92,0.0947168015230842,0.0437886720609233,-0.3676975945017182,-0.3676975932381526,266,-0.0549542186083272,0.0333333333333333,0.0309171672056739,0.0052739862738173,-0.060554737358861,2018-02-13,0.015883393301761,-0.0179509399033499,0.0602409517084503,0.0369861817048784,0.1705240732619135,0.0941447510541622,0.2402728029958487,0.2428707426367487,-0.0025979396408999,0.1776573952337867,20.095542037057125,Health Care,11.009340232859731,36,-0.6033036779945642,0.23898481758613516,0.09378445410101771,-0.6948473025270778,0.421861956548085,-0.09515409733653546,0.5232280938982142,-0.5472406439582951,0.19374295623092033
UNH,2018,2019-02-12,2018-12-31,item_1a,61121,0000731766-19-000005,120,0.1041302753069127,0.4278096545642862,0.4680600746689985,-0.3236793792573735,0.4666666666666667,0.075,0.4583333333333333,2118,200,85,0.0944287063267233,0.0401322001888574,-0.4035087719298245,-0.4035087705140043,274,0.046254216596329,0.0,-0.0162483798533988,-0.0002880951963609,-0.0358111774281063,2019-02-12,-0.0351548115287687,-0.0609119035982586,-0.0993078044555648,-0.1377910751555342,-0.0463793195252267,-0.1236056042559404,0.3012068089152767,0.264709935783659,0.0364968731316177,-0.010543015516654,20.444767709257963,Health Care,11.020610784963102,36,-0.17436442196689844,0.23898481758613516,0.0761175650693226,0.7993750518709637,-0.10483609767063694,0.12310752612871159,-0.5334160541203818,-0.08805397605367128,0.21251711624635214
UNH,2019,2020-02-14,2019-12-31,item_1a,61465,0000731766-20-000006,120,0.0948965756765877,0.4186474974849261,0.4864559242501854,-0.3237509218083384,0.425,0.0833333333333333,0.4916666666666666,1968,196,103,0.0995934959349593,0.0523373983739837,-0.3110367892976589,-0.311036788257402,276,-7.154255096492035e-05,-0.0416666666666666,-0.0091621570793601,0.005164789608236,0.0924719826321656,2020-02-14,-0.1790686030015391,0.0721162839968551,-0.0219549514571081,0.1250729834340058,0.0927854588345806,0.0847530594939438,0.8353835010429406,0.2535624348869344,0.5818210661560062,0.2532583363881473,20.681124710170234,Health Care,11.026223186101442,36,-0.17502787301727576,-0.2038213533454417,0.39283844772663756,0.11543023282132042,0.4115216421177392,0.011699031001059764,0.9476867427232744,0.2227249623928119,0.22186609188441933
UNH,2020,2021-03-01,2020-12-31,item_1a,66420,0000731766-21-000013,120,0.0935856458498165,0.439234251397041,0.4671801008594533,-0.3456486055472245,0.4666666666666667,0.0833333333333333,0.45,2130,201,109,0.0943661971830985,0.0511737089201877,-0.2967741935483871,-0.296774192591051,302,-0.021897683738886,0.0416666666666666,0.0205867539121148,-0.0052272987518607,0.0142625957492718,2021-03-01,0.1202365063719144,0.1036984904647657,0.2352709956310599,0.15355277782976,0.2603820240717875,0.0970711206098857,0.1835680754321397,0.1951924538029693,-0.0116243783708295,0.0840910188411321,20.722784809979984,Health Care,11.103753494930737,36,-0.37809641169040437,0.23898481758613516,0.07228431093029017,-0.20680682189938235,-0.5725510917821113,-0.5716525034316301,-0.0020968173088262497,0.2775026146073712,0.351013839985573
UNH,2021,2022-02-15,2021-12-31,item_1a,68122,0000731766-22-000008,120,0.0854452901287004,0.4294138102869814,0.4851409042409311,-0.3439685201582809,0.4666666666666667,0.0583333333333333,0.475,1956,184,100,0.0940695296523517,0.0511247443762781,-0.2957746478873239,-0.2957746468458639,307,0.0016800853889435,0.0,-0.0098204411100595,-0.0002966675307468,0.0009995456610631,2022-02-15,0.0633383052712697,0.0746137212887091,0.0329495834975583,0.114795446836032,0.1470675991656678,0.1835523135115916,0.250921565488368,0.2225291482662925,0.0283924172220755,0.1447901120918857,20.86091116047117,Health Care,11.129055494298653,36,-0.36251611156153757,0.23898481758613516,0.054091739824575255,0.14129093918543717,-0.1056478498654535,-0.29844866876604037,0.3386959653301652,0.4591209310162441,0.3931611793959938
UNH,2022,2023-02-24,2022-12-31,item_1a,66082,0000731766-23-000008,120,0.0824203193265323,0.4652142334069746,0.4523654459044337,-0.3827939140804422,0.5,0.075,0.425,1977,206,92,0.1041982802225594,0.0465351542741527,-0.3825503355704698,-0.3825503342867438,294,-0.0388253939221612,0.0333333333333333,0.0358004231199932,0.0101287505702076,-0.0867756876831458,2023-02-24,-0.0014734659092857,-0.0055685678665272,-0.0101761028546936,-0.0602606837518993,0.0176472536644891,-0.1006980446175378,0.2014673932277983,0.2275353177622463,-0.0260679245344479,-0.0766081597199637,21.12303539557556,Health Care,11.098651674080669,36,-0.7225640554991433,0.5932297543313965,0.6752180710300856,-0.4567243600321872,0.8815810243663009,-0.24841684413868861,-0.9043363285877871,0.8037804554323441,0.3425153742377762
UNH,2023,2024-02-28,2023-12-31,item_1a,66335,0000731766-24-000081,120,0.0954310026175032,0.4396153833794718,0.4649536236034085,-0.3441843807619686,0.475,0.0666666666666666,0.4583333333333333,2015,198,87,0.0982630272952853,0.0431761786600496,-0.3894736842105263,-0.389473682843952,299,0.0386095333184736,-0.025,-0.0255988500275027,-0.005935252927274,-0.0069233486400565,2024-02-28,-0.0032709069896788,-0.0396854599439659,-0.0233787098412089,-0.0657967371053626,0.1908295225292333,0.0810412562178064,0.2551979801322348,0.2003843209950473,0.0548136591371874,0.0573623142444481,21.083692244648866,Health Care,11.102472940351017,36,-0.3645178985025976,0.32754605177245016,0.3112499932359719,0.6865103818168721,-0.6395903986792573,-0.5197648098462461,-0.1521641268518144,0.7520492918410611,0.3488807291700901
UPS,2014,2015-02-27,2014-12-31,item_1a,80961,0001090727-15-000008,120,0.3042510611160348,0.0904063956074727,0.6053425419454773,0.213844665508562,0.0666666666666666,0.2666666666666666,0.6666666666666666,1498,46,74,0.0307076101468624,0.0493991989319092,0.2333333333333333,0.2333333313888889,511,,,,,,2015-02-27,-0.0438416879521661,-0.036814194176198,-0.0174600300262948,-0.0242124395999259,-0.011132292151798,0.0340916559405074,0.1398885929364828,0.2455598069458569,-0.105671214009374,0.059602898768825,19.472578833349743,Industrials,11.301722836223666,37,4.810373853271364,-4.011954423357002,-3.8314572553637207,,,-0.06827949909656136,-0.13958444906905304,-1.3663568215715853,0.6807854481103887
UPS,2015,2016-02-25,2015-12-31,item_1a,82001,0001090727-16-000053,120,0.2780459019743527,0.1600979877170175,0.5618561138864606,0.1179479142573351,0.15,0.25,0.6,1488,63,69,0.0423387096774193,0.0463709677419354,0.0454545454545454,0.0454545451101928,519,-0.0958967512512269,0.0833333333333333,0.0696915921095448,0.0116310995305568,-0.1878787878787878,2016-02-25,0.0751132179632931,0.0303734901531502,0.0549004196550135,-0.0208869789133852,0.138597266862227,0.0129322753301519,0.1208411725616665,0.1860803587695974,-0.0652391862079309,0.0295228046175481,19.503981114338536,Industrials,11.314486721293981,37,3.9210737166772014,-3.1263420814938474,-3.1182022364722055,-1.2993151751602645,1.0238450811615878,-0.662719084590318,-0.3084680095780766,-1.3250668766457838,0.7020471590302126
UPS,2016,2017-02-21,2016-12-31,item_1a,77685,0001090727-17-000011,120,0.2767024187293525,0.1420953456778079,0.5812022341880947,0.1346070730515445,0.1333333333333333,0.25,0.6166666666666667,1507,60,67,0.039814200398142,0.0444591904445919,0.0551181102362204,0.0551181098022196,484,0.0166591587942093,-0.0166666666666666,-0.0180026420392095,-0.0025245092792773,0.009663564781675,2017-02-21,-0.011140152388226,-0.0061048683121911,-0.0289075821431553,-0.0461262981603259,0.0730561506172426,0.0364522090323811,0.1255846057552656,0.1904296349760926,-0.064845029220827,-0.0182336132385987,19.351830326816508,Industrials,11.260417467526102,37,4.0755627061156705,-3.3034645498664785,-3.273012958274749,0.3624391694199823,-0.31661202224401014,-0.6192522733696517,-0.5765946266073124,-1.525125516954236,0.6119801585103732
UPS,2017,2018-02-21,2017-12-31,item_1a,70969,0001090727-18-000009,120,0.1902546594462668,0.1829243059037253,0.6268210262681048,0.0073303535425414,0.1916666666666666,0.1583333333333333,0.65,1727,71,80,0.0411117544875506,0.0463231036479444,0.0596026490066225,0.0596026486119029,400,-0.127276719509003,0.0583333333333333,0.0408289602259173,0.0012975540894086,0.004484538770402,2018-02-21,-0.0023881011097414,0.0173266585104491,0.1104821208384709,0.0969592339701603,0.1930873407316078,0.1237380312286566,0.2249644793048087,0.2526583067777103,-0.0276938274729015,-0.0613928576422587,19.451147280714224,Industrials,11.169998440958999,37,2.8952599057831585,-2.683535910562272,-3.193442925869603,-1.7626031407952953,0.0453160347578269,0.00266314457373806,-0.8189105856968167,-1.3945365461053163,0.4613627568391022
UPS,2018,2019-02-21,2018-12-31,item_1a,76846,0001090727-19-000006,120,0.2553900096099823,0.2003292421073031,0.5442807546661546,0.0550607675026791,0.2,0.2333333333333333,0.5666666666666667,1620,90,66,0.0555555555555555,0.0407407407407407,-0.1538461538461538,-0.1538461528599605,437,0.0477304139601377,0.0083333333333333,0.0174049362035778,0.0144438010680048,-0.2134488028527763,2019-02-21,-0.0310309708967601,-0.042061045198526,-0.1115203485390466,-0.1456500226957343,0.0654051286014287,0.0014342391389481,0.2438736299561984,0.32015648303172,-0.0762828530755216,-0.0805192803527836,19.6024595970846,Industrials,11.249558698165147,37,3.337888702907329,-2.5949746763759554,-2.307704344013288,0.8211693528701449,1.2901922094470721,0.6772421654670909,-0.9262951687007558,-1.195580387100244,0.5938919342882205
UPS,2019,2020-02-20,2019-12-31,item_1a,69304,0001090727-20-000005,120,0.2206460234786694,0.2174395372858271,0.561914436922719,0.0032064861928423,0.2333333333333333,0.2083333333333333,0.5583333333333333,1524,84,66,0.0551181102362204,0.0433070866141732,-0.12,-0.1199999992,418,-0.0518542813098368,0.0333333333333333,0.0171102951785239,-0.000437445319335,0.0338461538461538,2020-02-20,-0.1135790186948495,0.2033953477902307,-0.078296765627437,0.0352925683375709,0.5366932228834687,0.5255469333353,0.5884386039202119,0.226260286534673,0.3621783173855388,-0.0787532010327398,19.55784954519753,Industrials,11.146257903569976,37,2.8570171525143224,-2.2407297396306944,-2.334529844791323,-0.6490804096858818,-0.11897872028225163,-0.2611595486803355,-0.9163795825922033,-1.2542368454069381,0.4218164556724941
UPS,2020,2021-02-22,2020-12-31,item_1a,72586,0001090727-21-000013,120,0.2152864499250427,0.2162637169472873,0.5684498231702795,-0.0009772670222446,0.2333333333333333,0.2083333333333333,0.5583333333333333,1539,81,71,0.0526315789473684,0.046133853151397,-0.0657894736842105,-0.065789473251385,429,-0.0041837532150869,0.0,-0.0011758203385397,-0.002486531288852,0.0542105263157894,2021-02-22,-0.0107670966630795,-0.0204452101608243,0.3173578438719346,0.2417330451295489,0.2078694158262444,0.0548132552712421,0.2945370635477037,0.2360825563189274,0.0584545072287763,0.0201891061891961,20.07977325634741,Industrials,11.192527344751788,37,2.818219046664981,-2.2407297396306944,-2.4870116386875156,0.054718325875026765,-0.3130157186358392,-0.16299545741543864,-0.3608717093594035,-0.5679745545708271,0.4988907537729526
UPS,2021,2022-02-22,2021-12-31,item_1a,69337,0001090727-22-000007,120,0.1880071262440954,0.280546828743536,0.5314460418187081,-0.0925397024994405,0.2833333333333333,0.1666666666666666,0.55,1564,103,63,0.0658567774936061,0.0402813299232736,-0.2409638554216867,-0.2409638539700972,415,-0.0915624354771959,0.0499999999999999,0.0642831117962487,0.0132251985462377,-0.1751743817374762,2022-02-22,0.0268459785630212,-0.0094894265705731,-0.1583169105120948,-0.0851811532328582,-0.0018548718782356,0.0310902254148324,0.3243401595356812,0.3599811276378019,-0.0356409681021206,0.0966832542298283,20.041887225649283,Industrials,11.146733953232388,37,1.969113260344375,-1.7093623345128024,-1.6760015347709547,-1.2353241500299876,1.174797355825808,1.0752509896566267,0.06860181603040712,-0.6177897932008201,0.4226094454440191
UPS,2022,2023-02-21,2022-12-31,item_1a,39444,0001090727-23-000006,120,0.1372383238825326,0.4305674824281595,0.4321941919624805,-0.2933291585456269,0.4583333333333333,0.1166666666666666,0.425,1663,164,68,0.0986169573060733,0.0408899579073962,-0.4137931034482758,-0.4137931016646849,206,-0.2007894560461864,0.175,0.1500206536846235,0.0327601798124672,-0.1728292480265891,2023-02-21,0.0396725963735502,0.0534128196008957,-0.0297106515797125,-0.0830777831980524,-0.047462543300609,-0.1536190090899607,0.272321939732719,0.2675738082174537,0.0047481315152653,-0.1033279984941168,20.05151403555035,Industrials,10.58263722345222,37,0.1070888605735143,0.15042358339981954,0.3329540768325105,-2.8479313947566767,3.024650990169035,0.151729162587192,-1.0543538613026733,-0.6051317811676142,-0.5170465866599794
UPS,2023,2024-02-20,2023-12-31,item_1a,39424,0001090727-24-000008,120,0.1139350512375434,0.4253036725722874,0.4607612730469554,-0.311368621334744,0.45,0.0833333333333333,0.4666666666666667,1733,160,52,0.0923254472013848,0.03000577034045,-0.5094339622641509,-0.5094339598611606,207,-0.018039462789117,-0.0083333333333333,-0.0052638098558721,-0.0062915101046884,-0.095640858815875,2024-02-20,0.0411732744620096,-0.0098313256424256,0.0039889911706116,-0.0663607039752447,-0.1121240672151868,-0.2439461995481036,0.2433206627314593,0.2658900727728679,-0.0225694100414086,-0.1107424982965742,20.059258304790237,Industrials,10.582130046893191,37,-0.06020040119114766,0.06186234921350453,-0.05286079361773739,-0.14984477145670883,-0.6733259638901722,0.13490185449255834,-1.0959822923752303,-0.5949490670354913,-0.5178914267164347
VZ,2014,2015-02-23,2014-12-31,item_1a,19982,0001193125-15-057710,120,0.0910848425390819,0.4463749943921963,0.462540160305798,-0.3552901518531143,0.4583333333333333,0.0583333333333333,0.4833333333333333,1085,107,40,0.0986175115207373,0.0368663594470046,-0.4557823129251701,-0.4557823098246101,168,,,,,,2015-02-23,0.0131227308847314,0.0200253072220867,0.0287073637325629,0.0157789286007843,-0.0328173726861754,0.0217745622646028,0.1120600069419588,0.1856324485924455,-0.0735724416504866,0.0263009548692194,20.39668326788378,Communication,9.902587147292964,38,-0.46750745361761525,0.15042358339981954,0.3329880629908792,,,-0.6671955138143351,-0.3265569641600141,-0.15127880793249227,-1.6498543525281775
VZ,2016,2017-02-21,2016-12-31,item_1a,20524,0001193125-17-050292,120,0.0981304692492509,0.4101149896392598,0.4917545446349928,-0.3119845203900089,0.425,0.0666666666666666,0.5083333333333333,1072,104,38,0.0970149253731343,0.0354477611940298,-0.4647887323943662,-0.4647887291212061,171,,,,,,2017-02-21,0.0056645881618972,0.0106998722379322,-0.0689327863924205,-0.0861515024095911,-0.0015523165792273,-0.0381562581640889,0.1287033196967273,0.1715445723980948,-0.0428412527013674,-0.0489333736429562,20.31804469671456,Communication,9.929350212061856,38,-0.06591195144523686,-0.2038213533454417,0.23471252077057028,,,-0.807990217568828,-0.7489572800547168,-0.2546783754282321,-1.6052732125923383
VZ,2017,2018-02-23,2017-12-31,item_1a,20121,0000732712-18-000009,109,0.0786117323153062,0.5386796497628776,0.3827086168110644,-0.4600679174475713,0.5504587155963303,0.0458715596330275,0.4036697247706422,1565,146,56,0.0932907348242811,0.0357827476038338,-0.4455445544554455,-0.4455445522497794,109,-0.1480833970575624,0.1254587155963303,0.1285646601236177,-0.0037241905488531,0.0192441779389206,2018-02-23,-0.0252641994804619,0.005816665712792,0.0199214323058389,0.0228972147275718,0.1513811151214097,0.1021907034513678,0.212020662874117,0.2217194652324599,-0.0096988023583429,0.0133620746899623,20.36742304540824,Communication,9.909519324767848,38,-1.4391658261841176,1.1294720897714712,0.0063336307697289375,-2.0697890255581792,-0.43021513894700514,-0.3065406679652678,-0.399201821675522,-0.18975222248995327,-1.638306931605478
VZ,2018,2019-02-15,2018-12-31,item_1a,20091,0000732712-19-000012,112,0.075721966709742,0.5553133994690143,0.3689646335385207,-0.4795914327592722,0.5714285714285714,0.0446428571428571,0.3839285714285714,1556,147,58,0.0944730077120822,0.0372750642673521,-0.4341463414634146,-0.4341463393456276,112,-0.0195235153117008,0.020969855832241,0.0166337497061366,0.0011822728878011,0.0113982129920309,2019-02-15,0.0424218685864774,0.0198025633462641,0.0639685615116771,0.0288924712885545,0.0485152229924799,-0.0025480329263301,0.1461983274817231,0.2190171631126387,-0.0728188356309156,0.0440486896558554,20.45599383638748,Communication,9.90802723257816,38,-1.6202174739923816,1.352326047356956,0.07883426312250875,-0.17175504454670812,0.034399548744413457,-0.33354756532627206,-0.22691297279937842,-0.07329306836440892,-1.6407924156589695
VZ,2019,2020-02-21,2019-12-31,item_1a,21964,0000732712-20-000014,120,0.0755215095433717,0.5139827476581559,0.4104957391197483,-0.4384612381147841,0.55,0.0333333333333333,0.4166666666666667,1641,150,61,0.0914076782449725,0.0371724558196221,-0.4218009478672986,-0.4218009458682419,124,0.041130194644488,-0.0214285714285713,-0.0413306518108583,-0.0030653294671096,0.012345393596116,2020-02-21,-0.1355673484528,0.1919453689023076,-0.0627074821720891,0.0478415700387164,0.0354521241559313,0.0106033223617432,0.4215051683404111,0.1278451670924344,0.2936600012479766,0.0539411969839636,20.340561732922364,Communication,9.997160028398763,38,-1.238795921768319,1.124597159449289,-0.10914122631665314,0.7237249528512046,-0.3678246738638632,-1.2447235292034962,-0.17137186140755786,-0.22507138015153977,-1.4923175799977815
VZ,2020,2021-02-25,2020-12-31,item_1a,24681,0000732712-21-000012,120,0.0871008538563425,0.5165508112326885,0.3963483328310151,-0.429449957376346,0.55,0.0416666666666666,0.4083333333333333,1805,156,67,0.0864265927977839,0.0371191135734072,-0.3991031390134529,-0.3991031372237527,128,0.0090112807384381,0.0,0.0025680635745326,-0.0049810854471886,0.0226978088538457,2021-02-25,0.0297346467109103,-0.0093597494979262,0.0082539862254003,-0.091430908727262,-0.006288539539256,-0.1881309550374448,0.1494651233834625,0.1713421083698651,-0.0218769849864025,-0.0205443702322908,20.636074505639947,Communication,10.11378899583704,38,-1.155229658187739,1.124597159449289,-0.4145968012948382,0.2495273322639641,-0.5492360667885272,-0.8100136498081726,-0.5895682850873436,0.1634897601915605,-1.2980404161961998
VZ,2021,2022-02-11,2021-12-31,item_1a,25280,0000732712-22-000008,120,0.0869786180866261,0.5153961176828792,0.3976252586425592,-0.428417499596253,0.5666666666666667,0.0333333333333333,0.4,1807,156,61,0.0863309352517985,0.0337576092971776,-0.4377880184331797,-0.4377880164157234,130,0.0010324577800929,0.0166666666666666,-0.0011546935498093,-9.565754598536702e-05,-0.0386848794197268,2022-02-11,-0.0105026214146674,0.0219408922684084,-0.0853961993680082,-0.0002758631157359,-0.1242507522784948,-0.1051582887946784,0.2319202929491072,0.1829620074856188,0.0489582854634883,-0.0237861279939561,20.64108827652084,Communication,10.137768848260794,38,-1.1456551435886049,1.301719627821919,-0.4204628180535885,0.13172948663938105,-0.08661332683301944,-0.6938839911506318,-0.607769012463543,0.17008222153589891,-1.258095470960079
VZ,2022,2023-02-10,2022-12-31,item_1a,26485,0000732712-23-000012,120,0.0971856071070457,0.5357389184646308,0.3670754753518849,-0.4385533113575851,0.5916666666666667,0.05,0.3583333333333333,1869,162,57,0.0866773675762439,0.0304975922953451,-0.4794520547945205,-0.4794520526052417,134,-0.010135811761332,0.025,0.0203428007817516,0.0003464323244454,-0.0416640363613408,2023-02-10,-0.0782302639179076,-0.0382588259513968,-0.0449360512060879,-0.057485872071546,-0.1320635569844476,-0.2385509931625838,0.1983050905516903,0.2025485057974782,-0.0042434152457878,-0.0830218100229832,20.675659980670797,Communication,10.184333813978627,38,-1.2396497645349531,1.5674033303808652,-0.3992185157872566,-0.03315675011543944,-0.044749884919387806,-0.49813587487232674,-0.9403455276809267,0.21553954869160105,-1.1805288966271108
VZ,2023,2024-02-09,2023-12-31,item_1a,31362,0000732712-24-000010,120,0.100039826775901,0.5088077921730777,0.391152378047506,-0.4087679653971766,0.55,0.0583333333333333,0.3916666666666666,1856,178,59,0.0959051724137931,0.0317887931034482,-0.5021097046413502,-0.5021097025227439,156,0.0297853459604084,-0.0416666666666666,-0.0269311262915531,0.0092278048375491,-0.0226576498468296,2024-02-09,0.0103224256784328,-0.0207629973873151,0.0335910264400338,-0.008823687738364,0.0538862104050019,-0.0168493479729363,0.1769012709649886,0.2249074290957135,-0.0480061581307248,0.267173703222098,20.38605042260885,Communication,10.353352247940977,38,-0.9634348575074663,1.124597159449289,0.16665903486407235,0.5562317347539539,0.7962664947442295,-0.27468005096986764,1.0258140479400704,-0.16525962658586082,-0.8989828733566227
WMT,2014,2014-03-21,2014-01-31,item_1a,40243,0000104169-14-000019,120,0.1085867034348969,0.4208781571825966,0.470535136728237,-0.3122914537476997,0.4333333333333333,0.0833333333333333,0.4833333333333333,2105,216,75,0.1026128266033254,0.0356294536817102,-0.4845360824742268,-0.4845360808091544,156,,,,,,2014-03-21,0.01918522022973,0.0101083913495145,0.0006381831386972,-0.056714094577988,0.0226688543248847,-0.0654324979246356,0.1041801314296997,0.1233492046789869,-0.0191690732492871,-0.0014658247276011,19.93366484688961,Consumer Staples,10.602691354678605,39,-0.0687583031032261,-0.11526011915912669,0.5779931484707451,,,-1.289656327260489,-0.4824525068600123,-0.7600882478997285,-0.4836409943552324
WMT,2015,2015-04-01,2015-01-31,item_1a,43941,0000104169-15-000011,120,0.1243972719026108,0.3972704421922875,0.4783322842946897,-0.2728731702896766,0.425,0.1083333333333333,0.4666666666666667,2195,209,77,0.0952164009111617,0.0350797266514806,-0.4615384615384615,-0.4615384599246907,163,0.039418283458023,-0.0083333333333333,-0.0236077149903091,-0.0073964256921636,0.0229976209357652,2015-04-01,-0.0261429591324559,-0.0505474664973749,-0.1037834817904831,-0.1174407220384111,-0.1860392993175846,-0.1270373321263945,0.1401824741088685,0.1915690806924819,-0.0513866065836133,0.0936682712993024,19.99686124725436,Consumer Staples,10.690603103986417,39,0.29678781192305187,-0.2038213533454417,0.12442143472741751,0.6984506171855308,-0.7779552997097496,-0.607864614941216,0.05167430743883144,-0.6769931411620802,-0.3372001426912053
WMT,2016,2016-03-30,2016-01-31,item_1a,51466,0000104169-16-000079,120,0.1296510329547648,0.4152648661052808,0.4550840901987006,-0.2856138331505159,0.4666666666666667,0.1166666666666666,0.4166666666666667,2137,225,86,0.1052877866167524,0.0402433317735142,-0.4469453376205787,-0.4469453361834555,185,-0.0127406628608393,0.0416666666666666,0.0179944239129932,0.0100713857055907,0.0145931239178828,2016-03-30,0.0015990462144388,-0.0053419446564733,0.0469994582123196,0.0555579888181435,0.0662553001239572,0.0091463672526874,0.2516334519507001,0.2036673938626178,0.0479660580880822,0.0835325039968866,20.205337110885093,Consumer Staples,10.848676674452932,39,0.17863706046785474,0.23898481758613516,0.7420299749030583,-0.07161428317472993,0.8761488920366619,-0.4869536702949654,-0.005232577955683108,-0.402874298306557,-0.07388575676494398
WMT,2017,2017-03-31,2017-01-31,item_1a,53398,0000104169-17-000021,120,0.1442730769282207,0.425690035308556,0.4300368863157928,-0.2814169583803353,0.4666666666666667,0.125,0.4083333333333333,2210,214,92,0.0968325791855203,0.0416289592760181,-0.3986928104575163,-0.3986928091545986,192,0.0041968747701806,0.0,0.0104251692032752,-0.008455207431232,0.0482525271630623,2017-03-31,0.047724593666212,0.0348713310029977,0.0569708765299343,0.026262542392103,0.0981924466651633,0.0219726364908274,0.1579312365162381,0.1435642227911865,0.0143670137250516,0.0117365629541317,20.098208026642208,Consumer Staples,10.885528571063377,39,0.21755684927918276,0.23898481758613516,0.22353048822500257,0.17844834555331152,-0.8782160177160566,-1.087626763170468,-0.4083281963542602,-0.5437352118790104,-0.012498932278348744
WMT,2018,2018-03-30,2018-01-31,item_1a,53496,0000104169-18-000028,120,0.0997645636632417,0.4470142121271541,0.4532212228359034,-0.3472496484639123,0.4916666666666666,0.0583333333333333,0.45,2102,208,82,0.09895337773549,0.0390104662226451,-0.4344827586206896,-0.4344827571224732,196,-0.065832690083577,0.0249999999999999,0.021324176818598,0.0021207985499696,-0.0357899481631732,2018-04-02,0.0217419410085952,-0.0074265531126098,0.0074764040920818,-0.0508923874063755,0.1110522224255308,-0.0282935758567013,0.1763459327705291,0.2959764567754663,-0.1196305240049372,0.1347219364046721,20.333243553189327,Consumer Staples,10.887362163733814,39,-0.3929437101225855,0.5046685201450802,0.35358441871108365,-0.8554550149883003,0.12327268782891689,0.435586177966981,0.2821685705242936,-0.2346938415976384,-0.009444586592159484
WMT,2019,2019-03-28,2019-01-31,item_1a,51433,0000104169-19-000016,120,0.0816370785546799,0.4575812308466993,0.4607816821274658,-0.3759441522920194,0.4916666666666666,0.0416666666666666,0.4666666666666667,2183,239,79,0.1094823637196518,0.0361887311039853,-0.5031446540880503,-0.5031446525058344,188,-0.028694503828107,0.0,0.0105670187195452,0.0105289859841618,-0.0686618954673606,2019-03-28,0.0456093045710057,-0.0012716959829053,0.1395542274426389,0.0960655400332184,0.230452432689812,0.1623652704359246,0.1293875987352526,0.1777688152778175,-0.0483812165425648,0.0352546872771566,20.348114763408265,Consumer Staples,10.848035268780741,39,-0.6590426742781713,0.5046685201450802,0.9992544241402477,-0.3071537988642873,0.9194810829845268,-0.7457849269872722,-0.27628656935031976,-0.21514012028869503,-0.07495419179936567
WMT,2020,2020-03-20,2020-01-31,item_1a,55112,0000104169-20-000011,120,0.0621309022923621,0.5145269965675349,0.4233421008878698,-0.4523960942751728,0.5666666666666667,0.0166666666666666,0.4166666666666667,2036,230,75,0.1129666011787819,0.0368369351669941,-0.5081967213114754,-0.5081967196452567,196,-0.0764519419831534,0.075,0.0569457657208355,0.00348423745913,-0.0050520672234251,2020-03-20,0.1337189704262542,-0.0596373456674879,0.0562179355734173,-0.2986690335272908,0.1971899078939918,-0.2601285224313812,0.2796898419790892,0.4592313847430669,-0.1795415427639776,0.028650649532057,20.223034978274107,Consumer Staples,10.917122757273031,39,-1.3680210448842092,1.301719627821919,1.212918648077585,-1.0122356582542968,0.25238273850889587,2.0671613637907122,-0.3133646915968573,-0.37960388778901155,0.04012975015150305
WMT,2021,2021-03-19,2021-01-31,item_1a,64562,0000104169-21-000033,120,0.0788794562608624,0.469068315369077,0.4520522272524734,-0.3901888591082146,0.5166666666666667,0.0416666666666666,0.4416666666666666,2166,209,79,0.0964912280701754,0.0364727608494921,-0.4513888888888889,-0.4513888873215663,216,0.0622072351669582,-0.0499999999999999,-0.0454586811984578,-0.0164753731086064,0.0568078324225865,2021-03-19,0.0686956806951084,0.0104382951517281,0.0300654720239974,-0.0387378595071552,0.1069761846724046,-0.0336801092010474,0.1443397751170391,0.208686885967561,-0.0643471108505219,-0.0383822456951843,20.80323782911401,Consumer Staples,11.075381281398318,39,-0.7911412026652228,0.7703522227040276,0.20259778142593163,1.0349024258508015,-1.6376809193780484,-0.436788699069786,-0.6897183678942526,0.38328794690039564,0.3037522265380528
WMT,2022,2022-03-18,2022-01-31,item_1a,72619,0000104169-22-000012,120,0.1229898227301115,0.4028789459145628,0.4741312282625586,-0.2798891231844512,0.4333333333333333,0.1,0.4666666666666667,2181,218,90,0.0999541494727189,0.0412654745529573,-0.4155844155844156,-0.4155844142351155,249,0.1102997359237634,-0.0833333333333333,-0.0661893694545142,0.0034629214025435,0.0358044733044732,2022-03-18,0.0839521343461531,0.0827825127362009,-0.1837185371369533,-0.0103187875290825,-0.0689942006259952,0.0495350933036969,0.3354525303515758,0.1998375335103847,0.1356149968411911,0.0077706116385121,20.726538569411844,Consumer Staples,11.192981874562307,39,0.23172525468046307,-0.11526011915912669,0.4149548388049023,1.7449310866478118,0.2503642269879983,-0.5252294221737314,-0.43059488127947515,0.2824383235853748,0.49964789639703994
WMT,2023,2023-03-17,2023-01-31,item_1a,78081,0000104169-23-000020,120,0.110674142713348,0.4250663533884411,0.4642595035334428,-0.314392210675093,0.4416666666666666,0.0833333333333333,0.475,2254,244,85,0.1082519964507542,0.0377107364685004,-0.4832826747720364,-0.4832826733030921,251,-0.0345030874906418,0.0083333333333333,0.0221874074738783,0.0082978469780352,-0.0676982591876208,2023-03-17,0.0749639902298882,0.0128599968316083,0.119948443960586,-0.0110866848282318,0.1809464384060726,0.0351516027422391,0.1154672147185551,0.1622147122829872,-0.046747497564432,0.0329838304362157,20.59475086848157,Consumer Staples,11.26550202838201,39,-0.08823970782347311,-0.026698884972811674,0.9238044954971697,-0.3929106385822424,0.7082046787248957,-0.9012331502050615,-0.2890362099191174,0.10915451292044166,0.6204498730586483
XOM,2014,2015-02-25,2014-12-31,item_1a,13330,0000034088-15-000013,120,0.1814093214382107,0.1812062320377056,0.6373844487903019,0.000203089400505,0.1833333333333333,0.1583333333333333,0.6583333333333333,624,46,28,0.0737179487179487,0.0448717948717948,-0.2432432432432432,-0.2432432399561724,203,,,,,,2015-02-25,-0.0589287793102708,-0.0332060540650123,-0.0422548756462777,-0.0517974064306763,-0.2195701534485242,-0.1127371385719794,0.1501427604647225,0.2485449707627041,-0.0984022102979815,-0.0787462257383472,20.766327117068,Energy,9.497772413172754,40,2.8291651018158075,-2.772097144748587,-1.1939301867098957,,,-0.03844567251735192,-0.9163404200634326,0.33475512636752214,-2.3241830389378126
XOM,2015,2016-02-24,2015-12-31,item_1a,14492,0000034088-16-000065,120,0.1408866967928285,0.1760363224660977,0.6830769817655286,-0.0351496256732692,0.15,0.1,0.75,601,39,26,0.064891846921797,0.043261231281198,-0.2,-0.199999996923077,218,-0.0353527150737742,-0.0333333333333333,-0.0051699095716079,-0.0088261017961517,0.0432432432432432,2016-02-24,0.030177196936032,-0.0265911014249289,0.1092203748254065,0.027739646962382,0.0943517276272443,-0.0508036184307074,0.137404724910934,0.30886320276383,-0.171458477852896,0.1462883981493605,20.830258681507896,Energy,9.581352052014967,40,2.501321103621138,-3.1263420814938474,-1.7351740636807602,-0.4054543808608624,-0.9133376428434993,0.56437674645016,0.3471080362091599,0.41881687894166725,-2.184958491704991
XOM,2016,2017-02-22,2016-12-31,item_1a,14849,0000034088-17-000017,120,0.1686335072930281,0.179282557979847,0.652083938010037,-0.0106490506868188,0.175,0.1583333333333333,0.6666666666666666,625,44,29,0.0704,0.0464,-0.2054794520547945,-0.2054794492400075,226,0.0245005749864503,0.0249999999999999,0.0032462355137492,0.005508153078203,-0.0054794520547944,2017-02-22,0.0114910412239768,0.0167047043750234,0.0300234741583145,0.0096480880117328,-0.0335413887151183,-0.081915729789356,0.1204682671179685,0.1394386082098299,-0.0189703410918614,-0.0504491617772768,20.636125960298276,Energy,9.605687801896062,40,2.7285275980831396,-2.8606583789349016,-1.397397070411154,0.4782083673222361,0.4440362452372819,-1.1288582926624897,-0.7574676156877762,0.16355741642358285,-2.1444207027685858
XOM,2017,2018-02-28,2017-12-31,item_1a,17092,0000034088-18-000015,120,0.1621794684324413,0.178086247248575,0.6597342882926266,-0.0159067788161337,0.1583333333333333,0.1333333333333333,0.7083333333333334,620,42,34,0.0677419354838709,0.0548387096774193,-0.1052631578947368,-0.1052631565096953,261,-0.0052577281293148,-0.0166666666666666,-0.0011963107312719,-0.002658064516129,0.1002162941600576,2018-02-28,-0.0149189770749385,0.0124918326536982,0.0869568724441098,0.0794037662356599,0.0817294521251108,0.0053876639119074,0.2222888115786439,0.2114592059051218,0.0108296056735221,0.0299412379539951,20.519224097987237,Energy,9.746365796763916,40,2.6797699677925633,-3.0377808473075323,-1.5603978126613367,0.038862361679384116,-0.3292589573451347,-0.4090820413069877,-0.30611873130323314,0.009846561525205993,-1.9100833640050916
XOM,2019,2020-02-26,2019-12-31,item_1a,19606,0000034088-20-000016,101,0.1780565326277277,0.328291207750208,0.4936522608346278,-0.1502346751224803,0.3366336633663366,0.1683168316831683,0.495049504950495,1497,111,73,0.0741482965931863,0.0487641950567802,-0.2065217391304347,-0.206521738008034,101,,,,,,2020-02-26,-0.2676852758321222,-0.1111391930390794,-0.1107987735843912,-0.0909423469866722,-0.1983634119152243,-0.3144684672075678,0.7907883519262432,0.222313247140095,0.5684751047861482,-0.175564564022111,20.5608503866297,Energy,9.883590920821671,40,1.4340779607641991,-1.1429211732815183,-1.1675399231689378,,,-0.30060639180987475,-1.4599233493487467,0.06457975642038442,-1.68149771766153
XOM,2020,2021-02-24,2020-12-31,item_1a,21346,0000034088-21-000012,105,0.164605307392776,0.3346810921006614,0.5007136012560555,-0.1700757847078854,0.3523809523809524,0.1428571428571428,0.5047619047619047,1643,114,76,0.0693852708460133,0.0462568472306755,-0.2,-0.1999999989473684,105,-0.0198411095854051,0.0157472890146157,0.0063898843504534,-0.0047630257471729,0.0065217391304347,2021-02-24,-0.0091710509367973,-0.0071454088549847,0.0424819262385769,-0.0285799737962457,0.0055840409264593,-0.1453658070245471,0.3052449143379634,0.3997820725469359,-0.0945371582089724,0.3980883847694259,20.87856802450615,Energy,9.96861964747391,40,1.2500810971138805,-0.9755692512547607,-1.4596234024956756,-0.17644394683472553,-0.5285870309343098,1.4730229582857632,1.7608296177526785,0.4823374274174766,-1.539859321828187
XOM,2021,2022-02-23,2021-12-31,item_1a,26762,0000034088-22-000011,120,0.1837000792225201,0.324089014386603,0.4922109055177619,-0.1403889351640828,0.3333333333333333,0.1666666666666666,0.5,2025,130,97,0.0641975308641975,0.0479012345679012,-0.145374449339207,-0.145374448698791,123,0.0296868495438026,-0.019047619047619,-0.0105920777140584,-0.0051877399818158,0.0546255506607929,2022-02-23,0.086101322280832,0.0151463743920496,0.2422423752771165,0.3058432035591076,0.3098528915337275,0.3221822682183988,0.3805378569488629,0.2828997382566762,0.0976381186921866,0.4268182988399935,20.995471033840264,Energy,10.194738249864933,40,1.5253825959643565,-1.1779949293949106,-1.7777516730872296,0.554777552133475,-0.5688050971717039,0.30489701768941896,1.922132642834792,0.6360497905030952,-1.1631974879784261
XOM,2022,2023-02-22,2022-12-31,item_1a,28022,0000034088-23-000020,120,0.1927847737058376,0.312826036720071,0.4943891842228671,-0.1200412630142333,0.3333333333333333,0.175,0.4916666666666666,1985,127,91,0.0639798488664987,0.0458438287153652,-0.1651376146788991,-0.1651376139213871,130,0.0203476721498494,0.0,-0.011262977666532,-0.0002176819976987,-0.019763165339692,2023-02-22,-0.0575959718932056,-0.0478869502422265,-0.0219331220223195,-0.064915951809968,-0.0069647425951092,-0.1269849329524116,0.2854751075033046,0.2764832003228397,0.0089919071804649,0.2003322061338388,21.41500371891416,Energy,10.240745194931177,40,1.7140770760810946,-1.1779949293949106,-1.7911006068637048,0.41689568877381195,-0.09816836097430465,0.24076992393441762,0.6505349693159249,1.1876811024914475,-1.0865604483220876
XOM,2023,2024-02-28,2023-12-31,item_1a,29689,0000034088-24-000018,120,0.1970708514486129,0.2881283544003963,0.5148007929635544,-0.0910575029517834,0.2916666666666667,0.1833333333333333,0.525,2041,119,94,0.0583047525722685,0.0460558549730524,-0.1173708920187793,-0.1173708914677423,131,0.0289837600624499,-0.0416666666666666,-0.0246976823196746,-0.0056750962942302,0.0477667226601197,2024-02-28,0.1142636489658921,0.0778490960116049,0.0980918366037018,0.0556738093395481,0.1350854229673439,0.025297156655917,0.1593911681049191,0.1939422766182308,-0.0345511085133117,-0.0211829580897913,21.3006759088151,Energy,10.298531885816375,40,1.9828584627938106,-1.6208011003264868,-2.139115074792389,0.5443972709043962,-0.6149550183542954,-0.5841468158416487,-0.593153612664117,1.0373547938974208,-0.9903010484727632
