ticker,fiscal_year,filing_date,report_date,section_used,section_chars,accession,fb_n_sentences,fb_p_positive,fb_p_negative,fb_p_neutral,fb_net_sentiment,fb_pct_negative,fb_pct_positive,fb_pct_neutral,lm_n_tokens,lm_n_negative,lm_n_positive,lm_neg_frac,lm_pos_frac,lm_net_tone,lm_polarity,n_sentences_total,d_fb_net_sentiment,d_fb_pct_negative,d_fb_p_negative,d_lm_neg_frac,d_lm_net_tone,price_date,ret_1m,aret_1m,ret_3m,aret_3m,ret_6m,aret_6m,fwd_vol,pre_vol,vol_change,pre_ret_6m,ln_dollar_vol
AAPL,2014,2014-10-27,2014-09-27,item_1a,53217,0001193125-14-383437,120,0.11208231130925318,0.3215433790891742,0.5663743111848211,-0.209461067779921,0.30833333333333335,0.08333333333333333,0.6083333333333333,1226,116,32,0.09461663947797716,0.026101141924959218,-0.5675675675675675,-0.5675675637326516,429,,,,,,2014-10-27,0.12367926308367916,0.06785741272725909,0.1017977527534164,0.0758769682495648,0.23401829711666666,0.14981528136750288,0.26647805812918496,0.20884777724563416,0.057630280883550794,0.25290440795267166,
AAPL,2015,2015-10-28,2015-09-26,item_1a,53653,0001193125-15-356351,120,0.11821274744579569,0.3447983011719771,0.5369889464927837,-0.2265855537261814,0.36666666666666664,0.09166666666666666,0.5416666666666666,1249,120,33,0.09607686148919135,0.02642113690952762,-0.5686274509803921,-0.5686274472638729,436,-0.017124485946260398,0.05833333333333329,0.023254922082802887,0.0014602220112141934,-0.0010598834128245915,2015-10-28,-0.00801298098920522,-0.01093246958856009,-0.180374996196641,-0.11300464898183049,-0.2064048993834775,-0.20486616638314736,0.3060794087341481,0.3377367495201175,-0.031657340785969434,-0.10176328532749601,
AAPL,2016,2016-10-26,2016-09-24,item_1a,52387,0001628280-16-020309,120,0.1394462880329229,0.40404428262263536,0.4565094353553529,-0.26459799458971245,0.4166666666666667,0.11666666666666667,0.4666666666666667,2035,182,57,0.08943488943488943,0.02800982800982801,-0.5230125523012552,-0.5230125501129183,261,-0.03801244086353106,0.050000000000000044,0.05924598145065829,-0.00664197205430192,0.04561489867913693,2016-10-26,-0.0279091954496562,-0.06430855506615307,0.060438956630713525,-0.017129533992640722,0.25455127817059786,0.1292351244642156,0.14797830494065908,0.1772781507118612,-0.02929984577120212,0.22280168972447734,
AAPL,2017,2017-11-03,2017-09-30,item_1a,53169,0000320193-17-000070,120,0.14035639892875526,0.4082879379663306,0.4513556665663297,-0.26793153903757533,0.43333333333333335,0.125,0.44166666666666665,1934,177,56,0.09152016546018614,0.028955532574974147,-0.51931330472103,-0.5193133024922176,260,-0.0033335444478628795,0.016666666666666663,0.004243655343695252,0.002085276025296706,0.003699247580225218,2017-11-03,-0.01304437604117814,-0.031384149992062293,-0.05150102071175955,-0.0981468863354894,0.08684122328049426,0.04463292850412026,0.20085544498383973,0.18530963344616047,0.015545811537679255,0.13766609948214703,
AAPL,2018,2018-11-05,2018-09-29,item_1a,55359,0000320193-18-000145,120,0.12166601756277183,0.44515157090499996,0.4331824140157551,-0.3234855533422281,0.5,0.10833333333333334,0.39166666666666666,1965,183,64,0.09312977099236641,0.03256997455470738,-0.4817813765182186,-0.48178137456768677,273,-0.05555401430465279,0.06666666666666665,0.036863632938669344,0.0016096055321802721,0.03753192820281137,2018-11-05,-0.1302660957242281,-0.11728105258717902,-0.14908250891490105,-0.142965104399841,0.003443805643537967,-0.055863659559217016,0.44121733973873345,0.2796773391679273,0.16154000057080614,0.1288098918490821,
AAPL,2019,2019-10-31,2019-09-28,item_1a,54904,0000320193-19-000119,120,0.11948133068314443,0.43543259823539604,0.44508606758123886,-0.3159512675522516,0.4666666666666667,0.09166666666666666,0.44166666666666665,1992,186,58,0.09337349397590361,0.029116465863453816,-0.5245901639344263,-0.5245901617844666,267,0.0075342857899765026,-0.033333333333333326,-0.00971897266960392,0.0002437229835371979,-0.04280878741620764,2019-10-31,0.06509540553103554,0.03769953400060677,0.24451956409127562,0.17072715796767213,0.1848287205574728,0.23985205863584136,0.20631177757496555,0.27179961220703336,-0.06548783463206781,0.1720038601818643,
AAPL,2020,2020-10-30,2020-09-26,item_1a,60876,0000320193-20-000096,120,0.12342328088125214,0.4470185802434571,0.4295581439820429,-0.323595299362205,0.5,0.10833333333333334,0.39166666666666666,1953,186,61,0.09523809523809523,0.03123399897593446,-0.5060728744939271,-0.5060728724450491,287,-0.007644031809953378,0.033333333333333326,0.011585982008061046,0.001864601262191623,0.01851728944049913,2020-10-30,0.12926437472687002,0.008360335178424938,0.2421727548193202,0.06872862848068495,0.17822858473890246,-0.10418309979375628,0.31067223228183805,0.43659305288887845,-0.1259208206070404,0.6029427760117754,
AAPL,2021,2021-10-29,2021-09-25,item_1a,66619,0000320193-21-000105,120,0.09838598113274202,0.4130091744979533,0.48860483841660124,-0.3146231933652113,0.4583333333333333,0.06666666666666667,0.475,2084,203,71,0.0974088291746641,0.034069097888675626,-0.48175182481751827,-0.4817518230592999,312,0.008972105996993718,-0.041666666666666685,-0.03400940574550376,0.002170733936568872,0.024321049676408857,2021-10-29,0.1050817795073764,0.11311669534958313,0.16845849576168592,0.18535426403792554,0.05735708532939876,0.1488578051713394,0.2916742351238159,0.19268741406804576,0.09898682105577014,0.1642940225125913,
AAPL,2022,2022-10-28,2022-09-24,item_1a,70778,0000320193-22-000108,120,0.10667062850358586,0.41463334794389084,0.4786960214997331,-0.307962719440305,0.43333333333333335,0.08333333333333333,0.48333333333333334,2142,186,76,0.08683473389355742,0.035480859010270774,-0.4198473282442748,-0.4198473266418041,327,0.006660473924906263,-0.024999999999999967,0.0016241734459375157,-0.010574095281106685,0.061904496573243484,2022-10-28,-0.09204987400841447,-0.10801308224370432,-0.071983219235349,-0.12166347539306599,0.08563841763438518,0.020650182922047344,0.355879825377282,0.3247099986787101,0.031169826698571934,-0.11259994830675057,
AAPL,2023,2023-11-03,2023-09-30,item_1a,67872,0000320193-23-000106,120,0.07978398469664777,0.4599412248469889,0.460274787627471,-0.38015724015034114,0.5083333333333333,0.05,0.44166666666666665,2088,205,72,0.09818007662835249,0.034482758620689655,-0.48014440433212996,-0.4801444025987567,309,-0.07219452071003613,0.07499999999999996,0.045307876903098065,0.011345342734795066,-0.06029707608785517,2023-11-03,0.0963759594706699,0.045972208219578814,0.07302237594686245,-0.06798103419558332,0.03522976343766615,-0.16298047274089433,0.18177554028702086,0.20731564869833422,-0.02554010841131335,0.07398371055960595,
ABBV,2014,2015-02-20,2014-12-31,item_1a,52765,0001047469-15-000995,120,0.10882577843343218,0.3058199839744096,0.5853542371032139,-0.1969942055409774,0.3,0.1,0.6,1071,74,49,0.06909430438842204,0.0457516339869281,-0.2032520325203252,-0.20325203086786967,457,,,,,,2015-02-20,-0.01337678340781212,-0.011944186681516644,0.07984540087394976,0.06463514487358468,0.11818341078135952,0.14357129495877474,0.23056779868447688,0.3107770743360466,-0.08020927565156974,0.08313188933732629,19.913887801104458
ABBV,2015,2016-02-19,2015-12-31,item_1a,48158,0001047469-16-010239,120,0.09824264759663492,0.3140856184763834,0.5876717377609263,-0.21584297087974846,0.31666666666666665,0.06666666666666667,0.6166666666666667,1107,85,38,0.07678410117434507,0.03432700993676603,-0.3821138211382114,-0.382113818031595,419,-0.018848765338771056,0.016666666666666663,0.008265634501973762,0.007689796785923034,-0.1788617886178862,2016-02-19,0.031681428779328114,-0.03980612034220821,0.10240558265799438,0.03337869412244121,0.2525946476656977,0.10086126438323895,0.23061130367793262,0.37591245663220235,-0.14530115295426974,-0.19210461991005812,20.12516165841145
ABBV,2016,2017-02-17,2016-12-31,item_1a,47192,0001551152-17-000004,120,0.07825395222753287,0.4306678785632054,0.4910781639317671,-0.35241392633567253,0.45,0.05,0.5,1963,165,78,0.08405501782985227,0.039735099337748346,-0.35802469135802467,-0.35802468988467206,247,-0.13657095545592407,0.13333333333333336,0.11658226008682199,0.0072709166555071925,0.024089129780186735,2017-02-17,0.057956804909028437,0.059416730002887386,0.07224244352575959,0.05413567921118356,0.15413826622738291,0.11217729062056891,0.11679243252071785,0.19783641098572663,-0.08104397846500878,-0.06220417817485313,19.833212659341726
ABBV,2017,2018-02-16,2017-12-31,item_1a,46776,0001551152-18-000014,120,0.07305138140606383,0.44618803064028423,0.4807605850044638,-0.3731366492342204,0.49166666666666664,0.03333333333333333,0.475,1937,148,77,0.07640681466184822,0.03975219411461022,-0.31555555555555553,-0.31555555415308645,246,-0.020722722898547874,0.04166666666666663,0.015520152077078853,-0.007648203168004047,0.04246913580246914,2018-02-16,-0.05016885719256192,-0.04623337644614922,-0.09715211690495729,-0.09461342348405544,-0.14963683507590553,-0.2022779869328687,0.3910749904503714,0.37723319302850195,0.013841797421869473,0.6548075768854065,19.830281550896043
ABBV,2018,2019-02-27,2018-12-31,item_1a,44710,0001551152-19-000008,120,0.07495769299566746,0.41103280724491925,0.5140095009313276,-0.3360751142492518,0.44166666666666665,0.03333333333333333,0.525,1791,128,67,0.07146845337800112,0.03740926856504746,-0.3128205128205128,-0.31282051121630505,234,0.037061534984968614,-0.04999999999999999,-0.035155223395364976,-0.004938361283847101,0.0027350427350427142,2019-02-27,0.0069262910095388985,-0.0029104652062383884,-0.003966823101608896,-0.005025978102776496,-0.14928379968270666,-0.18629985268969673,0.1658834936405932,0.32759290956743864,-0.16170941592684543,-0.15214300592426688,20.166277937238192
ABBV,2019,2020-02-21,2019-12-31,item_1a,50157,0001551152-20-000007,120,0.06935963709062586,0.4319459735415876,0.49869438746633626,-0.3625863364509617,0.5,0.041666666666666664,0.4583333333333333,1732,139,56,0.0802540415704388,0.03233256351039261,-0.4256410256410256,-0.42564102345825117,279,-0.026511222201709927,0.05833333333333335,0.02091316629666834,0.008785588192437688,-0.11282051282051281,2020-02-21,-0.3207665134483446,0.00674620390676306,-0.005820332741197531,0.10472871946960804,0.029897606644958996,0.0050488048507708605,0.5531503587511255,0.2255931811395748,0.3275571776115507,0.45905249304491913,20.103865026902724
ABBV,2020,2021-02-19,2020-12-31,item_1a,53716,0001551152-21-000008,120,0.07939479947090149,0.4419018267188221,0.4787033740120629,-0.3625070272479206,0.475,0.058333333333333334,0.4666666666666667,1778,121,70,0.06805399325084364,0.03937007874015748,-0.2670157068062827,-0.2670157054082947,279,7.930920304111133e-05,-0.025000000000000022,0.00995585317723452,-0.012200048319595161,0.1586253188347429,2021-02-19,0.008475396185375184,-0.0013850337666501122,0.1287868575256712,0.06056100096317629,0.1493625094505342,0.014207813296057914,0.2009912627839768,0.2224397200498846,-0.0214484572659078,0.13707968772535373,20.438194858891105
ABBV,2021,2022-02-18,2021-12-31,item_1a,53952,0001551152-22-000007,120,0.07241476501803845,0.43258569050813095,0.4949995428634187,-0.3601709254900925,0.4583333333333333,0.05,0.49166666666666664,1981,152,65,0.0767289247854619,0.03281171125694094,-0.4009216589861751,-0.4009216571386099,282,0.002336101757828113,-0.016666666666666663,-0.009316136210691162,0.00867493153461825,-0.13390595217989237,2022-02-18,0.11094943022735548,0.07235975935763306,0.05737343865616995,0.15729647532564173,-0.008146277014490888,0.032856714128302156,0.25087222665255665,0.16169915120880188,0.08917307544375477,0.2571023264949459,20.405466718212484
ABBV,2022,2023-02-17,2022-12-31,item_1a,59746,0001551152-23-000011,120,0.08470027266691128,0.4067447249156733,0.5085550012377401,-0.32204445224876205,0.45,0.05,0.5,1978,155,70,0.07836198179979778,0.03538928210313448,-0.37777777777777777,-0.37777777609876545,311,0.03812647324133045,-0.008333333333333304,-0.025840965592457632,0.001633057014335887,0.023143881208397332,2023-02-17,0.036084988675754825,0.05284963320084124,-0.03215277527319926,-0.06396957425843264,0.012632319728565156,-0.0742774914790445,0.22648858403453298,0.17983330253223162,0.04665528150230136,0.07810665880581058,20.539530723714613
ABBV,2023,2024-02-20,2023-12-31,item_1a,58641,0001551152-24-000011,120,0.07232288318919018,0.5189679671156531,0.40870914661015073,-0.4466450839264629,0.575,0.041666666666666664,0.38333333333333336,1843,174,73,0.09441128594682582,0.0396093326098752,-0.4089068825910931,-0.4089068809355997,304,-0.12460063167770086,0.12499999999999994,0.11222324219997976,0.016049304147028043,-0.031129104813315323,2024-02-20,0.002958751999558862,-0.04804584810487644,-0.054925652962538596,-0.12527534810839502,0.13684518405007196,0.005023051717155225,0.20278785634077987,0.13560178502158798,0.06718607131919188,0.20636797109071647,20.394517173000384
ADBE,2014,2015-01-20,2014-11-28,item_1a,63050,0000796343-15-000022,120,0.09173997522254164,0.5528399728820659,0.3554200595865647,-0.4610999976595243,0.6,0.058333333333333334,0.3416666666666667,1719,176,56,0.10238510762070971,0.03257707969749855,-0.5172413793103449,-0.5172413770808562,335,,,,,,2015-01-20,0.08728501440236358,0.04808929406905582,0.043782416790346224,0.0018364355602853433,0.1356833804376516,0.07792954720953027,0.2120030113408402,0.27268274154167077,-0.06067973020083056,-0.011302545283688348,19.106160394802526
ADBE,2015,2016-01-19,2015-11-27,item_1a,66387,0000796343-16-000224,120,0.09381335180563231,0.49636262737913056,0.40982401920482514,-0.40254927557349823,0.525,0.058333333333333334,0.4166666666666667,1662,170,53,0.1022864019253911,0.031889290012033694,-0.5246636771300448,-0.5246636747772929,362,0.058550722086026075,-0.07499999999999996,-0.05647734550293532,-9.870569531861273e-05,-0.007422297819699941,2016-01-19,-0.09699485867098456,-0.11842446745452251,0.08230540830649291,-0.03958446023320317,0.09654631734568397,-0.06497210579667256,0.34127086269458556,0.2291502672633774,0.11212059543120817,0.08611449240224678,19.081441814046382
ADBE,2016,2017-01-20,2016-12-02,item_1a,64445,0000796343-17-000031,120,0.10945449122227728,0.49724253131231916,0.3933029813381533,-0.38778804009004186,0.5416666666666666,0.08333333333333333,0.375,1595,141,54,0.08840125391849529,0.03385579937304075,-0.4461538461538462,-0.44615384386587775,357,0.01476123548345637,0.016666666666666607,0.0008799039331885972,-0.013885148006895803,0.07850983097619862,2017-01-20,0.08057084493460498,0.0375701243499289,0.18796861494064343,0.1488464388358759,0.3505555551344184,0.25166157954583745,0.12291163659266768,0.18277703385292074,-0.059865397260253056,0.11575202452261024,19.2371050397816
ADBE,2017,2018-01-22,2017-12-01,item_1a,61882,0000796343-18-000015,120,0.10344094804410513,0.5057979643306074,0.3907610888592899,-0.4023570162865023,0.5416666666666666,0.08333333333333333,0.375,1721,176,60,0.10226612434631029,0.034863451481696686,-0.4915254237288136,-0.4915254216460787,342,-0.014568976196460415,0.0,0.008555433018288261,0.013864870427814993,-0.0453715775749674,2018-01-22,0.021482006058782366,0.06619548972228306,0.13879906602388115,0.19204610688827795,0.311514385481259,0.31188433507293745,0.33037500134883857,0.3448040607277337,-0.014429059378895104,0.3053887724460096,19.523661873458444
ADBE,2018,2019-01-25,2018-11-30,item_1a,64878,0000796343-19-000019,120,0.101481343464305,0.4756940682845501,0.42282458799891176,-0.37421272482024504,0.5083333333333333,0.06666666666666667,0.425,1585,165,55,0.10410094637223975,0.03470031545741325,-0.5,-0.4999999977272727,357,0.028144291466257243,-0.033333333333333326,-0.030103896046057343,0.0018348220259294667,-0.008474576271186418,2019-01-25,0.06642173698780951,0.01547676745867932,0.1510920390607564,0.04227118752444792,0.2707491034565839,0.12387712719125488,0.1846187675996569,0.4865545940140983,-0.3019358264144414,-0.05798280803922373,20.37786802028161
ADBE,2019,2020-01-21,2019-11-29,item_1a,68252,0000796343-20-000013,120,0.10522360498240839,0.495951434589612,0.3988249498574684,-0.3907278296072036,0.525,0.08333333333333333,0.39166666666666666,1693,196,72,0.11577082102776137,0.042528056704075605,-0.4626865671641791,-0.4626865654377367,369,-0.016515104786958557,0.01666666666666672,0.02025736630506192,0.01166987465552162,0.03731343283582089,2020-01-21,0.08274283272879535,0.06568900315592918,-0.060028599330356536,0.11097799054038215,0.26937142508370715,0.2782462761522244,0.7590857280021569,0.1819666741621949,0.577119053839962,0.13970083683423073,20.3143652765665
ADBE,2020,2021-01-15,2020-11-27,item_1a,78323,0000796343-21-000004,120,0.11285356104684373,0.5215812586985218,0.36556517460073035,-0.4087276976516781,0.5583333333333333,0.09166666666666666,0.35,1739,175,63,0.10063254744105808,0.03622771707878091,-0.47058823529411764,-0.4705882333168562,410,-0.01799986804447451,0.033333333333333326,0.025629824108909793,-0.01513827358670329,-0.007901668129938533,2021-01-15,0.07236732751002406,0.027943726566607596,0.12681190630607664,0.018028776314976014,0.3142900922129488,0.17573096541450917,0.29444679098843307,0.31930879524575234,-0.02486200425731927,0.08674841006707235,20.84842067345956
ADBE,2021,2022-01-21,2021-12-03,item_1a,80060,0000796343-22-000032,120,0.08573936756389837,0.5653231290867552,0.3489375020066897,-0.47958376152285687,0.6166666666666667,0.05,0.3333333333333333,1737,202,61,0.11629245826137018,0.03511801957397812,-0.5361216730038023,-0.5361216709653168,404,-0.07085606387117876,0.05833333333333335,0.043741870388233406,0.015659910820312095,-0.06553343770968467,2022-01-21,-0.12304216621998165,-0.10384041015353007,-0.18251283144164498,-0.15827309241082077,-0.21593889183300863,-0.12582711084545517,0.46801175147113133,0.42084615829688365,0.04716559317424768,-0.18091006268806087,20.853356963307494
ADBE,2022,2023-01-17,2022-12-02,item_1a,73646,0000796343-23-000007,120,0.09933561671059579,0.5597989494679496,0.34086543538918096,-0.4604633327573538,0.625,0.06666666666666667,0.30833333333333335,1877,214,62,0.11401172083111348,0.03303143313798615,-0.5507246376811594,-0.5507246356857803,377,0.019120428765503072,0.008333333333333304,-0.00552417961880558,-0.0022807374302566963,-0.014602964677357111,2023-01-17,0.09164294416376784,0.050890712542274175,0.09631796980037732,0.05101339160935625,0.5307798810489723,0.37776531949356373,0.3409949141395471,0.40175190574564,-0.060756991606092936,-0.09340278480744213,20.884018900945655
ADBE,2023,2024-01-17,2023-12-01,item_1a,65872,0000796343-24-000006,120,0.08251106444125374,0.5613812505733222,0.35610768872623644,-0.47887018613206844,0.6,0.058333333333333334,0.3416666666666667,1819,213,56,0.1170973062122045,0.030786146234194612,-0.5836431226765799,-0.5836431205069029,310,-0.01840685337471465,-0.025000000000000022,0.0015823011053726077,0.0030855853810910217,-0.032918484995420494,2024-01-17,-0.009495006502839742,-0.07242245655079393,-0.20407644415574777,-0.2672055875222884,-0.0658446596335105,-0.2434379564392748,0.4090635861146363,0.27361936207542503,0.13544422403921125,0.1449808288808061,20.956803210233392
AMZN,2014,2015-01-30,2014-12-31,item_1a,42844,0001018724-15-000006,120,0.09697143089336653,0.43325553538743405,0.4697730256399761,-0.33628410449406754,0.44166666666666665,0.06666666666666667,0.49166666666666664,1467,150,40,0.10224948875255624,0.027266530334014997,-0.5789473684210527,-0.5789473653739613,260,,,,,,2015-01-30,0.08484470976375547,0.026333616254332615,0.19276224309326606,0.13154093824997037,0.5122839538784565,0.44701400341840136,0.3446228200694476,0.262302693370521,0.08232012669892663,-0.03327028533997489,20.85701770868112
AMZN,2015,2016-01-29,2015-12-31,item_1a,43332,0001018724-16-000172,120,0.08759729742693405,0.41787858994988103,0.4945241092083355,-0.33028129252294697,0.425,0.05,0.525,1542,144,54,0.0933852140077821,0.03501945525291829,-0.45454545454545453,-0.45454545224977044,261,0.00600281197112057,-0.016666666666666663,-0.015376945437553025,-0.008864274744774137,0.12440191387559812,2016-01-29,-0.013560501260312274,-0.03622184401690565,0.12366267080924187,0.0530755797620277,0.29269157952054914,0.16025967459078228,0.36101803903078505,0.35814177500791267,0.002876264022872388,0.20103966001457585,21.236389740193104
AMZN,2016,2017-02-10,2016-12-31,item_1a,43939,0001018724-17-000011,120,0.10238128279646237,0.4165731861411283,0.4810455336856345,-0.31419190334466596,0.4083333333333333,0.075,0.5166666666666667,1466,142,46,0.09686221009549795,0.03137789904502047,-0.5106382978723404,-0.5106382951561793,262,0.01608938917828101,-0.016666666666666663,-0.0013054038087527142,0.0034769960877158446,-0.056092843326885855,2017-02-10,0.030297489766436314,0.007015564599905932,0.16180842075059565,0.12505111971991734,0.16983299531869145,0.10561261101339547,0.12981418733754063,0.21890120712316088,-0.08908701978562025,0.06869988792565218,21.618627841291868
AMZN,2017,2018-02-02,2017-12-31,item_1a,46534,0001018724-18-000005,120,0.09361539306119085,0.42945022135972977,0.47693438567221164,-0.33583482829853895,0.44166666666666665,0.05,0.5083333333333333,1480,157,41,0.10608108108108108,0.027702702702702704,-0.5858585858585859,-0.5858585828997042,275,-0.02164292495387299,0.033333333333333326,0.012877035218601451,0.009218870985583133,-0.07522028798624547,2018-02-02,0.07531041518163883,0.08464052594949212,0.10559814412483903,0.13596495335782555,0.27507256181626416,0.23671923278930418,0.34804594055023996,0.19490883400126777,0.1531371065489722,0.3957365205458321,21.846285582346727
AMZN,2018,2019-02-01,2018-12-31,item_1a,44239,0001018724-19-000004,120,0.10759418906333545,0.41592658079074074,0.4764792365177224,-0.3083323917274053,0.4083333333333333,0.075,0.5166666666666667,1552,164,59,0.1056701030927835,0.03801546391752577,-0.47085201793721976,-0.47085201582577574,264,0.02750243657113366,-0.033333333333333326,-0.013523640568989026,-0.0004109779882975756,0.1150065679213661,2019-02-01,0.04070761867918282,0.007529774253777877,0.20675427750985853,0.11320027224675266,0.12114524941260574,0.02754235846211195,0.19896369862114607,0.5000825868910472,-0.3011188882699012,-0.03303066257313825,22.889848724545296
AMZN,2019,2020-01-31,2019-12-31,item_1a,49747,0001018724-20-000004,120,0.08751566609522948,0.4290879802079871,0.48339635506272316,-0.3415723141127576,0.44166666666666665,0.05,0.5083333333333333,1622,174,42,0.10727496917385944,0.025893958076448828,-0.6111111111111112,-0.6111111082818931,274,-0.03323992238535234,0.033333333333333326,0.013161399417246367,0.001604866081075934,-0.1402590931738914,2020-01-31,-0.04964849376881342,0.017146474536990586,0.13805812016349894,0.25392253389944663,0.5754709291695217,0.5501224407860779,0.512141802038202,0.16490400814919215,0.3472377938890099,0.002089155672627463,22.51207857957512
AMZN,2020,2021-02-03,2020-12-31,item_1a,50039,0001018724-21-000004,120,0.12666431927743058,0.3524781448068097,0.5208575344644487,-0.22581382552937915,0.3416666666666667,0.1,0.5583333333333333,1393,139,43,0.09978463747307968,0.030868628858578606,-0.5274725274725275,-0.5274725245743268,274,0.11575848858337848,-0.09999999999999998,-0.07660983540117738,-0.0074903317007797565,0.08363858363858367,2021-02-03,-0.09420896295710723,-0.09887038458483688,-0.012676127445045204,-0.10502035481514216,0.01273647109244691,-0.14441587351019214,0.23612244872148122,0.29443657838334136,-0.05831412966186014,0.08615666054495597,23.264899800769548
AMZN,2021,2022-02-04,2021-12-31,item_1a,52712,0001018724-22-000005,120,0.11667818815136949,0.38382032185327264,0.49950148484980067,-0.26714213370190315,0.4,0.08333333333333333,0.5166666666666667,1667,135,56,0.08098380323935213,0.033593281343731254,-0.41361256544502617,-0.4136125632795154,285,-0.041328308172524,0.05833333333333335,0.031342177046462916,-0.018800834233727554,0.11385996202750132,2022-02-04,-0.13718008855236763,-0.06485989513219825,-0.2719305624145901,-0.19151558339644026,-0.11564038624489936,-0.042902319558947966,0.4939824740414118,0.33315878895737344,0.16082368508403838,-0.17745310168349737,23.075273443547154
AMZN,2022,2023-02-03,2022-12-31,item_1a,55575,0001018724-23-000004,120,0.11899839653633534,0.3845620913198218,0.4964395109719286,-0.2655636947834864,0.4083333333333333,0.08333333333333333,0.5083333333333333,1687,139,51,0.08239478363959692,0.03023117960877297,-0.4631578947368421,-0.463157892299169,294,0.0015784389184167469,0.008333333333333304,0.0007417694665491359,0.0014109804002447879,-0.04954532929181593,2023-02-03,-0.09517357961098671,-0.06102774181584869,0.021955743165312347,0.017457624882642575,0.3755682567006804,0.27429329578202655,0.3164412783730012,0.468593815217748,-0.15215253684474683,-0.1907253425708506,22.798900548066097
AMZN,2023,2024-02-02,2023-12-31,item_1a,59053,0001018724-24-000008,120,0.10221143799523512,0.4587022071937099,0.4390863548653821,-0.3564907691984748,0.45,0.08333333333333333,0.4666666666666667,1668,180,53,0.1079136690647482,0.03177458033573141,-0.5450643776824035,-0.5450643753430714,302,-0.09092707441498837,0.041666666666666685,0.07414011587388813,0.02551888542515128,-0.08190648294556135,2024-02-02,0.01344507066770606,-0.012508243980564604,0.08381356940746354,0.04633289593121259,-0.06280189418228044,-0.11602697524048,0.23969966149908897,0.2090969424919147,0.03060271900717426,0.24233671662439016,22.59392776913663
AXP,2014,2015-02-24,2014-12-31,item_1a,103185,0001193125-15-059931,120,0.11639812191327413,0.3640216414156991,0.519580246352901,-0.24762351950242495,0.38333333333333336,0.09166666666666666,0.525,1141,97,41,0.08501314636283962,0.03593339176161262,-0.4057971014492754,-0.4057970985087167,808,,,,,,2015-02-24,-0.009275163708094114,0.014951438834093222,-0.004970859826082696,-0.004171019044197144,-0.07024804673796159,0.02671697132583062,0.17931461127934636,0.25147513084466744,-0.07216051956532107,-0.09382776631415435,19.59040224411784
AXP,2015,2016-02-19,2015-12-31,item_1a,78623,0001193125-16-469798,120,0.1269746771780774,0.4227521509747021,0.45027317659308513,-0.29577747379662467,0.425,0.10833333333333334,0.4666666666666667,1077,114,46,0.10584958217270195,0.04271123491179202,-0.425,-0.42499999734375005,618,-0.04815395429419972,0.04166666666666663,0.058730509559003,0.02083643580986233,-0.0192028985507246,2016-02-19,0.1188083090791261,0.047320759957589775,0.15232597977029338,0.08329909123474022,0.21147330367343953,0.05973992039098075,0.1617347122774392,0.3147888549812668,-0.15305414270382758,-0.32800551587872406,19.873218329539892
AXP,2016,2017-02-17,2016-12-31,item_1a,80626,0001193125-17-047588,120,0.09299379622098058,0.3165453613192464,0.5904608481718848,-0.22355156509826582,0.30833333333333335,0.05,0.6416666666666667,1134,102,49,0.08994708994708994,0.043209876543209874,-0.3509933774834437,-0.35099337515898427,617,0.07222590869835885,-0.11666666666666664,-0.10620678965545571,-0.015902492225612005,0.07400662251655626,2017-02-17,-0.027349187938190966,-0.025889262844332017,-0.03255168079073545,-0.05065844510531148,0.0795897942823176,0.037628818675503606,0.17362585939091787,0.13789202786091914,0.03573383152999873,0.22184703725581212,19.421178473675674
AXP,2017,2018-02-16,2017-12-31,item_1a,83393,0000004962-18-000032,120,0.08655248003390928,0.5204341781713689,0.3930133455277731,-0.43388169813745964,0.5583333333333333,0.041666666666666664,0.4,1929,169,70,0.08761016070502851,0.036288232244686365,-0.41422594142259417,-0.4142259396894312,378,-0.21033013303919382,0.25,0.20388881685212257,-0.002336929242061428,-0.06323256393915044,2018-02-16,-0.01901048497650004,-0.015075004230087341,0.0473095774129757,0.04984827083387755,0.07230146628684131,0.019660314429878145,0.26046813944455266,0.23083779031052734,0.02963034913402532,0.11311139956301508,19.477005649488426
AXP,2018,2019-02-13,2018-12-31,item_1a,84763,0000004962-19-000018,120,0.08011232075902323,0.4997600895507882,0.42012758969018854,-0.41964776879176496,0.5416666666666666,0.041666666666666664,0.4166666666666667,1962,166,88,0.08460754332313965,0.04485219164118247,-0.30708661417322836,-0.30708661296422596,390,0.014233929345694674,-0.01666666666666672,-0.020674088620580733,-0.003002617381888867,0.10713932724936581,2019-02-13,0.05541104379341455,0.02792251561907899,0.09777338874427266,0.05658795445676357,0.1479091686004077,0.10591737719184446,0.14602429397375882,0.27354408934777125,-0.12751979537401242,0.061485442651992406,19.617356177642407
AXP,2019,2020-02-13,2019-12-31,item_1a,89201,0000004962-20-000030,120,0.07560577885014937,0.5144913145302173,0.4099029014973591,-0.43888553568006805,0.575,0.05,0.375,1884,179,73,0.09501061571125266,0.038747346072186835,-0.42063492063492064,-0.42063491896573446,401,-0.019237766888303087,0.033333333333333326,0.014731224979429136,0.010403072388113013,-0.11354830646169228,2020-02-13,-0.36137151176365634,-0.07296587272521049,-0.373229569592465,-0.22365894990136248,-0.24560483439670577,-0.2552220871653085,1.0590336117747579,0.17081338743463764,0.8882202243401203,0.06248558568365925,19.680073079156603
AXP,2020,2021-02-12,2020-12-31,item_1a,93348,0000004962-21-000013,120,0.07264811878170198,0.5582113441157465,0.3691405343047033,-0.48556322533404456,0.625,0.03333333333333333,0.3416666666666667,2113,241,78,0.11405584477046853,0.036914339801230475,-0.5109717868338558,-0.5109717852320633,415,-0.046677689653976506,0.050000000000000044,0.04372002958552912,0.019045229059215865,-0.09033686619893516,2021-02-12,0.10553959545554625,0.09721131444806974,0.21603411478452972,0.1515872237206557,0.28848840510073637,0.1453439250991173,0.25735681215827244,0.3119745360956839,-0.05461772393741143,0.2716141026740104,19.942329359372863
AXP,2021,2022-02-11,2021-12-31,item_1a,94300,0000004962-22-000008,120,0.08098386905233686,0.4973632065268854,0.4216529219876975,-0.4163793374745486,0.525,0.05,0.425,2076,199,85,0.09585741811175337,0.04094412331406551,-0.4014084507042254,-0.4014084492908153,411,0.06918388785949597,-0.09999999999999998,-0.06084813758886104,-0.018198426658715156,0.10956333612963043,2022-02-11,-0.08221684386071493,-0.049773330177639075,-0.17000854363744644,-0.08488820738517411,-0.13200437166412637,-0.11291190818031005,0.40476840095649874,0.36723148791359145,0.037536913042907294,0.16596213004610916,20.111476799138067
AXP,2022,2023-02-10,2022-12-31,item_1a,97949,0000004962-23-000006,120,0.11397554202315709,0.4538439397894157,0.43218051477645836,-0.33986839776625855,0.4666666666666667,0.08333333333333333,0.45,2187,188,78,0.08596250571559214,0.03566529492455418,-0.41353383458646614,-0.4135338330318277,416,0.07651093970829004,-0.05833333333333335,-0.04351926673746975,-0.009894912396161235,-0.01212538388224077,2023-02-10,-0.0855788644642077,-0.04560742649769689,-0.1716707454692269,-0.1842205663346851,-0.06685149702469984,-0.1733389332028361,0.2811169248120678,0.3329498770643009,-0.05183295225223311,0.11228031986915088,20.01623267036452
AXP,2023,2024-02-09,2023-12-31,item_1a,111129,0000004962-24-000013,120,0.09431300431800385,0.5076861023087986,0.39800089231381813,-0.41337309799079475,0.55,0.075,0.375,2084,231,81,0.11084452975047984,0.03886756238003839,-0.4807692307692308,-0.48076922922830373,459,-0.0735047002245362,0.08333333333333337,0.05384216251938295,0.024882024034887706,-0.06723539618276464,2024-02-09,0.04791288100020119,0.01682745793445317,0.14392975948702458,0.10151504530862665,0.12247732143415901,0.05174176305622069,0.20844593631241007,0.22363065595134113,-0.01518471963893106,0.2987603967347696,19.934239724205444
BA,2014,2015-02-12,2014-12-31,item_1a,36118,0000012927-15-000011,120,0.07977704685957482,0.4641520442053055,0.45607090564444663,-0.38437499734573066,0.48333333333333334,0.03333333333333333,0.48333333333333334,1550,187,59,0.12064516129032259,0.03806451612903226,-0.5203252032520326,-0.5203252011368894,216,,,,,,2015-02-12,0.03767993835786454,0.039307760121903956,0.005525171729340084,-0.014756108090479003,-0.009603191041329562,-0.017696232770861964,0.18628414893005021,0.2302646091107393,-0.043980460180689074,0.24266046028842037,20.012405764926463
BA,2015,2016-02-10,2015-12-31,item_1a,36275,0000012927-16-000099,120,0.09312496457714588,0.4289561415712039,0.47791889725873865,-0.335831176994058,0.45,0.05,0.5,1659,181,67,0.10910186859553948,0.04038577456298975,-0.4596774193548387,-0.45967741750130076,214,0.04854382035167265,-0.033333333333333326,-0.035195902634101606,-0.011543292694783103,0.060647783897193885,2016-02-10,0.07107249614532485,-0.023330261103638783,0.15232770950979257,0.03198967688273879,0.155587187374703,-0.03133014302527504,0.24457690174184338,0.32247579959693184,-0.07789889785508847,-0.17993274825488814,20.046206573935095
BA,2016,2017-02-08,2016-12-31,item_1a,36080,0000012927-17-000006,120,0.08126060544357945,0.4448772600929563,0.4738621315142761,-0.36361665464937687,0.4666666666666667,0.041666666666666664,0.49166666666666664,1698,184,65,0.10836277974087162,0.03828032979976443,-0.4779116465863454,-0.4779116446670215,212,-0.027785477655318858,0.016666666666666663,0.01592111852175243,-0.0007390888546678631,-0.018234227231506694,2017-02-08,0.0908980429962678,0.05403739901672533,0.12680749060805252,0.07588501606534925,0.4499234877702969,0.3613849768648767,0.13018592111968402,0.1608435931091172,-0.03065767198943317,0.279741166364202,20.026353795839015
BA,2017,2018-02-12,2017-12-31,item_1a,36075,0000012927-18-000007,120,0.08800066174007952,0.4217245807716002,0.49027475890082617,-0.3337239190315207,0.44166666666666665,0.058333333333333334,0.5,1651,187,62,0.11326468806783767,0.03755299818291944,-0.5020080321285141,-0.5020080301124176,210,0.02989273561785616,-0.025000000000000022,-0.023152679321356118,0.004901908326966048,-0.024096385542168697,2018-02-12,-0.03938319423112435,-0.0769200101387798,0.007297849332505102,-0.02561606175672182,-0.006026099193544798,-0.07824131717994232,0.3012378254239528,0.29278150776456113,0.008456317659391643,0.44396668489456936,20.32044608472394
BA,2018,2019-02-08,2018-12-31,item_1a,37474,0000012927-19-000010,120,0.09990688152999307,0.38482619589194655,0.5152669268970688,-0.2849193143619535,0.39166666666666666,0.075,0.5333333333333333,1534,150,55,0.09778357235984354,0.03585397653194263,-0.4634146341463415,-0.4634146318857823,237,0.04880460466956721,-0.04999999999999999,-0.036898384879653634,-0.015481115707994125,0.038593397982172595,2019-02-08,-0.07285566757536721,-0.10620507803991497,-0.1190446551068266,-0.18891938213404058,-0.1563368258478529,-0.24455045560581545,0.2807670741989298,0.3903420433790376,-0.10957496918010778,0.17204705525872566,21.03209095188644
BA,2019,2020-01-31,2019-12-31,item_1a,44284,0000012927-20-000014,120,0.08961224743785957,0.4518356258592879,0.45855213014098506,-0.3622233784214283,0.4666666666666667,0.06666666666666667,0.4666666666666667,1434,173,55,0.1206415620641562,0.038354253835425386,-0.5175438596491229,-0.5175438573791936,269,-0.07730406405947482,0.07500000000000001,0.06700942996734133,0.02285798970431266,-0.054129225502781375,2020-01-31,-0.1130498829599127,-0.04625491465410869,-0.5784600711384587,-0.46259565740251096,-0.5006124975741246,-0.5259609859575685,1.3742094810210919,0.2579502817232086,1.1162591992978832,-0.04092877468851819,21.20559320345043
BA,2020,2021-02-01,2020-12-31,item_1a,55800,0000012927-21-000011,120,0.08107109333310897,0.5518788624011601,0.3670500460701684,-0.4708077690680511,0.5916666666666667,0.05,0.35833333333333334,1600,176,53,0.11,0.033125,-0.537117903930131,-0.537117901584638,312,-0.10858439064662279,0.125,0.10004323654187225,-0.010641562064156201,-0.019574044281008174,2021-02-01,0.16707517275607953,0.1532800950507187,0.20092936498846403,0.0857346088948241,0.1506331727514052,-0.020085729379953232,0.423741687586819,0.5111792602916679,-0.08743757270484892,0.1990738258764404,22.122183886669045
BA,2021,2022-01-31,2021-12-31,item_1a,59362,0000012927-22-000010,120,0.08362053099554032,0.49778476954282574,0.41859469468084476,-0.4141642385472854,0.5083333333333333,0.06666666666666667,0.425,1797,189,54,0.10517529215358931,0.03005008347245409,-0.5555555555555556,-0.5555555532693187,328,0.056643530520765706,-0.08333333333333337,-0.054094092858334386,-0.004824707846410689,-0.018437651625424545,2022-01-31,-0.012135476767419662,0.014581043165837082,-0.25784060860193647,-0.18195348579412474,-0.18457853425862514,-0.09830778130811002,0.42392845324684647,0.42188382408965486,0.002044629157191613,-0.15855699876699392,21.586697824296042
BA,2022,2023-01-27,2022-12-31,item_1a,48354,0000012927-23-000007,120,0.12444861029119542,0.39873746015364303,0.47681393412252265,-0.2742888498624476,0.4,0.1,0.5,1706,162,52,0.09495896834701055,0.03048065650644783,-0.514018691588785,-0.5140186891868286,277,0.1398753886848378,-0.10833333333333328,-0.09904730938918271,-0.010216323806578761,0.04153686396677059,2023-01-27,-0.04555569067861198,-0.022335469798216656,-0.020788935112535545,-0.04996807569160355,0.13107926397965497,-0.005886123337536908,0.2970088245591829,0.38897904207636036,-0.09197021751717743,0.36286758100140304,20.946513551269913
BA,2023,2024-01-31,2023-12-31,item_1a,48954,0000012927-24-000010,120,0.07578488581736262,0.4546407670675156,0.4695743506619086,-0.37885588125015296,0.475,0.041666666666666664,0.48333333333333334,1692,177,59,0.10460992907801418,0.03486997635933806,-0.5,-0.49999999788135596,265,-0.10456703138770534,0.07499999999999996,0.055903306913872575,0.009650960731003633,0.014018691588784993,2024-01-31,-0.05231232769783367,-0.11437730022131731,-0.18754732672210717,-0.22694539420562265,-0.15508906732745675,-0.2867456102904442,0.24874465696165113,0.3721983272073957,-0.12345367024574458,-0.16081223646886822,20.778070864710855
BAC,2014,2015-02-25,2014-12-31,item_1a,94009,0000070858-15-000008,120,0.13054484222084284,0.39409940695234885,0.47535575080352527,-0.263554564731506,0.43333333333333335,0.10833333333333334,0.4583333333333333,1871,176,46,0.09406734366648851,0.024585783003741316,-0.5855855855855856,-0.5855855829478127,469,,,,,,2015-02-25,-0.061963631884078496,-0.03624090663881996,0.01833487465489836,0.008792343870499764,-0.06891261973975937,0.03792039513678547,0.16892725607448492,0.2751320497079848,-0.10620479363349991,0.02160775572329765,20.943488580562416
BAC,2015,2016-02-24,2015-12-31,item_1a,89482,0000070858-16-000137,120,0.07538609137603393,0.40938341269890466,0.5152304942409197,-0.33399732132287074,0.44166666666666665,0.058333333333333334,0.5,1861,212,46,0.11391724879097259,0.024717893605588393,-0.6434108527131783,-0.6434108502193377,432,-0.07044275659136473,0.008333333333333304,0.015284005746555807,0.019849905124484077,-0.05782526712759273,2016-02-24,0.13207353562963675,0.07530523726867577,0.21482758822002612,0.1333468603570016,0.27458149644169194,0.12942615038374017,0.29066875571424877,0.39580496185141806,-0.10513620613716929,-0.24015542102293752,20.941461620608226
BAC,2016,2017-02-23,2016-12-31,item_1a,84576,0000070858-17-000013,120,0.07964235004037619,0.4338896710037564,0.4864679758436978,-0.35424732096338024,0.4583333333333333,0.05,0.49166666666666664,1790,188,50,0.10502793296089385,0.027932960893854747,-0.5798319327731093,-0.5798319303368407,409,-0.020249999640509497,0.016666666666666663,0.024506258304851758,-0.008889315830078737,0.06357891994006903,2017-02-23,-0.05653072857550001,-0.049921761288276634,-0.046736731939463816,-0.06880059574152941,-0.02722902993912346,-0.07113785751552115,0.24748918648739035,0.2440943825679313,0.0033948039194590385,0.6467567159775891,21.06214715803871
BAC,2017,2018-02-22,2017-12-31,item_1a,87412,0000070858-18-000009,120,0.07112732493163397,0.4219697245551894,0.5069029509245108,-0.35084239962355546,0.4666666666666667,0.041666666666666664,0.49166666666666664,1943,206,46,0.10602161605764282,0.023674729799279464,-0.6349206349206349,-0.6349206324011086,412,0.0034049213398247846,0.00833333333333336,-0.011919946448567031,0.0009936830967489652,-0.05508870214752559,2018-02-22,-0.07606660713517421,-0.03421577962221434,-0.03584048438135323,-0.05083616582410466,-0.014727289521150877,-0.0820586653999279,0.24843725234127764,0.23663717590967268,0.011800076431604967,0.3759421087383872,21.295634117718556
BAC,2018,2019-02-26,2018-12-31,item_1a,98631,0000070858-19-000012,120,0.06289289135020226,0.41797445428868135,0.5191326500692716,-0.3550815629384791,0.45,0.03333333333333333,0.5166666666666667,1890,209,52,0.11058201058201059,0.027513227513227514,-0.6015325670498084,-0.601532564745086,488,-0.004239163314923633,-0.016666666666666663,-0.003995270266508033,0.004560394524367767,0.03338806787082649,2019-02-26,-0.0724477770372477,-0.07803878745313553,-0.04259321316778786,-0.04998230894793909,-0.07606129279056628,-0.1167149372766324,0.22563513428826082,0.30869055491152764,-0.08305542062326682,-0.04532390061003433,21.307471090721013
BAC,2019,2020-02-19,2019-12-31,item_1a,110133,0000070858-20-000011,120,0.060799981785627705,0.4257455697050318,0.5134544499994566,-0.3649455879194041,0.45,0.016666666666666666,0.5333333333333333,2053,211,53,0.10277642474427667,0.025815879201169022,-0.5984848484848485,-0.5984848462178605,523,-0.009864024980925035,0.0,0.007771115416350449,-0.007805585837733914,0.0030477185649598892,2020-02-19,-0.3855049806096047,-0.09635787389844563,-0.3562294182340948,-0.22425238650785084,-0.25483630681896086,-0.26603882229379006,0.9568197532751198,0.17055871113602367,0.7862610421390961,0.28317410066141524,21.079848736081868
BAC,2020,2021-02-24,2020-12-31,item_1a,115419,0000070858-21-000023,120,0.07609748116228729,0.5442833011620678,0.37961921291425826,-0.4681858199997805,0.6083333333333333,0.041666666666666664,0.35,1998,227,56,0.11361361361361362,0.028028028028028028,-0.6042402826855123,-0.6042402805503877,495,-0.10324023208037636,0.15833333333333327,0.118537731457036,0.010837188869336947,-0.005755434200663823,2021-02-24,0.04032568746494891,0.042351329546761574,0.16049051662985092,0.08942861659502821,0.15067351010937968,-0.00027633784162683916,0.24343829321101473,0.2958513430992115,-0.05241304988819678,0.4407671959259467,21.160830466377952
BAC,2021,2022-02-22,2021-12-31,item_1a,128157,0000070858-22-000062,120,0.06642182524471234,0.4755488733140131,0.45802930208543935,-0.4091270480693007,0.5,0.041666666666666664,0.4583333333333333,2051,224,41,0.10921501706484642,0.019990248659190638,-0.690566037735849,-0.6905660351299395,540,0.05905877193047976,-0.10833333333333328,-0.06873442784805472,-0.004398596548767203,-0.08632575505033668,2022-02-22,-0.0495896498453412,-0.08592505497893566,-0.20883701218124373,-0.13570125490200713,-0.23666794193939134,-0.2037228446463233,0.3816836786092514,0.28217377651945463,0.09950990208979676,0.14981114926870798,21.354844000133237
BAC,2022,2023-02-22,2022-12-31,item_1a,115516,0000070858-23-000092,120,0.08346081716008484,0.5619860483411079,0.35455313289227586,-0.478525231181023,0.6166666666666667,0.041666666666666664,0.3416666666666667,2223,274,62,0.12325686009896536,0.027890238416554206,-0.6309523809523809,-0.6309523790745465,468,-0.0693981831117223,0.1166666666666667,0.0864371750270948,0.014041843034118942,0.05961365678346808,2023-02-22,-0.20837200751839535,-0.19866298586741626,-0.1611149820781721,-0.20409781186582054,-0.15826723591173708,-0.27828742626903946,0.3369451598325395,0.22279926059237223,0.11414589924016724,-0.014921296087405445,21.096514536307616
BAC,2023,2024-02-20,2023-12-31,item_1a,116458,0000070858-24-000122,120,0.0724993473229309,0.5081359963941698,0.41936465764107805,-0.43563664907123895,0.55,0.05,0.4,2178,231,65,0.10606060606060606,0.029843893480257115,-0.5608108108108109,-0.5608108089161797,457,0.04288858210978408,-0.06666666666666665,-0.05385005194693804,-0.017196254038359296,0.07014157014157008,2024-02-20,0.08977870323807524,0.03877410313363994,0.15116204955144164,0.08081235440558521,0.15428500150292135,0.022462869170004618,0.19816637526992048,0.2362294669074946,-0.038063091637574126,0.18334805883854122,20.974021941085415
CAT,2014,2015-02-17,2014-12-31,item_1a,53548,0000018230-15-000061,120,0.08716406338692953,0.4794592277146876,0.4333767079592993,-0.3922951643277581,0.525,0.058333333333333334,0.4166666666666667,1798,163,66,0.09065628476084539,0.03670745272525028,-0.42358078602620086,-0.42358078417650313,280,,,,,,2015-02-17,-0.0474342324232121,-0.04910039999864624,0.04265354277847311,0.023895332170882577,-0.06392369949356469,-0.0755795751806353,0.1876139161071146,0.2939055422919529,-0.10629162618483834,-0.18150812691459628,19.961996760025773
CAT,2015,2016-02-16,2015-12-31,item_1a,52118,0000018230-16-000410,120,0.09929659025122722,0.4632862337632105,0.43741717116596796,-0.36398964351198326,0.525,0.06666666666666667,0.4083333333333333,1833,159,75,0.0867430441898527,0.04091653027823241,-0.358974358974359,-0.3589743574402805,270,0.02830552081577481,0.0,-0.016172993951477088,-0.003913240570992696,0.06460642705184189,2016-02-16,0.1400088898164067,0.06855792686014084,0.09476054124648359,-0.0004364222470960577,0.3155814270420507,0.14915084895929187,0.26771305346250746,0.3412404334949878,-0.07352738003248033,-0.16852849642740186,19.85978670522388
CAT,2016,2017-02-15,2016-12-31,item_1a,49599,0000018230-17-000041,120,0.09348479121302565,0.4595801173049646,0.4469350883271545,-0.36609532609193896,0.49166666666666664,0.075,0.43333333333333335,1834,170,60,0.09269356597600872,0.03271537622682661,-0.4782608695652174,-0.4782608674858223,256,-0.002105682579955692,-0.03333333333333338,-0.0037061164582458672,0.0059505217861560294,-0.11928651059085843,2017-02-15,-0.06170475155932165,-0.07507616948505147,0.019711162785608582,0.01151269247986253,0.17045553588939755,0.10956742924147611,0.275099323365719,0.18848936808268568,0.08660995528303334,0.1857031404361491,19.715470890060754
CAT,2017,2018-02-15,2017-12-31,item_1a,50133,0000018230-18-000042,120,0.07716837318924566,0.5204273129735763,0.40240431372076274,-0.4432589397843306,0.5583333333333333,0.03333333333333333,0.4083333333333333,1749,170,69,0.09719839908519154,0.03945111492281304,-0.4225941422594142,-0.4225941404912379,260,-0.07716361369239166,0.06666666666666671,0.06084719566861163,0.004504833109182815,0.05566672730580319,2018-02-15,-0.04894349701056022,-0.0436083282487979,-0.03448043229409237,-0.03473513363782765,-0.13873134771537732,-0.18798750647789864,0.3222406545273799,0.25457434996125894,0.06766630456612094,0.40555025822240176,19.902186142843227
CAT,2018,2019-02-14,2018-12-31,item_1a,49382,0000018230-19-000034,120,0.07156213812995701,0.4727096174067507,0.4557282466441393,-0.4011474792767937,0.5166666666666667,0.03333333333333333,0.45,1848,163,65,0.0882034632034632,0.035173160173160176,-0.4298245614035088,-0.42982455951831333,256,0.042111460507536946,-0.04166666666666663,-0.047717695566825535,-0.008994935881728339,-0.0072304191440945575,2019-02-14,0.011159490229743385,-0.022347400553891283,-0.0395308518550449,-0.09269543022084681,-0.11898087487214226,-0.16604827283575363,0.251651080845969,0.41087371761003255,-0.15922263676406356,-0.0015553330995611292,20.31485236092428
CAT,2019,2020-02-19,2019-12-31,item_1a,50921,0000018230-20-000056,120,0.06689166370779276,0.4601854644405345,0.47292287584083775,-0.3932938007327417,0.5,0.025,0.475,1851,184,52,0.09940572663425176,0.028092922744462453,-0.559322033898305,-0.5593220315282965,263,0.007853678544051945,-0.01666666666666672,-0.012524152966216229,0.011202263430788562,-0.12949747249479626,2020-02-19,-0.2473330466238569,0.04181406008730215,-0.17354245710525862,-0.04156542537901464,0.027956382301848492,0.016753866827019293,0.7041222135008565,0.21164743639271053,0.4924747771081459,0.19057879402511513,19.96565448135885
CAT,2020,2021-02-17,2020-12-31,item_1a,54206,0000018230-21-000063,120,0.06408274085260927,0.5230040840726967,0.4129131731732438,-0.4589213432200874,0.5666666666666667,0.03333333333333333,0.4,1908,194,57,0.10167714884696016,0.029874213836477988,-0.545816733067729,-0.5458167308931604,275,-0.06562754248734565,0.06666666666666665,0.06281861963216223,0.0022714222127084016,0.013505300830575995,2021-02-17,0.14028688439193737,0.14260583189163945,0.1890879963260943,0.13582683296760845,0.06552370709138544,-0.0735263687229375,0.27124549491648553,0.2384093357228109,0.032836159193674636,0.4625567871231697,20.005235828225715
CAT,2021,2022-02-16,2021-12-31,item_1a,57080,0000018230-22-000050,120,0.07573644801353414,0.4262892459402792,0.49797429917380215,-0.35055279792674504,0.4583333333333333,0.05,0.49166666666666664,1721,175,53,0.10168506682161534,0.030796048808832074,-0.5350877192982456,-0.5350877169513697,288,0.10836854529334233,-0.10833333333333334,-0.09671483813241749,7.917974655172189e-06,0.010729013769483431,2022-02-16,0.08480646303962525,0.08637172399258486,0.026012955400277038,0.14585785418411157,-0.019457750121975703,0.01530857442118938,0.3360327834232348,0.26338767927523327,0.07264510414800152,-0.037080363602422284,20.3140924582006
CAT,2022,2023-02-15,2022-12-31,item_1a,57162,0000018230-23-000011,120,0.0755300171362857,0.4604456869342054,0.46402429236720005,-0.3849156697979197,0.48333333333333334,0.041666666666666664,0.475,1982,210,57,0.10595358224016145,0.02875882946518668,-0.5730337078651685,-0.5730337057189749,286,-0.03436287187117465,0.025000000000000022,0.034156440993926174,0.004268515418546115,-0.037945988566922884,2023-02-15,-0.13546428568195523,-0.08111000284355341,-0.1425359701181973,-0.1493835959494888,0.11794831207463274,0.05610481432401171,0.2972437923208848,0.21752820999742462,0.07971558232346021,0.2613844486339365,20.225860463580542
CAT,2023,2024-02-16,2023-12-31,item_1a,53711,0000018230-24-000009,120,0.06473547733233621,0.4486573024303652,0.4866072203963995,-0.383921825098029,0.48333333333333334,0.03333333333333333,0.48333333333333334,1790,202,51,0.11284916201117319,0.028491620111731845,-0.5968379446640316,-0.5968379423049883,276,0.000993844699890667,0.0,-0.011788384503840177,0.0068955797710117395,-0.02380423679886312,2024-02-16,0.09937550220977243,0.06373587677939385,0.11077237145633068,0.04754057086427199,0.07891971360995109,-0.04850451131560107,0.25883079106574963,0.242689263760308,0.016141527305441633,0.18845849014049798,20.328818910228122
COST,2014,2014-10-15,2014-08-31,item_1a,47303,0000909832-14-000021,120,0.12437602755768845,0.32734777075238525,0.5482762044295668,-0.2029717431946968,0.3333333333333333,0.1,0.5666666666666667,1547,123,54,0.07950872656755009,0.03490627020038785,-0.3898305084745763,-0.38983050627214405,267,,,,,,2014-10-15,0.1188271292504488,0.023563205064805803,0.12366708078344812,0.05024304523879386,0.20761882850964053,0.08102347526350906,0.151469637771173,0.13574994253347716,0.01571969523769584,0.1335043641793081,19.193181892579027
COST,2015,2015-10-14,2015-08-30,item_1a,48001,0000909832-15-000014,120,0.1100051554851234,0.37324045717250554,0.5167543849286934,-0.2632353016873822,0.39166666666666666,0.075,0.5333333333333333,1571,123,55,0.07829408020369191,0.03500954805856143,-0.38202247191011235,-0.38202246976391874,276,-0.06026355849268539,0.05833333333333335,0.04589268642012029,-0.0012146463638581795,0.007808036564463938,2015-10-14,0.04380163793565206,0.015952312913969813,0.024932576326815115,0.05613169189294409,0.027644330595152367,-0.026571462023706527,0.20417203218688054,0.19354501868106153,0.010627013505819016,0.027144096707396592,19.36046770932361
COST,2016,2016-10-12,2016-08-28,item_1a,48179,0000909832-16-000032,120,0.1179264215597262,0.3670440286203908,0.5150295480309676,-0.24911760706066463,0.38333333333333336,0.09166666666666666,0.525,1685,143,62,0.08486646884272997,0.03679525222551929,-0.3951219512195122,-0.39512194929208805,278,0.014117694626717553,-0.008333333333333304,-0.006196428552114719,0.006572388639038057,-0.013099479309399864,2016-10-12,-0.0219896094366947,-0.037009999326992116,0.0791452107392836,0.012909362879381936,0.12864384613149804,0.02950036580486226,0.1450405325181724,0.14136547938094898,0.0036750531372234108,-0.00010722131681684122,19.616230844862905
COST,2017,2017-10-18,2017-09-03,item_1a,48235,0000909832-17-000014,120,0.12192111283851166,0.33977745308463153,0.5383014317446698,-0.21785634024611986,0.35,0.1,0.55,1448,117,45,0.08080110497237569,0.031077348066298343,-0.4444444444444444,-0.44444444170096026,283,0.031261266814544775,-0.03333333333333338,-0.027266575535759285,-0.004065363870354277,-0.04932249322493221,2017-10-18,0.0884631224704957,0.07712287114002381,0.2241231362827858,0.12196755465025233,0.23550542593012613,0.18339391153447426,0.17112561120815514,0.2216778878455448,-0.05055227663738965,-0.02512074437780265,19.756583336723633
COST,2018,2018-10-26,2018-09-02,item_1a,48599,0000909832-18-000013,120,0.12007886454618226,0.3488219361092585,0.5310991948004812,-0.22874307156307622,0.35833333333333334,0.08333333333333333,0.5583333333333333,1583,126,59,0.07959570435881239,0.037271004421983576,-0.3621621621621622,-0.36216216020452885,280,-0.01088673131695636,0.00833333333333336,0.00904448302462696,-0.0012054006135633066,0.08228228228228224,2018-10-26,0.024520200894913913,0.012949864145467282,-0.02904633242196386,-0.043415333039283466,0.11287549879796899,0.0017800787924433514,0.29975305828237125,0.19322113012194264,0.10653192816042861,0.157919822071364,19.855058776191974
COST,2019,2019-10-11,2019-09-01,item_1a,48937,0000909832-19-000019,120,0.09841633816249669,0.370788300561253,0.5307953584939241,-0.2723719623987563,0.375,0.058333333333333334,0.5666666666666667,1625,122,73,0.07507692307692308,0.04492307692307692,-0.2512820512820513,-0.2512820499934254,284,-0.043628890835680056,0.016666666666666663,0.021966364451994513,-0.004518781281889303,0.1108801108801109,2019-10-11,0.013082658770736222,-0.027656057721168636,0.0098163972650116,-0.10251772941152204,0.06010113104324666,0.09188773849098208,0.11123696134431445,0.20350940749456178,-0.09227244615024734,0.23777755259086297,19.97181554922489
COST,2020,2020-10-07,2020-08-30,item_1a,56299,0000909832-20-000017,120,0.12741353625121216,0.35815005730449534,0.5144364011008292,-0.23073652105328316,0.38333333333333336,0.08333333333333333,0.5333333333333333,1485,102,43,0.06868686868686869,0.028956228956228958,-0.4068965517241379,-0.40689654891795485,317,0.04163544134547312,0.00833333333333336,-0.012638243256757664,-0.006390054390054398,-0.15561450044208663,2020-10-07,0.06322032396032506,0.035400204629953747,0.04204375147150108,-0.07521157443500992,0.030735015105413543,-0.18594969508416104,0.19844697274605044,0.18079428542330733,0.01765268732274311,0.18546027121639486,20.38219475679368
COST,2021,2021-10-06,2021-08-29,item_1a,59590,0000909832-21-000014,120,0.15079523477858553,0.3398398301059691,0.50936493370682,-0.18904459532738352,0.35833333333333334,0.11666666666666667,0.525,1604,130,53,0.08104738154613467,0.033042394014962596,-0.4207650273224044,-0.42076502502314195,335,0.04169192572589964,-0.025000000000000022,-0.018310227198526263,0.012360512859265982,-0.013868475598266483,2021-10-06,0.14936175534390816,0.0757584141441825,0.2258193192319773,0.14505232990927097,0.3055234509178868,0.27199650001185227,0.23795554412777514,0.16038580098051344,0.0775697431472617,0.24866692233691845,20.465014644499085
COST,2022,2022-10-05,2022-08-28,item_1a,57932,0000909832-22-000021,120,0.11581580839507903,0.3023763752426021,0.5818078134364139,-0.18656056684752306,0.31666666666666665,0.058333333333333334,0.625,1651,129,48,0.07813446396123562,0.029073288915808602,-0.4576271186440678,-0.45762711605860384,331,0.002484028479860456,-0.041666666666666685,-0.037463454863366996,-0.002912917584899047,-0.036862091321663404,2022-10-05,0.014256897391597745,0.03038018351605054,-0.06103710881908486,-0.07173001891633501,0.015374764121926177,-0.07889425779649928,0.2842062704383218,0.26686529610592713,0.017340974332394676,-0.15191088178039025,20.877526012467726
COST,2023,2023-10-11,2023-09-03,item_1a,57240,0000909832-23-000042,120,0.12038116623104239,0.3386687440526051,0.5409500822114448,-0.2182875778215627,0.35,0.09166666666666666,0.5583333333333333,1460,125,44,0.08561643835616438,0.030136986301369864,-0.47928994082840237,-0.47928993799236724,336,-0.03172701097403963,0.033333333333333326,0.03629236881000303,0.007481974394928759,-0.021662822184334574,2023-10-11,-0.002150511792382681,0.003533433173759426,0.22040224644198125,0.1242313908196957,0.3269458487452055,0.14773139023958803,0.20200652395997637,0.14001050295275966,0.06199602100721671,0.13170887959620736,20.597948399796373
CRM,2014,2014-03-05,2014-01-31,item_1a,65737,0001193125-14-084762,120,0.10356692188264181,0.3396773238006669,0.5567557609795283,-0.23611040191802507,0.3416666666666667,0.06666666666666667,0.5916666666666667,982,85,34,0.08655804480651731,0.034623217922606926,-0.42857142857142855,-0.428571424969988,598,,,,,,2014-03-05,-0.12468603438021075,-0.13380710031488552,-0.19802132187326338,-0.23153712133179405,-0.07302150469485835,-0.15078379302049538,0.41375675519023775,0.3190310549420235,0.09472570024821425,0.2837369725647694,19.284415129719893
CRM,2015,2015-03-06,2015-01-31,item_1a,67250,0001108524-15-000008,120,0.10833796520407,0.45395745962159706,0.4377045775298029,-0.3456194944175271,0.48333333333333334,0.09166666666666666,0.425,1427,136,51,0.09530483531885074,0.035739313244569026,-0.45454545454545453,-0.4545454521147302,390,-0.10950909249950203,0.14166666666666666,0.11428013582093016,0.00874679051233343,-0.025974025974025983,2015-03-06,0.05638173905318067,0.05298256115177269,0.13925041304499608,0.12379778342273995,0.05715607444535631,0.10593483819225569,0.33129004266890616,0.3899179776566268,-0.05862793498772062,0.11113010296756354,19.38588554354323
CRM,2016,2016-03-07,2016-01-31,item_1a,74011,0001108524-16-000053,120,0.09166834582574665,0.41387172671966255,0.49445992830830315,-0.32220338089391587,0.43333333333333335,0.06666666666666667,0.5,1441,140,54,0.09715475364330327,0.03747397640527411,-0.44329896907216493,-0.4432989667871187,426,0.023416113523611226,-0.04999999999999999,-0.04008573290193451,0.0018499183244525264,0.011246485473289602,2016-03-07,0.0722087446120907,0.037837075243924545,0.17505993355531424,0.11598388624134848,0.06539922690035316,-0.03454418055549868,0.18717477052294734,0.5077299153144645,-0.3205551447915172,0.04530752354447243,19.35643315471739
CRM,2017,2017-03-06,2017-01-31,item_1a,82197,0001108524-17-000006,120,0.09347096498434743,0.4715696036078346,0.4349594296577076,-0.3780986386234872,0.5,0.058333333333333334,0.44166666666666665,1539,147,54,0.09551656920077972,0.03508771929824561,-0.4626865671641791,-0.4626865648622559,464,-0.055895257729571324,0.06666666666666665,0.05769787688817207,-0.0016381844425235464,-0.01938759809201418,2017-03-06,0.00569714050735759,0.01076889728247754,0.10763642425643383,0.07675223489782868,0.16375774574692548,0.11150048563455073,0.1259307569055784,0.20570145903367995,-0.07977070212810156,0.03525577347225739,19.604773026038394
CRM,2018,2018-03-09,2018-01-31,item_1a,89151,0001108524-18-000011,120,0.10197533536314343,0.4099331375405503,0.48809152175672355,-0.30795780217740687,0.43333333333333335,0.08333333333333333,0.48333333333333334,1689,157,59,0.09295441089402014,0.03493191237418591,-0.4537037037037037,-0.4537037016032236,483,0.07014083644608032,-0.06666666666666665,-0.061636466067284346,-0.002562158306759585,0.008982863460475388,2018-03-09,-0.06216157390517152,-0.01677126419832442,0.04803403484711044,0.046477248610353294,0.1806764437437145,0.14059103677294393,0.26654236251290464,0.2238776754232038,0.04266468708970084,0.31872250922646805,19.783991272054376
CRM,2019,2019-03-08,2019-01-31,item_1a,89658,0001108524-19-000009,120,0.13162392840410272,0.4675510587131915,0.4008250162160645,-0.3359271303090888,0.475,0.10833333333333334,0.4166666666666667,1628,156,58,0.09582309582309582,0.03562653562653563,-0.45794392523364486,-0.45794392309372,486,-0.027969328131681903,0.04166666666666663,0.05761792117264125,0.0028686849290756877,-0.004240221529941135,2019-03-08,0.02199146397597307,-0.03485493481160851,0.04004907703264138,-0.01262500409077183,-0.025732006005689145,-0.12177094548278222,0.2974188311788656,0.3599933908247763,-0.06257455964591074,0.015599468126496374,20.413108981402942
CRM,2020,2020-03-05,2020-01-31,item_1a,97514,0001108524-20-000014,120,0.1249317796008351,0.4725701687353042,0.4024980420712382,-0.34763838913446915,0.5083333333333333,0.09166666666666666,0.4,1584,158,50,0.09974747474747475,0.03156565656565657,-0.5192307692307693,-0.5192307667344674,522,-0.011711258825380377,0.033333333333333326,0.005019110022112694,0.003924378924378927,-0.06128684399712442,2020-03-05,-0.20807777423166118,-0.03347438088002186,0.010849193762956233,-0.02462947218155609,0.6314270675289251,0.4366021839243239,0.7052966498234104,0.25839186268804015,0.4469047871353703,0.15033074190179385,20.456822716601987
CRM,2021,2021-03-17,2021-01-31,item_1a,133254,0001108524-22-000008,120,0.11212312430919459,0.4907969038079803,0.3970799764307837,-0.3786737794987857,0.5166666666666667,0.09166666666666666,0.39166666666666666,1664,145,56,0.08713942307692307,0.03365384615384615,-0.4427860696517413,-0.44278606744882554,679,-0.031035390364316573,0.008333333333333415,0.01822673507267608,-0.012608051670551679,0.076444699579028,2021-03-17,0.08816641068507725,0.03438132071895117,0.13734073258150592,0.07130749548207826,0.20195202987318583,0.06713628735646471,0.26495909483681407,0.27161113517438423,-0.006652040337570164,-0.13039237677192772,20.977056670585004
CRM,2022,2022-03-11,2022-01-31,item_1a,125473,0001108524-22-000013,120,0.12458919339502851,0.4574558696903599,0.41795493133055667,-0.33286667629533134,0.525,0.08333333333333333,0.39166666666666666,1617,149,51,0.09214594928880643,0.03153988868274583,-0.49,-0.48999999755,656,0.04580710320345438,0.008333333333333304,-0.033341034117620405,0.005006526211883355,-0.047213930348258715,2022-03-11,-0.012380018153563266,-0.06288762674254655,-0.09828204726766265,-0.029105412666242447,-0.16306228278708956,-0.1486778196318057,0.5082419433456312,0.430184714270826,0.07805722907480522,-0.2323770620629939,20.991547306065506
CRM,2023,2023-03-08,2023-01-31,item_1a,128337,0001108524-23-000011,120,0.12020683044102043,0.44465638804249463,0.43513678081023194,-0.3244495576014742,0.4583333333333333,0.09166666666666666,0.45,1694,153,54,0.09031877213695395,0.031877213695395513,-0.4782608695652174,-0.4782608672547784,662,0.00841711869385714,-0.06666666666666671,-0.012799481647865263,-0.0018271771518524743,0.011739130434782585,2023-03-08,0.05247333913743879,0.022813974516724622,0.12451496104373394,0.05117213045831592,0.21634326211071198,0.09279327184744912,0.2652681153814841,0.40848147551757436,-0.14321336013609026,0.19279052146372422,20.840417702192003
CSCO,2014,2014-09-09,2014-07-26,item_1a,81278,0000858877-14-000029,120,0.15733413039706648,0.42438402752547216,0.4182818524694691,-0.26704989712840566,0.43333333333333335,0.14166666666666666,0.425,1592,135,62,0.08479899497487438,0.038944723618090454,-0.37055837563451777,-0.3705583737535108,446,,,,,,2014-09-09,-0.0004849433187416041,0.008349448397651615,0.10368191591674991,0.06226275821277438,0.15330657176875162,0.11683350496956035,0.1774798498659329,0.11914989165278143,0.05832995821315147,0.1689876533968948,20.44938635991144
CSCO,2015,2015-09-08,2015-07-25,item_1a,82396,0000858877-15-000070,120,0.14109910315989208,0.4556800078290204,0.40322089243369796,-0.31458090466912836,0.475,0.125,0.4,1647,138,69,0.08378870673952642,0.04189435336976321,-0.3333333333333333,-0.33333333172302737,452,-0.0475310075407227,0.04166666666666663,0.03129598030354824,-0.0010102882353479614,0.03722504230118445,2015-09-08,0.05559301950246698,0.040313046415049625,0.05367648536191805,-0.007120811959179907,0.0665227768400869,0.04535414668518367,0.21992820087783246,0.2354475414170684,-0.015519340539235926,-0.11738841786026877,20.381533890107516
CSCO,2016,2016-09-08,2016-07-30,item_1a,82913,0000858877-16-000117,120,0.16878126971035576,0.4018150402892691,0.4294036874547601,-0.2330337705789134,0.4166666666666667,0.15,0.43333333333333335,1658,128,80,0.07720144752714113,0.04825090470446321,-0.23076923076923078,-0.23076922965976332,455,0.08154713409021497,-0.05833333333333329,-0.053864967539751285,-0.006587259212385288,0.10256410256410253,2016-09-08,0.008264402818842553,0.019173721779558117,-0.04043495775186201,-0.07349804618420774,0.10707779776110415,0.007362880922997972,0.17688524633063274,0.1597758755655518,0.017109370765080928,0.17250935582878735,20.302954072034794
CSCO,2017,2017-09-07,2017-07-29,item_1a,82972,0000858877-17-000016,120,0.15934601173115273,0.43531326711333046,0.4053407197352499,-0.27596725538217776,0.44166666666666665,0.15,0.4083333333333333,1585,121,60,0.07634069400630915,0.03785488958990536,-0.3370165745856354,-0.33701657272366536,453,-0.042933484803264366,0.024999999999999967,0.03349822682406134,-0.0008607535208319805,-0.1062473438164046,2017-09-07,0.07184004247483378,0.03634627808979496,0.18807532476473598,0.11647320936923444,0.45161802217424585,0.31058681949321976,0.15990477719564533,0.16479924203088733,-0.004894464835242002,-0.04620875390898915,20.229227187816637
CSCO,2018,2018-09-06,2018-07-28,item_1a,84446,0000858877-18-000011,120,0.15180042053107173,0.4544962588697672,0.3937033161520958,-0.30269583833869546,0.48333333333333334,0.14166666666666666,0.375,1630,124,50,0.07607361963190185,0.03067484662576687,-0.42528735632183906,-0.42528735387765887,458,-0.0267285829565177,0.041666666666666685,0.01918299175643673,-0.00026707437440730286,-0.08827078173620367,2018-09-06,0.02486031961744306,0.02151856076558012,0.03039664139293441,0.08973359935591085,0.11412299431506034,0.13781231163753627,0.29029794479461984,0.17914378660204286,0.11115415819257699,0.08645633573703515,20.60049213240901
CSCO,2019,2019-09-05,2019-07-27,item_1a,83030,0000858877-19-000012,120,0.14204699298522125,0.4425900207677235,0.4153629845008254,-0.30054302778250225,0.45,0.11666666666666667,0.43333333333333335,1525,149,66,0.09770491803278689,0.043278688524590166,-0.386046511627907,-0.38604650983234184,448,0.0021528105561932076,-0.033333333333333326,-0.011906238102043665,0.02163129840088504,0.039240844693932075,2019-09-05,-0.011154190409813802,-0.004066908159206517,-0.08669101973459781,-0.1373195552611206,-0.16822694096033686,-0.17656387195648293,0.2246522606434856,0.30279468570935913,-0.07814242506587354,-0.07257354021747575,20.74516814521633
CSCO,2020,2020-09-03,2020-07-25,item_1a,90502,0000858877-20-000010,120,0.10523158304082851,0.4489363363982799,0.4458320779260248,-0.34370475335745143,0.5,0.05,0.45,1749,158,66,0.0903373356203545,0.03773584905660377,-0.4107142857142857,-0.4107142838807398,488,-0.043161725574949183,0.04999999999999999,0.006346315630556376,-0.007367582412432391,-0.024667774086378713,2020-09-03,-0.049431853543339344,-0.03706927759587997,0.08710270898040728,0.021183202397351053,0.18039256609232757,0.06605310630344108,0.2563197286368429,0.333036219620531,-0.0767164909836881,0.09071284077127029,20.610221642620647
CSCO,2021,2021-09-09,2021-07-31,item_1a,82408,0000858877-21-000013,120,0.16980684632435442,0.49190043593989685,0.3382927152793854,-0.32209358961554246,0.5416666666666666,0.15833333333333333,0.3,1849,169,67,0.0914007571660357,0.03623580313683072,-0.4322033898305085,-0.4322033879991382,418,0.021611163741908967,0.04166666666666663,0.04296409954161695,0.0010634215456812035,-0.02148910411622279,2021-09-09,-0.053718486687205025,-0.032075490634638326,-0.020388996402757487,-0.06948730610935372,-0.05453675664142643,-0.008571798250599616,0.2146570475274084,0.15369919986063252,0.060957847666775894,0.2324028363618944,20.580403343104567
CSCO,2022,2022-09-08,2022-07-30,item_1a,88151,0000858877-22-000013,120,0.15799738409308095,0.4520209568669088,0.3899816643912345,-0.29402357277382785,0.48333333333333334,0.14166666666666666,0.375,1771,132,70,0.07453416149068323,0.039525691699604744,-0.3069306930693069,-0.3069306915498481,430,0.028070016841714618,-0.05833333333333329,-0.039879479072988055,-0.016866595675352467,0.12527269676120156,2022-09-08,-0.10416445793867601,-0.014000710035649844,0.07179935576573793,0.08579861423120838,0.08888400775667638,0.11662127488431884,0.28478664472543636,0.23531799400617626,0.0494686507192601,-0.1592598131591314,20.731040912433457
CSCO,2023,2023-09-07,2023-07-29,item_1a,83399,0000858877-23-000023,120,0.1285294977715239,0.4708827928795169,0.4005877145876487,-0.342353295107993,0.5083333333333333,0.09166666666666666,0.4,1691,162,72,0.09580130100532229,0.04257835600236547,-0.38461538461538464,-0.38461538297172915,411,-0.04832972233416516,0.024999999999999967,0.018861836012608102,0.021267139514639058,-0.07768469154607771,2023-09-07,-0.052015723052780016,-0.021005374496826823,-0.15399715807798597,-0.17988022611777676,-0.11524107188038568,-0.27429934816165147,0.24478606787455695,0.16693969665027075,0.0778463712242862,0.18638437542849284,20.528730761930504
CVX,2014,2015-02-20,2014-12-31,item_1a,12010,0000093410-15-000010,49,0.08437738776663128,0.35770074795095286,0.5579218699463776,-0.2733233601843216,0.3877551020408163,0.04081632653061224,0.5714285714285714,983,66,26,0.0671414038657172,0.026449643947100712,-0.43478260869565216,-0.4347826039697543,49,,,,,,2015-02-20,-0.024677603581204965,-0.02324500685490949,-0.01895787148588357,-0.034168127486248645,-0.25379397658236336,-0.22840609240494814,0.17838837553100667,0.30370641076678256,-0.1253180352357759,-0.13477116717662496,20.402315130566755
CVX,2015,2016-02-25,2015-12-31,item_1a,14392,0000093410-16-000049,57,0.06278974526937593,0.36627752505438893,0.5709327362608492,-0.303487779785013,0.3684210526315789,0.0,0.631578947368421,1185,85,33,0.07172995780590717,0.027848101265822784,-0.4406779661016949,-0.4406779623671359,57,-0.03016441960069144,-0.019334049409237386,0.008576777103436073,0.004588553940189977,-0.005895357406042745,2016-02-25,0.10996461711949301,0.06522488930935011,0.20569468365518384,0.12990728508678506,0.22354745842433266,0.09788246689225755,0.2109117104543493,0.38861485155844905,-0.17770314110409974,0.2119543130795678,20.51932622300714
CVX,2016,2017-02-23,2016-12-31,item_1a,18404,0000093410-17-000013,73,0.07441578230067883,0.3925529795201266,0.533031238472625,-0.3181371972194477,0.4246575342465753,0.0136986301369863,0.5616438356164384,1506,120,42,0.0796812749003984,0.027888446215139442,-0.48148148148148145,-0.4814814785093736,73,-0.014649417434434708,0.05623648161499639,0.026275454465737647,0.007951317094491234,-0.04080351537978655,2017-02-23,-0.027292478377052842,-0.020683511089829465,-0.033502801370568824,-0.05556666517263442,-0.020207619752607986,-0.06411644732900568,0.14801593705750551,0.13250130206059627,0.015514634996909249,0.10410168681550691,20.322492157134594
CVX,2017,2018-02-22,2017-12-31,item_1a,18839,0000093410-18-000010,76,0.06693200395736647,0.39530155626370717,0.5377664473888121,-0.32836955230634074,0.42105263157894735,0.0,0.5789473684210527,1527,127,43,0.08316961362148002,0.028159790438768827,-0.49411764705882355,-0.4941176441522492,76,-0.010232355086893019,-0.003604902667627974,0.0027485767435805886,0.0034883387210816186,-0.012636165577342096,2018-02-22,0.02811898485093245,0.06996981236389233,0.18138381040000695,0.16638812895725552,0.10207571360390122,0.0347443377251242,0.20461843353255682,0.23687209194861655,-0.03225365841605973,0.05101867389117776,20.193180237184322
CVX,2018,2019-02-22,2018-12-31,item_1a,19061,0000093410-19-000008,77,0.0663137888632618,0.4086959534506132,0.5249902643021438,-0.34238216458735143,0.44155844155844154,0.0,0.5584415584415584,1544,134,43,0.08678756476683938,0.027849740932642485,-0.5141242937853108,-0.5141242908806537,77,-0.014012612281010695,0.020505809979494194,0.013394397186906049,0.0036179511453593577,-0.02000664672648722,2019-02-22,0.02931539597346955,0.02527089763143997,-0.0030180188745574377,-0.018217288739613036,0.0060347111085365945,-0.05105449907742199,0.19551779866360977,0.26072820522403817,-0.0652104065604284,0.031963211388453594,20.416364833992397
CVX,2019,2020-02-21,2019-12-31,item_1a,20858,0000093410-20-000010,96,0.06726060602037857,0.41746490699006245,0.5152744984564682,-0.35020430096968386,0.4479166666666667,0.020833333333333332,0.53125,1685,148,48,0.08783382789317508,0.028486646884272996,-0.5102040816326531,-0.510204079029571,96,-0.007822136382332423,0.006358225108225146,0.008768953539449231,0.0010462631263356975,0.003920212152657698,2020-02-21,-0.5026143618348524,-0.17510164447974474,-0.14327840342153164,-0.032729351210726065,-0.19919537652358443,-0.22404417831777257,1.0463874467165504,0.16594111883237234,0.8804463278841781,-0.033943995193039034,20.322169468476503
CVX,2020,2021-02-25,2020-12-31,item_1a,29868,0000093410-21-000009,119,0.06044974436341714,0.50590613685517,0.4336441241345611,-0.44545639249175284,0.5462184873949579,0.008403361344537815,0.44537815126050423,2373,208,69,0.0876527602191319,0.029077117572692796,-0.5018050541516246,-0.501805052340054,119,-0.09525209152206898,0.09830182072829124,0.0884412298651076,-0.00018106767404317547,0.008399027481028498,2021-02-25,0.05012225932732561,0.011027863118489023,0.029746390039539827,-0.06993850491312248,-0.012601209576325378,-0.19444362507451418,0.2588552229832951,0.3481431052511536,-0.0892878822678585,0.21917389526929143,20.599280408242958
CVX,2021,2022-02-24,2021-12-31,item_1a,29429,0000093410-22-000019,105,0.06413132474713382,0.4389278681416597,0.4969408076788698,-0.37479654339452584,0.47619047619047616,0.009523809523809525,0.5142857142857142,2272,200,63,0.0880281690140845,0.02772887323943662,-0.5209125475285171,-0.520912545547861,105,0.070659849097227,-0.07002801120448177,-0.06697826871351037,0.0003754087949525975,-0.019107493376892548,2022-02-24,0.2555428335055647,0.19531289200984414,0.3114796785710836,0.38081296969932943,0.2419898260122706,0.25522551312990227,0.358215987891013,0.22717745473120646,0.13103853315980654,0.4161518677215701,20.81307266252502
CVX,2022,2023-02-23,2022-12-31,item_1a,32704,0000093410-23-000009,113,0.07293567171040098,0.41724162656747926,0.5098227048210339,-0.34430595485707827,0.45132743362831856,0.017699115044247787,0.5309734513274337,2388,208,70,0.08710217755443886,0.02931323283082077,-0.49640287769784175,-0.4964028759122199,113,0.03049058853744757,-0.0248630425621576,-0.02168624157418042,-0.000925991459645642,0.024509669830675374,2023-02-23,-0.03625026927925046,-0.027765274608808843,-0.01926721628313377,-0.049215184084809405,-0.005623552726129799,-0.10427697992171636,0.23689885977629224,0.2726966649484731,-0.03579780517218087,0.038998757634514325,21.123303826461843
CVX,2023,2024-02-26,2023-12-31,item_1a,35048,0000093410-24-000013,120,0.08153812338132412,0.3778169781512891,0.5406448973342777,-0.296278854769965,0.4083333333333333,0.041666666666666664,0.55,2248,170,72,0.07562277580071175,0.03202846975088968,-0.4049586776859504,-0.40495867601256746,136,0.04802710008711325,-0.04299410029498524,-0.039424648416190144,-0.011479401753727109,0.09144420001189135,2024-02-26,0.005309207648206193,-0.02321325908644556,0.031679818256973524,-0.01791628919445598,-0.0179453696424674,-0.13327831266221346,0.151166380310742,0.19466683321667214,-0.04350045290593013,-0.007933838010838246,20.909564699983033
DIS,2019,2019-11-20,2019-09-28,item_1a,37786,0001744489-19-000225,120,0.09615615235719209,0.5028040757868439,0.40103976627190907,-0.4066479234296518,0.55,0.041666666666666664,0.4083333333333333,1676,122,82,0.07279236276849642,0.04892601431980907,-0.19607843137254902,-0.19607843041138023,192,,,,,,2019-11-20,0.005648929154832061,-0.03147499795773134,-0.08931536163921838,-0.13190358386550716,-0.19194797274290598,-0.15291062752878493,0.19227073128438585,0.24137837009121188,-0.04910763880682603,0.11541948672247027,20.782069166691812
DIS,2020,2020-11-25,2020-10-03,item_1a,54141,0001744489-20-000197,120,0.12304831951235731,0.5281981782483247,0.3487534985722353,-0.4051498587359674,0.5666666666666667,0.08333333333333333,0.35,1697,133,64,0.07837360047142015,0.03771361225692398,-0.350253807106599,-0.3502538053286609,269,0.0014980646936843534,0.016666666666666607,0.025394102461480772,0.005581237702923736,-0.15417537573404996,2020-11-25,0.1996781293585983,0.1690808837122928,0.30780057067331135,0.22899235164359055,0.19826954945604802,0.03130304541782358,0.3986000625790913,0.3678080897285109,0.030791972850580385,0.29755890233338,21.05865217839515
DIS,2021,2021-11-24,2021-10-02,item_1a,55550,0001744489-21-000220,120,0.10695395847627272,0.555372835121428,0.3376732079933087,-0.44841887664515523,0.5916666666666667,0.09166666666666666,0.31666666666666665,1777,160,60,0.09003939223410241,0.03376477208778841,-0.45454545454545453,-0.45454545247933886,274,-0.0432690179091878,0.025000000000000022,0.027174656873103276,0.01166579176268226,-0.10429164743885555,2021-11-24,0.009647122465212599,-0.0105828291839416,-0.011959748923160873,0.0522700476971133,-0.3021672280896093,-0.17128263925691545,0.2899768037249877,0.2602751132209911,0.02970169050399657,-0.14416044903069403,21.098316756276528
DIS,2022,2022-11-29,2022-10-01,item_1a,55915,0001744489-22-000213,120,0.09496508869342506,0.5474921617695752,0.3575427520554513,-0.4525270730761501,0.575,0.06666666666666667,0.35833333333333334,1850,156,73,0.08432432432432432,0.03945945945945946,-0.3624454148471616,-0.3624454132644305,257,-0.004108196430994859,-0.01666666666666672,-0.00788067335185283,-0.00571506790977809,0.09210003969829295,2022-11-29,-0.0793114194183715,-0.05393572278775194,0.0446720599661774,0.03352215724176366,-0.06442076046354117,-0.14069095279354205,0.30751172790114156,0.45250848644384034,-0.14499675854269878,-0.12467993011278133,20.955006008517913
DIS,2023,2023-11-21,2023-09-30,item_1a,57909,0001744489-23-000216,120,0.1024308449549911,0.49485075852523247,0.40271839016738037,-0.39241991357024136,0.525,0.06666666666666667,0.4083333333333333,1969,149,93,0.07567293042153378,0.047232097511427124,-0.23140495867768596,-0.23140495772146713,255,0.060107159505908725,-0.04999999999999993,-0.05264140324434269,-0.008651393902790544,0.13104045616947563,2023-11-21,-0.022552705793159822,-0.06964728570221479,0.1444270783432393,0.019470681598568573,0.06922256611916078,-0.09947002844114339,0.3073795170387048,0.2697742503561225,0.037605266682582295,0.0349597809460378,20.816107837268444
GOOGL,2015,2016-02-11,2015-12-31,item_1a,61066,0001652044-16-000012,120,0.09746678632994493,0.38459293262955424,0.5179402758212139,-0.2871261462996093,0.39166666666666666,0.058333333333333334,0.55,1566,152,49,0.0970625798212005,0.031289910600255426,-0.5124378109452736,-0.5124378083958318,352,,,,,,2016-02-11,0.062121534566695225,-0.045283235595756866,0.030735008189471058,-0.1046984849358299,0.14417577718797014,-0.06396523962106615,0.20911963330268651,0.26723836117725724,-0.05811872787457073,0.023975132175548364,20.958160412903407
GOOGL,2016,2017-02-03,2016-12-31,item_1a,63444,0001652044-17-000008,120,0.09090552752992759,0.4650730723515153,0.44402140312207244,-0.3741675448215877,0.5,0.05,0.45,1728,184,41,0.10648148148148148,0.023726851851851853,-0.6355555555555555,-0.6355555527308642,349,-0.0870413985219784,0.10833333333333334,0.08048013972196105,0.009418901660280976,-0.12311774461028191,2017-02-03,0.037823297443878134,0.004422894594122484,0.1586945100414574,0.10897421874296342,0.15321977421946942,0.06445128751280693,0.12715344936623824,0.18806851519761725,-0.06091506583137901,0.024207657217300005,20.929059278405838
GOOGL,2017,2018-02-06,2017-12-31,item_1a,67956,0001652044-18-000007,120,0.10787027878686786,0.47713916005256274,0.41499056161070863,-0.3692688812656949,0.5083333333333333,0.08333333333333333,0.4083333333333333,1608,171,44,0.10634328358208955,0.02736318407960199,-0.5906976744186047,-0.5906976716711736,368,0.0048986635558928016,0.008333333333333304,0.012066087701047445,-0.00013819789939192861,0.04485788113695088,2018-02-06,0.04145040024740099,0.022983787635782793,-0.023828172383229984,-0.019588370752989137,0.15806459420462105,0.08790792174818685,0.3086444744076133,0.20334617803725424,0.10529829637035903,0.12328301907061268,21.058575595909392
GOOGL,2018,2019-02-05,2018-12-31,item_1a,69139,0001652044-19-000004,120,0.11066126479612043,0.4417264244441564,0.44761231224983933,-0.33106515964803596,0.5,0.08333333333333333,0.4166666666666667,1628,193,56,0.11855036855036855,0.0343980343980344,-0.5502008032128514,-0.5502008010032097,367,0.03820372161765895,-0.008333333333333304,-0.035412735608406354,0.012207084968278992,0.04049687120575329,2019-02-05,-0.0008853939401637367,-0.007879300222943697,0.02343166663214058,-0.035514571913525916,0.016677347079101734,-0.04693903210228911,0.22988754728153935,0.3251831817702978,-0.09529563448875847,-0.08033801687678077,21.42696279641949
GOOGL,2019,2020-02-04,2019-12-31,item_1a,69595,0001652044-20-000008,120,0.10346588546720643,0.4682849321591978,0.4282491821950922,-0.3648190466919914,0.5,0.06666666666666667,0.43333333333333335,1622,170,36,0.10480887792848335,0.02219482120838471,-0.6504854368932039,-0.6504854337355076,386,-0.03375388704395543,0.0,0.026558507715041424,-0.013741490621885191,-0.10028463368035256,2020-02-04,-0.09038956778828866,-0.009553296679828294,-0.06668693779567947,0.05847891775033398,0.01929573624669545,0.005918629902881722,0.6159095746094647,0.1617547539829564,0.4541548206265083,0.2393004613260623,21.23057005253439
GOOGL,2020,2021-02-03,2020-12-31,item_1a,77031,0001652044-21-000010,120,0.12591366016616423,0.5001693394927619,0.37391699698443215,-0.3742556793265976,0.5416666666666666,0.1,0.35833333333333334,1848,197,52,0.1066017316017316,0.02813852813852814,-0.5823293172690763,-0.5823293149304044,394,-0.009436632634606201,0.04166666666666663,0.03188440733356407,0.0017928536732482458,0.0681561196241276,2021-02-03,0.018548981452065183,0.013887559824335538,0.12428601902384129,0.031941791653744334,0.31261183144228144,0.1554594868396424,0.2474283611255356,0.27373812052746005,-0.026309759401924454,0.2942892685075167,21.69977302218847
GOOGL,2021,2022-02-02,2021-12-31,item_1a,78015,0001652044-22-000019,120,0.12972778104400884,0.4320896582251104,0.4381825603234271,-0.3023618771811016,0.45,0.1,0.45,1723,185,45,0.1073708647707487,0.0261172373766686,-0.6086956521739131,-0.6086956495274102,381,0.07189380214549601,-0.09166666666666662,-0.06807968126765146,0.0007691331690170972,-0.026366334904836752,2022-02-02,-0.10873992375971187,-0.053683598804205035,-0.17391217066391274,-0.11497010174299938,-0.20141881534753725,-0.11374260838623207,0.36322732907242783,0.23889866182268896,0.12432866724973887,0.01484917524192464,21.95349075565225
GOOGL,2022,2023-02-03,2022-12-31,item_1a,72802,0001652044-23-000016,120,0.11819049164963265,0.46831706872520346,0.4134924456321945,-0.3501265770755708,0.5166666666666667,0.1,0.38333333333333336,1830,208,41,0.11366120218579236,0.022404371584699455,-0.6706827309236948,-0.6706827282301898,353,-0.04776469989446924,0.06666666666666671,0.03622741050009304,0.006290337415043659,-0.06198707874978171,2023-02-03,-0.10421821354183569,-0.07007237574669767,0.007539623480884661,0.003041505198214889,0.25529673296450217,0.15402177204584833,0.33714465586149606,0.39575785154620763,-0.05861319568471157,-0.08756790892559296,21.992603867154223
GOOGL,2023,2024-01-31,2023-12-31,item_1a,76196,0001652044-24-000022,120,0.13816821745907268,0.4187098362444279,0.4431219446317603,-0.2805416187853552,0.43333333333333335,0.11666666666666667,0.45,1802,205,53,0.11376248612652608,0.029411764705882353,-0.5891472868217055,-0.5891472845381889,366,0.0695849582902156,-0.08333333333333337,-0.04960723248077553,0.00010128394073372071,0.08153544410198932,2024-01-31,-0.02112770459693314,-0.08319267712041678,0.16959311909357577,0.1301950516100603,0.2202426486892397,0.08858610572625225,0.3253302323552629,0.2058052251578337,0.11952500719742923,0.1411996561614033,21.9665671532402
GS,2014,2015-02-23,2014-12-31,item_1a,80309,0001193125-15-056785,120,0.07906360717024655,0.3431038701984411,0.5778325255960226,-0.2640402630281945,0.35833333333333334,0.05,0.5916666666666667,1152,124,34,0.1076388888888889,0.029513888888888888,-0.569620253164557,-0.5696202495593655,629,,,,,,2015-02-23,0.008252277825747889,0.015154854163103137,0.0953306572543946,0.08240222212261594,-0.00732078656712043,0.04727114838365787,0.16735602493385487,0.2195620901640551,-0.052206065230200216,0.10737948037506473,19.946004007099848
GS,2015,2016-02-22,2015-12-31,item_1a,89502,0001193125-16-470289,120,0.08909947980816166,0.3335437990531015,0.5773567239288241,-0.24444431924493984,0.3416666666666667,0.058333333333333334,0.6,1154,123,34,0.10658578856152513,0.029462738301559793,-0.5668789808917197,-0.5668789772810257,696,0.01959594378325466,-0.016666666666666663,-0.009560071145339577,-0.0010531003273637624,0.0027412722728372696,2016-02-22,0.04086282408742958,-0.01476404904431683,0.04295532045694417,-0.017470784173325704,0.12666616563984756,-0.00696949846337902,0.25000232253078836,0.3377669288429391,-0.08776460631215072,-0.26389077811621864,20.055236945246758
GS,2016,2017-02-27,2016-12-31,item_1a,92236,0001193125-17-056804,120,0.0813127138108636,0.3277438027008126,0.5909434840859225,-0.24643108888994902,0.31666666666666665,0.058333333333333334,0.625,1151,128,30,0.11120764552562988,0.026064291920069503,-0.620253164556962,-0.6202531606313091,712,-0.0019867696450091843,-0.025000000000000022,-0.005799996352288894,0.004621856964104748,-0.05337418366524227,2017-02-27,-0.077810908514792,-0.07457950539220815,-0.10113404479510935,-0.12496947265187808,-0.10238470377838527,-0.1433438331273985,0.21527579266350272,0.2183635173738952,-0.003087724710392481,0.5068781763105326,20.083079470433177
GS,2017,2018-02-26,2017-12-31,item_1a,101324,0001193125-18-056383,120,0.0944266371972238,0.3724271448212676,0.5331462238604824,-0.27800050762404377,0.38333333333333336,0.075,0.5416666666666666,1138,147,39,0.12917398945518455,0.03427065026362039,-0.5806451612903226,-0.5806451581685744,791,-0.031569418734094745,0.06666666666666671,0.044683342120454994,0.017966343929554665,0.03960800326663938,2018-02-26,-0.08591720863935781,-0.027420227848252376,-0.1312036117596882,-0.11443473911634705,-0.12776045525434854,-0.17114928934443108,0.22627137260394492,0.25567960559884984,-0.029408232994904915,0.20554132399103908,20.323228533122585
GS,2018,2019-02-26,2018-12-31,item_1a,109943,0001193125-19-050198,120,0.11806691007999083,0.3420922083004067,0.5398408744173745,-0.22402529822041592,0.325,0.10833333333333334,0.5666666666666667,1149,121,40,0.10530896431679722,0.034812880765883375,-0.5031055900621118,-0.5031055869372324,857,0.05397520940362785,-0.05833333333333335,-0.03033493652086089,-0.023865025138387327,0.07753957122821087,2019-02-26,-0.04073713000610968,-0.04632814042199751,-0.04371561632530341,-0.05110471210545464,0.012366521299565614,-0.028287123186500507,0.21821695770178212,0.33553408556608316,-0.11731712786430104,-0.16388826174677873,20.29806911017964
GS,2019,2020-02-21,2019-12-31,item_1a,115081,0001193125-20-043853,120,0.10730942892065892,0.45663730419473725,0.4360532770088563,-0.3493278752740783,0.475,0.1,0.425,1858,198,56,0.10656620021528525,0.030139935414424113,-0.5590551181102362,-0.5590551159092318,531,-0.1253025770536624,0.14999999999999997,0.11454509589433054,0.0012572358984880294,-0.055949528048124475,2020-02-21,-0.41117304886446515,-0.08366033150935748,-0.21428649572586433,-0.10373744351505876,-0.11389432943663391,-0.13874313123082205,0.8576801668054997,0.1950425371826809,0.6626376296228189,0.17767310935785763,19.992894774408676
GS,2020,2021-02-22,2020-12-31,item_1a,130873,0001193125-21-049380,120,0.0752452433652555,0.4611518524121493,0.46360291450594865,-0.38590660904689383,0.48333333333333334,0.041666666666666664,0.475,1961,224,55,0.11422743498215196,0.02804691483936767,-0.6057347670250897,-0.6057347648539972,610,-0.03657873377281551,0.00833333333333336,0.00451454821741204,0.007661234766866712,-0.04667964891485343,2021-02-22,0.05113524615835452,0.041457132660609686,0.16040854757087386,0.08478374882848816,0.2584568545573449,0.10540069400234264,0.25018867713545956,0.289984660959462,-0.03979598382400246,0.5725624582470608,20.340142136138095
GS,2021,2022-02-25,2021-12-31,item_1a,135023,0001193125-22-052682,120,0.10122179119692494,0.4385922365550262,0.4601859734238436,-0.3373704453581013,0.4666666666666667,0.06666666666666667,0.4666666666666667,1773,201,44,0.11336717428087986,0.024816694867456288,-0.6408163265306123,-0.6408163239150354,625,0.048536163688792544,-0.016666666666666663,-0.022559615857123072,-0.0008602607012720975,-0.03508155950552261,2022-02-25,-0.03668295784471376,-0.08140328814706466,-0.07021118209396993,0.0010186903380456913,-0.027603772862688114,0.03961408924830512,0.30183546685850193,0.29210264996954516,0.009732816888956775,-0.1681666915429323,20.66181039211797
GS,2022,2023-02-24,2022-12-31,item_1a,141812,0000886982-23-000003,120,0.12202196694755306,0.39617374873099226,0.4818042942478011,-0.27415178178343924,0.4083333333333333,0.11666666666666667,0.475,1999,222,62,0.11105552776388194,0.031015507753876938,-0.5633802816901409,-0.5633802797064075,624,0.06321866357466205,-0.05833333333333335,-0.04241848782403396,-0.0023116465169979172,0.0774360448404714,2023-02-24,-0.11828828104076294,-0.12238338299800444,-0.10347926905426263,-0.15356384995146832,-0.1070564905133542,-0.2254017887953812,0.25580140439864163,0.233787283734915,0.022014120663726627,0.08379912560379732,20.424799430633193
GS,2023,2024-02-23,2023-12-31,item_1a,141704,0000886982-24-000006,120,0.08685890402023991,0.45914850978491206,0.45399258852315444,-0.3722896057646722,0.49166666666666664,0.058333333333333334,0.45,1929,238,69,0.12337998963193364,0.03576982892690513,-0.5504885993485342,-0.5504885975554117,644,-0.09813782398123294,0.08333333333333331,0.0629747610539198,0.012324461868051695,0.012891682341606647,2024-02-23,0.04285806873310172,0.01620638873179403,0.17989192239343077,0.1410137952569519,0.31986904984550324,0.20596589472200355,0.2070429678196583,0.2102499740356324,-0.003207006215974084,0.2452052145477326,20.35658824898708
HD,2014,2014-03-27,2014-02-02,item_1a,19760,0000354950-14-000008,96,0.16261330840643495,0.4656732494137638,0.3717134457935269,-0.30305994100732886,0.5208333333333334,0.13541666666666666,0.34375,1503,131,79,0.08715901530272788,0.05256154357950765,-0.24761904761904763,-0.2476190464399093,96,,,,,,2014-03-27,0.018937862502679703,0.006476728625236738,0.032311421018585085,-0.03159872195876545,0.18078915627011494,0.1069836758865157,0.14425794497876807,0.14714528955385,-0.0028873445750819404,0.04830927935292073,20.053372220481336
HD,2015,2015-03-26,2015-02-01,item_1a,28923,0000354950-15-000008,120,0.12864239706347386,0.48996607431132966,0.381391530809924,-0.3613236772478558,0.55,0.1,0.35,1945,195,91,0.10025706940874037,0.0467866323907455,-0.36363636363636365,-0.3636363623649078,137,-0.05826373624052694,0.029166666666666674,0.024292824897565846,0.013098054106012488,-0.11601731601731602,2015-03-26,-0.008721242169088761,-0.035515063809223646,0.004148491869473414,-0.023185305973004278,0.04612870390291124,0.09691020903259706,0.15573831567883353,0.23222440292583788,-0.07648608724700434,0.25489873611414593,20.06136764645603
HD,2016,2016-03-24,2016-01-31,item_1a,30326,0000354950-16-000060,120,0.16541898131060104,0.46861069654890647,0.36597032311062017,-0.3031917152383054,0.5083333333333333,0.16666666666666666,0.325,1991,186,109,0.0934203917629332,0.05474635861376193,-0.26101694915254237,-0.26101694826773914,141,0.0581319620095504,-0.04166666666666674,-0.02135537776242319,-0.006836677645807171,0.10261941448382128,2016-03-24,0.03978214039583294,0.01275365424796382,-0.011541427135652316,-0.05479833436274839,-0.0029097399752526787,-0.08311951986328014,0.14504183266562024,0.2514656162895593,-0.10642378362393909,0.13571370657429638,20.19592613304027
HD,2017,2017-03-23,2017-01-29,item_1a,30782,0000354950-17-000005,120,0.1595546480578681,0.44232340964566297,0.39812194054635863,-0.28276876158779485,0.48333333333333334,0.15,0.36666666666666664,1962,181,103,0.09225280326197757,0.052497451580020386,-0.2746478873239437,-0.27464788635687365,144,0.020422953650510556,-0.024999999999999967,-0.0262872869032435,-0.0011675885009556214,-0.013630938171401319,2017-03-23,0.026353060051763633,0.012935862670116816,0.05668291950258331,0.013977959440202525,0.08829500714921124,0.012151121059660097,0.11049153469121573,0.1065715091485095,0.003920025542706221,0.17514801376914835,20.13640214482333
HD,2018,2018-03-22,2018-01-28,item_1a,35633,0000354950-18-000019,120,0.15675113279527675,0.4820364036015235,0.36121246706073484,-0.32528527080624675,0.525,0.15,0.325,1902,165,104,0.08675078864353312,0.054679284963196635,-0.22676579925650558,-0.22676579841351005,170,-0.0425165092184519,0.041666666666666685,0.03971299395586053,-0.005502014618444448,0.0478820880674381,2018-03-22,0.013520407646495425,0.0025217949641924697,0.14913261678399814,0.10437412364869303,0.21700951552583603,0.0985723719164604,0.20582085289021526,0.24219287125092456,-0.0363720183607093,0.14133048225684686,20.387625642866112
HD,2019,2019-03-28,2019-02-03,item_1a,39795,0000354950-19-000010,120,0.16602671222450832,0.44716260419615234,0.38681068339695535,-0.281135891971644,0.48333333333333334,0.14166666666666666,0.375,1950,177,101,0.09076923076923077,0.05179487179487179,-0.2733812949640288,-0.2733812939806428,183,0.04414937883460274,-0.041666666666666685,-0.034873799405371164,0.004018442125697644,-0.046615495707523213,2019-03-28,0.06366405057514557,0.01678305002123448,0.09687525228105276,0.05338656487163229,0.2249546890030365,0.15686752674914906,0.1723679386803808,0.21070435115401376,-0.03833641247363295,-0.0778415789177509,20.523227414848932
HD,2020,2020-03-25,2020-02-02,item_1a,45836,0000354950-20-000015,120,0.13093849893969794,0.48711096450764063,0.3819505373792102,-0.3561724655679427,0.525,0.10833333333333334,0.36666666666666664,1974,182,88,0.09219858156028368,0.044579533941236066,-0.34814814814814815,-0.3481481468587106,213,-0.07503657359629867,0.041666666666666685,0.039948360311488296,0.0014293507910529135,-0.07476685318411935,2020-03-25,0.1673639295861915,0.02076139376277264,0.36223442663220395,0.12463089318692022,0.48303129146222434,0.16467554816380292,0.3986403801852359,0.7172491378342756,-0.3186087576490397,-0.17283918486323357,20.494902371686916
HD,2021,2021-03-24,2021-01-31,item_1a,63261,0000354950-21-000089,120,0.15348860692077626,0.47769043322186916,0.36882095964004596,-0.3242018263010929,0.5166666666666667,0.11666666666666667,0.36666666666666664,2026,175,105,0.0863770977295163,0.051826258637709774,-0.25,-0.24999999910714285,281,0.03197063926684979,-0.008333333333333304,-0.009420531285771472,-0.005821483830767388,0.09814814814814815,2021-03-24,0.10637076994046968,0.030968112663229297,0.07021130671118869,-0.023881018756792383,0.15938003532598,0.02214869365297134,0.18825453032775152,0.22104098379999523,-0.03278645347224371,0.07724671924327176,20.746982664918804
HD,2022,2022-03-23,2022-01-30,item_1a,68114,0000354950-22-000070,120,0.14268132846336812,0.4856681842318115,0.37165048415772617,-0.3429868557684434,0.5333333333333333,0.125,0.3416666666666667,2043,197,92,0.09642682329907,0.04503181595692609,-0.3633217993079585,-0.3633217980507896,287,-0.0187850294673505,0.016666666666666607,0.007977751009942358,0.010049725569553705,-0.11332179930795849,2022-03-23,-0.05342998064312432,-0.013412029002541237,-0.1258178143167873,0.018632057876128982,-0.14017673174466416,0.009484288970756816,0.32977290229143447,0.3042231926847745,0.025549709606659976,-0.003375443639803022,20.879520298110446
HD,2023,2023-03-15,2023-01-29,item_1a,68391,0000354950-23-000059,120,0.15108119413877527,0.46619883794725564,0.38271997186044854,-0.31511764380848034,0.5166666666666667,0.10833333333333334,0.375,2049,172,102,0.08394338701805759,0.04978038067349927,-0.25547445255474455,-0.255474451622356,277,0.02786921195996306,-0.016666666666666607,-0.019469346284555877,-0.012483436281012408,0.10784734675321395,2023-03-15,0.014654339529725169,-0.04893515868680587,0.048260978374072616,-0.07907264606876141,0.16027109197938016,-0.005363136201385288,0.22222751229079413,0.2656796812588148,-0.04345216896802068,-0.0274311020309137,20.82274700656945
HON,2014,2015-02-13,2014-12-31,item_1a,18400,0000930413-15-000621,114,0.09232357382905065,0.3439552281991366,0.5637211929843352,-0.251631654370086,0.34210526315789475,0.07017543859649122,0.5877192982456141,1425,156,51,0.10947368421052632,0.035789473684210524,-0.5072463768115942,-0.5072463743611286,114,,,,,,2015-02-13,-0.015905723666275184,-0.007230330973527099,0.028768959372913905,0.011568665223747443,0.02633471219681871,0.018716896887519985,0.16755453498555123,0.1798384797975623,-0.01228394481201106,0.10907286715099263,19.333513022924436
HON,2015,2016-02-12,2015-12-31,item_1a,19105,0000930413-16-005457,120,0.10590150331457455,0.33500141486680757,0.5590970857224117,-0.229099911552233,0.3333333333333333,0.08333333333333333,0.5833333333333334,1461,148,52,0.10130047912388775,0.03559206023271732,-0.48,-0.4799999976,122,0.022531742817853,-0.00877192982456143,-0.00895381333232903,-0.008173205086638574,0.027246376811594253,2016-02-12,0.05622665340500377,-0.027039456817880447,0.10015548942076502,-0.002646991786018571,0.1342161644576363,-0.04849081887756124,0.15866914097626253,0.24759200842904763,-0.0889228674527851,-0.02756875939131964,19.468373679834833
HON,2016,2017-02-10,2016-12-31,item_1a,19934,0000930413-17-000391,120,0.10350584419211373,0.27737922280017907,0.6191149345288675,-0.17387337860806534,0.25,0.06666666666666667,0.6833333333333333,868,98,32,0.11290322580645161,0.03686635944700461,-0.5076923076923077,-0.5076923037869823,205,0.055226532944167656,-0.08333333333333331,-0.0576221920666285,0.011602746682563864,-0.027692307692307683,2017-02-10,0.037208754162037394,0.013926828995507012,0.0848986316539766,0.048141330623298284,0.1326835354160809,0.06846315111078494,0.1100846056301987,0.10973193094673676,0.0003526746834619371,0.0570373902136021,19.59733616161513
HON,2017,2018-02-09,2017-12-31,item_1a,25560,0000930413-18-000292,120,0.07911289230299492,0.3712102998358508,0.5496768116330107,-0.29209740753285585,0.375,0.041666666666666664,0.5833333333333334,1486,176,60,0.11843876177658143,0.040376850605652756,-0.4915254237288136,-0.4915254216460787,156,-0.1182240289247905,0.125,0.09383107703567173,0.005535535970129818,0.016166883963494083,2018-02-09,0.029318809032134352,-0.028883636168592464,0.0011909235837708199,-0.04639154227068154,0.04539959855820652,-0.04664873012437076,0.19162052626559328,0.16972383222472082,0.021896694040872466,0.061012349238651176,19.680625862413116
HON,2018,2019-02-08,2018-12-31,item_1a,26612,0000930413-19-000366,120,0.10372765503513316,0.35980086685158313,0.5364714792774369,-0.25607321181645,0.36666666666666664,0.06666666666666667,0.5666666666666667,1592,190,63,0.11934673366834171,0.03957286432160804,-0.5019762845849802,-0.5019762826008842,155,0.03602419571640586,-0.00833333333333336,-0.011409432984267665,0.0009079718917602841,-0.010450860856166644,2019-02-08,0.03841344836184968,0.005064037897301921,0.16106120446160044,0.09118647743438646,0.13299456472551419,0.044780934967551644,0.1451848329025469,0.21779737752534195,-0.07261254462279504,-0.0010474978524001033,19.843075412302458
HON,2019,2020-02-14,2019-12-31,item_1a,33425,0000773840-20-000009,120,0.05384120537588994,0.4868189538557393,0.4593398409895599,-0.4329777484798493,0.5083333333333333,0.025,0.4666666666666667,2207,245,76,0.11101042138649751,0.034435885817852285,-0.5264797507788161,-0.5264797491386923,131,-0.17690453666339934,0.14166666666666666,0.12701808700415618,-0.0083363122818442,-0.02450346619383592,2020-02-14,-0.26711276079847035,-0.015927873800076098,-0.2975035241181463,-0.1504755892270323,-0.09709926050391038,-0.1051316598445472,0.7383997886621229,0.1591847563172055,0.5792150323449173,0.1090272274147388,19.842003580176154
INTC,2014,2015-02-13,2014-12-27,item_1a,37587,0000050863-15-000015,120,0.0899299370823428,0.4388699733225318,0.4712000862540056,-0.34894003624018904,0.43333333333333335,0.058333333333333334,0.5083333333333333,1381,152,46,0.11006517016654598,0.0333091962346126,-0.5353535353535354,-0.5353535326497296,256,,,,,,2015-02-13,-0.1097209228717787,-0.10104553017903062,-0.03292918595757577,-0.05012948010674223,-0.14223891425091661,-0.14985672956021534,0.2704796152774208,0.23908368012104408,0.03139593515637673,0.014668377736466232,20.603660787519992
INTC,2015,2016-02-12,2015-12-26,item_1a,38281,0000050863-16-000105,120,0.08367502989713102,0.4275443561724387,0.4887806104340901,-0.3438693262753077,0.425,0.058333333333333334,0.5166666666666667,1386,138,46,0.09956709956709957,0.03318903318903319,-0.5,-0.49999999728260874,259,0.005070709964881348,-0.00833333333333336,-0.011325617150093115,-0.010498070599446407,0.03535353535353536,2016-02-12,0.1050978749693654,0.021831764746481186,0.053364666644058145,-0.049437814562725446,0.22670788567980504,0.04400090234460752,0.18517393702267887,0.3033744308431093,-0.11820049382043041,-0.02685293067247141,20.557522315247926
INTC,2016,2017-02-17,2016-12-31,item_1a,42156,0000050863-17-000012,120,0.10412772671164323,0.4044066696660593,0.4914655971340835,-0.3002789429544161,0.4083333333333333,0.075,0.5166666666666667,1333,131,35,0.09827456864216054,0.02625656414103526,-0.5783132530120482,-0.5783132495282335,281,0.0435903833208916,-0.016666666666666663,-0.023137686506379374,-0.0012925309249390282,-0.07831325301204817,2017-02-17,-0.03947370010805851,-0.03801377501419956,-0.02238607844185736,-0.04049284275643339,-0.02589835206814972,-0.06785932767496372,0.1372586142796603,0.16132328825311704,-0.02406467397345674,0.055042064114374956,20.35287125123745
JNJ,2016,2016-02-24,2016-01-03,item_7,76088,0000200406-16-000071,120,0.28438016676033534,0.1974344409730596,0.5181853963838269,0.08694572578727579,0.15833333333333333,0.2916666666666667,0.55,1412,69,26,0.04886685552407932,0.018413597733711047,-0.45263157894736844,-0.45263157418282557,451,,,,,,2016-02-24,0.031917142968790335,-0.024851155392170643,0.08131273288765395,-0.00016799497537056673,0.15372771136265473,0.008572365304702956,0.09159457328094346,0.19758992510945783,-0.10599535182851437,0.10513915679547603,20.47891031351626
JNJ,2017,2017-02-27,2017-01-01,item_1a,23411,0000200406-17-000006,116,0.08833559841351134,0.48316207905460534,0.42850232264027,-0.394826480641094,0.5344827586206896,0.034482758620689655,0.43103448275862066,1901,184,72,0.0967911625460284,0.03787480273540242,-0.4375,-0.43749999829101566,116,-0.48177220642836976,0.3761494252873563,0.2857276380815458,0.04792430702194908,0.01513157894736844,2017-02-27,0.026633933659969244,0.029865336782553098,0.04380423378346987,0.01996880592670114,0.08983978653594216,0.04888065718692891,0.11276511753114768,0.1184064909636846,-0.005641373432536914,0.047896444387985015,20.442655426733705
JNJ,2018,2019-02-20,2018-12-30,item_1a,26178,0000200406-19-000009,120,0.09115852251028021,0.45786816681890435,0.4509733111131936,-0.3667096443086242,0.5,0.041666666666666664,0.4583333333333333,1874,187,69,0.09978655282817503,0.0368196371398079,-0.4609375,-0.4609374981994629,132,0.028116836332469808,-0.03448275862068961,-0.025293912235700988,0.002995390282146626,-0.0234375,2019-02-20,0.019552218125412857,-0.007652798491635027,0.019699913666626934,-0.013926526180370935,-0.02922073922241386,-0.08085262606450361,0.1038264251001322,0.28507201331228765,-0.18124558821215547,0.0376213496773663,20.587620178976024
JNJ,2019,2020-02-18,2019-12-29,item_1a,27126,0000200406-20-000010,120,0.07881198838974039,0.4758310248920073,0.4453569894656539,-0.39701903650226694,0.5083333333333333,0.03333333333333333,0.4583333333333333,1802,197,70,0.10932297447280799,0.038845726970033294,-0.4756554307116105,-0.47565542893012946,143,-0.03030939219364276,0.008333333333333304,0.01796285807310294,0.009536421644632961,-0.014717930711610483,2020-02-18,-0.08930813259655435,0.1979547214402182,0.01568857129634882,0.13446440790354952,0.012333877679227445,-0.0015130573535833136,0.5379553224288905,0.10861877476168562,0.4293365476672049,0.16671459820673262,20.58749536278157
JNJ,2021,2021-02-22,2021-01-03,item_1a,35828,0000200406-21-000008,120,0.09091185858317961,0.45891807889177777,0.450170056335628,-0.36800622030859814,0.49166666666666664,0.041666666666666664,0.4666666666666667,1878,192,62,0.10223642172523961,0.03301384451544196,-0.5118110236220472,-0.5118110216070433,173,,,,,,2021-02-22,-0.009390477490348603,-0.019068590988093437,0.05615579926635261,-0.01946899947603309,0.1154600071139833,-0.037596153441018965,0.14706973196239836,0.1760827726442172,-0.02901304068181884,0.0985095265096021,20.809949649087876
JNJ,2022,2022-02-17,2022-01-02,item_1a,41174,0000200406-22-000022,120,0.09115385916860154,0.4725435102630096,0.4363026392956575,-0.3813896510944081,0.5083333333333333,0.058333333333333334,0.43333333333333335,1984,215,59,0.10836693548387097,0.029737903225806453,-0.5693430656934306,-0.5693430636155362,201,-0.013383430785809947,0.016666666666666663,0.013625431371231844,0.006130513758631356,-0.057532042071383405,2022-02-17,0.06479718214840435,0.044867233988606925,0.053351705336398325,0.1594928810404509,0.03190179390296266,0.05885310365152796,0.20858211458604808,0.15801571637364417,0.05056639821240391,-0.0444981510692567,20.808086980170703
JNJ,2023,2023-02-16,2023-01-01,item_1a,45976,0000200406-23-000016,120,0.07667645493056625,0.4804629737433667,0.4428605750979235,-0.4037865188128004,0.5166666666666667,0.03333333333333333,0.45,1840,188,62,0.10217391304347827,0.03369565217391304,-0.504,-0.503999997984,223,-0.022396867718392333,0.008333333333333415,0.007919463480357103,-0.006193022440392701,0.06534306569343062,2023-02-16,-0.02049513862606367,0.011437211435398886,0.008719903672000706,-0.022018761895048256,0.10617686766986156,0.028990742395528235,0.167516040345321,0.1413888146928966,0.026127225652424396,-0.03636466149429185,20.85015184974433
JPM,2014,2015-02-24,2014-12-31,item_1a,59823,0000019617-15-000272,120,0.10984412911348045,0.4769268805005898,0.4132289867072056,-0.3670827513871094,0.5,0.08333333333333333,0.4166666666666667,2328,225,74,0.09664948453608248,0.03178694158075601,-0.5050167224080268,-0.5050167207190076,238,,,,,,2015-02-24,-0.01989457692426777,0.004332025617919566,0.08791342491077425,0.0887132656926598,0.003730493736112006,0.10069551179990421,0.1540176790718214,0.24230727746240802,-0.08828959839058662,0.027935584545574654,20.56147626589518
JPM,2015,2016-02-23,2015-12-31,item_1a,67522,0000019617-16-000902,120,0.0915190256666392,0.4963508047163486,0.41213016550367076,-0.40483177904970946,0.5166666666666667,0.06666666666666667,0.4166666666666667,2488,247,77,0.0992765273311897,0.03094855305466238,-0.5246913580246914,-0.5246913564052736,244,-0.037749027662600076,0.01666666666666672,0.019423924215758837,0.002627042795107226,-0.019674635616664604,2016-02-23,0.06806853783862077,0.0059941879022493705,0.13916307398923,0.06663577582474423,0.19036325980685032,0.04227981089012811,0.2238369498964065,0.3284743116258577,-0.1046373617294512,-0.09935779124428012,20.684513572867708
JPM,2016,2017-02-28,2016-12-31,item_1a,80339,0000019617-17-000314,120,0.07560603374925752,0.48072749137257537,0.44366646533211074,-0.40512145762331786,0.525,0.041666666666666664,0.43333333333333335,2545,236,61,0.09273084479371316,0.023968565815324167,-0.5892255892255892,-0.5892255872416647,275,-0.00028967857360839844,0.008333333333333304,-0.01562331334377326,-0.0065456825374765465,-0.06453423120089785,2017-02-28,-0.025932593957749384,-0.02633279815855183,-0.06883604559751832,-0.09455019579450585,0.02221391500928349,-0.02160481084574406,0.17829227180651028,0.16267646073271,0.015615811073800279,0.3862773867324256,20.722277208027265
JPM,2017,2018-02-27,2017-12-31,item_1a,95434,0000019617-18-000057,120,0.06209400552324951,0.43815842662782717,0.4997475671271483,-0.37606442110457766,0.475,0.025,0.5,1315,144,39,0.10950570342205324,0.029657794676806085,-0.5737704918032787,-0.5737704886679208,656,0.029057036518740198,-0.050000000000000044,-0.0425690647447482,0.016774858628340078,0.015455097422310549,2018-02-27,-0.07975488570536182,-0.030345927991956123,-0.0928155439989824,-0.07702823802711212,0.004935953106241842,-0.059988098176852356,0.23820591810618666,0.2212419594968004,0.016963958609386265,0.3121351900814151,20.967527872356328
JPM,2018,2019-02-26,2018-12-31,item_1a,115445,0000019617-19-000054,120,0.06299877588171512,0.5007175225298852,0.4362837040952096,-0.43771874664817007,0.5333333333333333,0.03333333333333333,0.43333333333333335,1318,163,41,0.1236722306525038,0.03110773899848255,-0.5980392156862745,-0.5980392127547097,740,-0.0616543255435924,0.05833333333333335,0.06255909590205805,0.01416652723045056,-0.024268723882995835,2019-02-26,-0.05423116807755701,-0.059822178493444844,0.03856367066828814,0.031174574888136908,0.030013795643353047,-0.010639848842713073,0.1986793045583829,0.22391466750535371,-0.02523536294697082,-0.06314106824833787,21.141410254448772
JPM,2019,2020-02-25,2019-12-31,item_1a,113440,0000019617-20-000257,120,0.06072790513280779,0.47962415632015715,0.45964793746049204,-0.41889625118734936,0.4666666666666667,0.03333333333333333,0.5,1395,147,29,0.1053763440860215,0.02078853046594982,-0.6704545454545454,-0.6704545416451446,729,0.01882249546082071,-0.06666666666666665,-0.02109336620972807,-0.01829588656648229,-0.07241532976827092,2020-02-25,-0.27348313468434016,-0.06747384276635537,-0.23320360704466558,-0.1954255546551762,-0.1914704695761138,-0.2995929414498899,0.9086809377995919,0.17000056385705378,0.7386803739425382,0.23320449194560045,20.936804630083596
JPM,2020,2021-02-23,2020-12-31,item_1a,130001,0000019617-21-000236,120,0.06882663577950249,0.4509258744462083,0.48024749658070504,-0.3820992386667058,0.48333333333333334,0.041666666666666664,0.475,1342,145,35,0.10804769001490314,0.02608047690014903,-0.6111111111111112,-0.6111111077160494,800,0.036797012520643546,0.016666666666666663,-0.02869828187394885,0.00267134592888163,0.059343434343434254,2021-02-23,6.644151665513576e-05,-0.0032602891882138607,0.09224626339066555,0.006974563561298108,0.05259426825762348,-0.10919367965257276,0.2134646211712521,0.25465301863682066,-0.04118839746556857,0.5598483051124516,21.2945767826079
JPM,2021,2022-02-22,2021-12-31,item_1a,127555,0000019617-22-000272,120,0.09264852992879848,0.4287668248716121,0.47858463958837094,-0.3361182949428136,0.43333333333333335,0.06666666666666667,0.5,1395,148,33,0.1060931899641577,0.023655913978494623,-0.6353591160220995,-0.6353591125118281,790,0.04598094372389222,-0.04999999999999999,-0.02215904957459619,-0.0019545000507454335,-0.02424800491098833,2022-02-22,-0.07960767662871526,-0.11594308176230972,-0.17348007235921103,-0.10034431507997443,-0.2269330825804735,-0.19398798528740546,0.3422055707615217,0.2645382081565774,0.07766736260494428,-0.004819968164918476,21.391265455581422
JPM,2022,2023-02-21,2022-12-31,item_1a,123581,0000019617-23-000231,120,0.08389293784663703,0.49748591156676414,0.41862113896446923,-0.4135929737201271,0.5166666666666667,0.06666666666666667,0.4166666666666667,1444,173,49,0.11980609418282548,0.03393351800554017,-0.5585585585585585,-0.558558556042529,772,-0.07747467877731351,0.08333333333333337,0.06871908669515203,0.013712904218667776,0.07680055746354097,2023-02-21,-0.08916421879033198,-0.07542399556298651,-0.003700570657159452,-0.0570677022754994,0.06382563357420623,-0.04233083221514544,0.3086363572782771,0.1795447075788457,0.1290916496994314,0.18852931648133686,21.093565601954655
JPM,2023,2024-02-16,2023-12-31,item_1a,132058,0000019617-24-000225,120,0.08370139371448507,0.4102415647978584,0.5060570386548837,-0.32654017108337335,0.4166666666666667,0.058333333333333334,0.525,1655,183,51,0.11057401812688822,0.03081570996978852,-0.5641025641025641,-0.5641025616918695,790,0.08705280263675375,-0.10000000000000003,-0.08724434676890575,-0.00923207605593726,-0.005544005544005581,2024-02-16,0.08244427359838169,0.046804648168003116,0.1505588561541733,0.08732705556211462,0.21715657358969653,0.08973234866414437,0.19235188169800957,0.11930406590816547,0.0730478157898441,0.21389278082440155,21.039478620603997
KO,2014,2015-02-25,2014-12-31,item_1a,56285,0000021344-15-000005,120,0.10718813849768291,0.47990586833329874,0.4129059901461005,-0.3727177298356158,0.5083333333333333,0.06666666666666667,0.425,1859,183,56,0.0984400215169446,0.03012372243141474,-0.5313807531380753,-0.5313807509147249,261,,,,,,2015-02-25,-0.03246619500255432,-0.006743469757295784,-0.014002161152519066,-0.02354469193691766,-0.0815400309116997,0.02529298396484514,0.1305939580975943,0.16502249142025538,-0.034428533322661076,0.03915972535698997,20.137007451694835
KO,2015,2016-02-25,2015-12-31,item_1a,62707,0000021344-16-000050,120,0.1006358734332025,0.5066601718349072,0.392703960215052,-0.4060242984017047,0.55,0.075,0.375,1996,185,70,0.09268537074148296,0.03507014028056112,-0.45098039215686275,-0.4509803903883122,287,-0.03330656856608888,0.04166666666666674,0.026754303501608456,-0.005754650775461639,0.08040036098121256,2016-02-25,0.04522655229722816,0.00048682448708525783,0.012819573859567335,-0.06296782470883144,0.008398386345670472,-0.11726660518640464,0.16136769936438353,0.14895846088169837,0.012409238482685159,0.16284753945483077,20.144828375306407
KO,2016,2017-02-24,2016-12-31,item_1a,64632,0000021344-17-000009,120,0.11690697521747401,0.4208154653936314,0.4622775644529611,-0.3039084901761574,0.45,0.08333333333333333,0.4666666666666667,2146,203,78,0.0945945945945946,0.036346691519105315,-0.44483985765124556,-0.44483985606818555,296,0.10211580822554728,-0.10000000000000003,-0.08584470644127579,0.0019092238531116384,0.00614053450561719,2017-02-24,0.0218648388437086,0.03075082540526808,0.09647694634651782,0.07082969512701087,0.10550055010900317,0.06534487226484131,0.07197266241674354,0.12473572955916985,-0.05276306714242632,-0.03408332173369599,20.048799252743503
KO,2017,2018-02-23,2017-12-31,item_1a,62260,0000021344-18-000008,120,0.13117080689407884,0.5021035877522081,0.3667256069835275,-0.37093278085812925,0.5416666666666666,0.1,0.35833333333333334,1868,176,68,0.09421841541755889,0.03640256959314775,-0.4426229508196721,-0.44262294900564364,289,-0.06702429068197185,0.09166666666666662,0.08128812235857669,-0.0003761791770357098,0.0022169068315734397,2018-02-23,-0.022097035085360206,0.008983830107893831,-0.03057301440459237,-0.02759723198285946,0.05617653571234671,0.006986124042304809,0.1375496391147105,0.1621177612001843,-0.02456812208547382,-0.0301331683826066,19.970024409417185
KO,2018,2019-02-21,2018-12-31,item_1a,69485,0000021344-19-000014,120,0.1348620702434952,0.48715968466131016,0.3779782473730544,-0.352297614417815,0.525,0.10833333333333334,0.36666666666666664,1790,148,74,0.08268156424581005,0.041340782122905026,-0.3333333333333333,-0.33333333183183184,311,0.018635166440314266,-0.016666666666666607,-0.014943903090897936,-0.011536851171748838,0.10928961748633881,2019-02-21,0.010269725474035374,-0.0007603488277305726,0.09209446386977516,0.057964789713087495,0.19926531167802009,0.13529442221553944,0.12976572223841923,0.24151516106450346,-0.11174943882608424,-0.016238730525774514,20.088872357296975
KO,2019,2020-02-24,2019-12-31,item_1a,75339,0000021344-20-000006,120,0.11368981268412123,0.47565340482785057,0.41065677991136906,-0.3619635921437293,0.5083333333333333,0.08333333333333333,0.4083333333333333,2007,181,73,0.09018435475834578,0.036372695565520675,-0.4251968503937008,-0.42519684871969743,331,-0.009665977725914321,-0.01666666666666672,-0.011506279833459587,0.007502790512535731,-0.0918635170603675,2020-02-24,-0.321466769869333,-0.0800419062494181,-0.22549185607205602,-0.14720057510389895,-0.17940411156821956,-0.2431683628782838,0.5818950536408031,0.10939373718465592,0.4725013164561471,0.12794924318321743,20.194435756594125
KO,2020,2021-02-25,2020-12-31,item_1a,84715,0000021344-21-000008,120,0.11393429025386771,0.4872801747134266,0.3987855368449042,-0.37334588445955885,0.5166666666666667,0.08333333333333333,0.4,2044,178,77,0.08708414872798434,0.03767123287671233,-0.396078431372549,-0.3960784298193003,361,-0.011382292315829545,0.008333333333333415,0.011626769885576038,-0.0031002060303614437,0.02911841902115181,2021-02-25,0.06600517243340343,0.026910776224566835,0.10600040427268187,0.006315509320019563,0.13539391196152017,-0.04644850353666863,0.13710769213534968,0.18736648314197282,-0.050258791006623144,0.07403167951847567,20.475274629802325
KO,2021,2022-02-22,2021-12-31,item_1a,135212,0000021344-22-000009,120,0.1268301399036621,0.30979497665539385,0.5633748876862228,-0.18296483675173172,0.30833333333333335,0.1,0.5916666666666667,1705,126,70,0.07390029325513196,0.04105571847507331,-0.2857142857142857,-0.28571428425655976,637,0.19038104770782713,-0.20833333333333337,-0.17748519805803276,-0.013183855472852377,0.1103641456582633,2022-02-22,-0.022762516320587567,-0.05909792145418202,0.017038875381069518,0.09017463266030612,0.04736467445690673,0.08030977174997478,0.2569757882885468,0.17680450007468365,0.08017128821386313,0.12112711623994343,20.476784644440162
KO,2022,2023-02-21,2022-12-31,item_1a,140096,0000021344-23-000011,120,0.13960423665121197,0.3168932008052555,0.5435025574328999,-0.17728896415404355,0.3333333333333333,0.1,0.5666666666666667,1920,135,90,0.0703125,0.046875,-0.2,-0.1999999991111111,645,0.005675872597688175,0.024999999999999967,0.007098224149861665,-0.003587793255131963,0.08571428571428569,2023-02-21,0.011883158550830109,0.02562338177817558,0.036485361213637324,-0.016881770404702623,0.01975958473856254,-0.08639688105078913,0.10432273495499564,0.15375202040164435,-0.04942928544664871,-0.06489089795314784,20.584514350321495
KO,2023,2024-02-20,2023-12-31,item_1a,144032,0000021344-24-000009,120,0.12677040336808812,0.3123268112113389,0.5609027846405904,-0.18555640784325078,0.30833333333333335,0.1,0.5916666666666667,1787,152,62,0.08505875769445999,0.03469501958589815,-0.4205607476635514,-0.42056074569831425,665,-0.008267443689207232,-0.024999999999999967,-0.004566389593916642,0.014746257694459988,-0.22056074766355138,2024-02-20,0.00882893041084798,-0.042175669693587325,0.03905225196542661,-0.03129744318042982,0.16108073367642195,0.02925860134350522,0.10540148650251702,0.1134360901458997,-0.008034603643382682,-0.004490375360924115,20.474184937609003
META,2014,2015-01-29,2014-12-31,item_1a,92951,0001326801-15-000006,120,0.10313324660528451,0.40728835155023263,0.48957840230626365,-0.30415510494494813,0.43333333333333335,0.06666666666666667,0.5,1511,134,46,0.08868299139642621,0.03044341495698213,-0.4888888888888889,-0.48888888617283954,517,,,,,,2015-01-29,0.02243577409627151,-0.02707155782860693,0.009871709027415854,-0.02676646936688809,0.22064097531845972,0.16716736839150448,0.2146319702713818,0.25534107718064,-0.040709106909258164,0.03432376054246955,21.74835707493634
META,2015,2016-01-28,2015-12-31,item_1a,98566,0001326801-16-000043,120,0.09202105385096122,0.47154302265650283,0.4364359196896354,-0.3795219688055416,0.48333333333333334,0.058333333333333334,0.4583333333333333,1582,176,65,0.11125158027812895,0.04108723135271808,-0.4605809128630705,-0.4605809109519464,544,-0.07536686386059349,0.04999999999999999,0.0642546711062702,0.02256858888170274,0.02830797602581836,2016-01-28,-0.020071494413537394,-0.04360330788521827,0.06983768942605617,-0.03280087393611031,0.14563272936885951,-0.012535404835913644,0.3031698093279624,0.29592055872986417,0.0072492505980982225,-0.008815113136344976,21.5454453649115
META,2016,2017-02-03,2016-12-31,item_1a,105463,0001326801-17-000007,120,0.11140420566468189,0.3712528677424416,0.5173429320255916,-0.2598486620777597,0.39166666666666666,0.08333333333333333,0.525,1654,136,52,0.08222490931076179,0.03143893591293833,-0.44680851063829785,-0.44680850826165686,570,0.11967330672778193,-0.09166666666666667,-0.10029015491406124,-0.029026670967367163,0.013772402224772662,2017-02-03,0.04825177044086515,0.014851367591109499,0.14704554375392287,0.09732525245542889,0.2950070394562121,0.2062385527495496,0.10403556638188513,0.2415775940811652,-0.13754202769928006,0.0679944341719092,21.58508156255353
META,2017,2018-02-01,2017-12-31,item_1a,109523,0001326801-18-000009,120,0.12268389474290113,0.44967741826161123,0.4276386855480572,-0.3269935235187101,0.475,0.10833333333333334,0.4166666666666667,1609,139,70,0.08638906152889994,0.0435052827843381,-0.33014354066985646,-0.3301435390902223,590,-0.06714486144095039,0.08333333333333331,0.07842455051916963,0.004164152218138151,0.11666496996844139,2018-02-01,-0.06572093808201718,-0.03237373070585747,-0.09876236737785604,-0.03516353284683427,-0.0865920329178661,-0.09800636000384688,0.39598197337239766,0.20873028027810014,0.1872516930942975,0.1002590837912698,21.566131283568033
META,2018,2019-01-31,2018-12-31,item_1a,115794,0001326801-19-000009,120,0.12580341968374947,0.40814686599575606,0.4660497151625653,-0.2823434463120066,0.4083333333333333,0.11666666666666667,0.475,1689,140,53,0.08288928359976318,0.03137951450562463,-0.45077720207253885,-0.4507771997369057,602,0.0446500772067035,-0.06666666666666665,-0.04153055226585517,-0.003499777929136763,-0.12063366140268239,2019-01-31,0.004079379087770452,-0.031003573229654524,0.1550184368985812,0.07154303090779601,0.15621807502175344,0.05378775423538529,0.2346562748853772,0.4138876848532058,-0.17923140996782863,-0.12065932877344832,22.01510464856702
META,2019,2020-01-30,2019-12-31,item_1a,139889,0001326801-20-000013,120,0.12247549584911516,0.4262074400476801,0.45131705920211973,-0.3037319441985649,0.44166666666666665,0.09166666666666666,0.4666666666666667,1594,148,64,0.09284818067754078,0.04015056461731493,-0.39622641509433965,-0.39622641322534713,704,-0.021388497886558333,0.033333333333333326,0.018060574051924017,0.009958897077777598,0.054550786978199206,2020-01-30,-0.0624731261709609,-0.005740798317652174,-0.023003813999199596,0.08530909759651573,0.1191714416038363,0.12033426734906971,0.6570700013702674,0.17440327709672523,0.4826667242735422,0.13291738540424158,21.666626225451445
META,2020,2021-01-28,2020-12-31,item_1a,162222,0001326801-21-000014,120,0.16461601414872953,0.377547489417096,0.45783649004685384,-0.21293147526836645,0.39166666666666666,0.15,0.4583333333333333,1940,186,66,0.09587628865979382,0.03402061855670103,-0.47619047619047616,-0.47619047430083145,790,0.09080046893019847,-0.04999999999999999,-0.04865995063058409,0.003028107982253045,-0.07996406109613652,2021-01-28,-0.0003398029491410437,-0.03198452317488343,0.24343401956103294,0.12743204148316223,0.3521507493671534,0.17761575171442479,0.3217338445379791,0.3863108768836908,-0.06457703234571172,0.18260042685346667,22.307616661431545
META,2021,2022-02-03,2021-12-31,item_1a,170194,0001326801-22-000018,120,0.1282161974813789,0.44260163299040867,0.4291821646193663,-0.31438543550902975,0.45,0.11666666666666667,0.43333333333333335,1805,175,63,0.09695290858725762,0.034903047091412745,-0.47058823529411764,-0.4705882333168562,821,-0.1014539602406633,0.05833333333333335,0.06505414357331268,0.001076619927463801,0.0056022408963585235,2022-02-03,-0.21151575368357656,-0.15067813536395924,-0.12399058486694226,-0.05344766597517259,-0.2971483530865243,-0.22985346142345497,0.618016187971984,0.32583083753261816,0.29218535043936583,-0.10007806181627887,22.39640165626651
META,2022,2023-02-02,2022-12-31,item_1a,168705,0001326801-23-000013,120,0.16858999482356013,0.4061452763310323,0.4252647229935974,-0.2375552815074722,0.4166666666666667,0.16666666666666666,0.4166666666666667,1862,160,45,0.08592910848549946,0.024167561761546726,-0.5609756097560976,-0.5609756070196312,802,0.07683015400155754,-0.033333333333333326,-0.036456356659376354,-0.011023800101758158,-0.09038737446197997,2023-02-02,-0.02050102026038847,0.009035034385383223,0.2370611543032939,0.26130378275263655,0.6460776076329051,0.5659365517044603,0.43028085437434255,0.4671622473881761,-0.03688139301383353,-0.04413517939144296,22.306327628740405
META,2023,2024-02-02,2023-12-31,item_1a,182302,0001326801-24-000012,120,0.09579670479676376,0.4617812532853956,0.44242203574006755,-0.3659845484886318,0.5,0.06666666666666667,0.43333333333333335,1752,175,58,0.09988584474885845,0.033105022831050226,-0.5021459227467812,-0.5021459205916484,840,-0.1284292669811596,0.08333333333333331,0.055635976954363286,0.013956736263358985,0.058829687009316456,2024-02-02,0.03315889968098995,0.007205585032719286,-0.04747552981467318,-0.08495620329092413,0.0036162468290199534,-0.04960883422917961,0.36441839290809347,0.22641586883213813,0.13800252407595534,0.2560212630166032,22.454698734659708
MRK,2014,2015-02-27,2014-12-31,item_1a,51568,0000310158-15-000005,120,0.10592296842175225,0.45062791483166315,0.44344911850057545,-0.3447049464099109,0.49166666666666664,0.08333333333333333,0.425,1780,147,71,0.08258426966292134,0.039887640449438204,-0.3486238532110092,-0.3486238516118172,286,,,,,,2015-02-27,0.00464826762348669,0.01167576139945481,0.0485606346409766,0.041808225067345495,-0.04653193082275919,-0.0013079827304537384,0.17738861880490148,0.2071677679486328,-0.029779149143731337,-0.005996414568586128,20.119158900496302
MRK,2015,2016-02-26,2015-12-31,item_1a,44386,0000310158-16-000063,120,0.11656404926131168,0.4108008714353976,0.4726350788337489,-0.2942368221740859,0.4166666666666667,0.08333333333333333,0.5,1647,135,62,0.08196721311475409,0.03764420157862781,-0.37055837563451777,-0.3705583737535108,247,0.050468124235824974,-0.07499999999999996,-0.03982704339626553,-0.0006170565481672524,-0.021934522423508573,2016-02-26,0.0621347007251869,0.005299504314142167,0.12328894168828497,0.04471088571960147,0.25154848485906545,0.1240644649975764,0.1505403738541945,0.2230515706732541,-0.0725111968190596,0.013945945482792155,20.180786000634207
MRK,2016,2017-02-28,2016-12-31,item_1a,45289,0000310158-17-000010,120,0.12001852089694391,0.4238409535648922,0.4561405295971781,-0.3038224326679483,0.475,0.08333333333333333,0.44166666666666665,1560,128,70,0.08205128205128205,0.04487179487179487,-0.29292929292929293,-0.2929292914498521,258,-0.009585610493862362,0.05833333333333329,0.01304008212949459,8.406893652795899e-05,0.07762908270522484,2017-02-28,-0.026882371362697444,-0.02728257556349989,-0.007921535946060931,-0.03363568614304846,-0.02465616355740785,-0.0684748894124354,0.10129555777169215,0.18198148915729584,-0.08068593138560369,0.07255884459614514,20.070647781622842
MRK,2017,2018-02-27,2017-12-31,item_1a,52113,0000310158-18-000005,120,0.1282653329350675,0.44919574798550455,0.42253891653381287,-0.32093041505043707,0.475,0.10833333333333334,0.4166666666666667,1681,123,77,0.07317073170731707,0.04580606781677573,-0.23,-0.22999999885,299,-0.017107982382488784,0.0,0.025354794420612337,-0.008880550343964982,0.06292929292929292,2018-02-27,0.01556535190949826,0.06497430962290396,0.07658387745805117,0.09237118342992146,0.28163607546883296,0.21671202418573876,0.20453899269178893,0.21813209167337685,-0.01359309898158792,-0.09191889774748419,20.14739463718214
MRK,2018,2019-02-27,2018-12-31,item_1a,51868,0000310158-19-000014,120,0.13773981702979654,0.37548085884191096,0.48677932388770084,-0.23774104181211442,0.4,0.11666666666666667,0.48333333333333334,1657,141,76,0.08509354254677128,0.045866022933011466,-0.2995391705069124,-0.2995391691265476,286,0.08318937323832265,-0.07499999999999996,-0.07371488914359359,0.011922810839454206,-0.06953917050691241,2019-02-27,0.03188684023617161,0.022050084020394323,-0.008949185407001403,-0.010008340408169003,0.07510988199170221,0.03809382898471214,0.17270585254745457,0.21608036928062538,-0.043374516733170804,0.18690352825798917,20.335562202870587
MRK,2019,2020-02-26,2019-12-31,item_1a,62743,0000310158-20-000005,120,0.12232674443318198,0.40099426701975366,0.47667899541556835,-0.2786675225865717,0.4083333333333333,0.08333333333333333,0.5083333333333333,1661,124,69,0.07465382299819386,0.041541240216736906,-0.2849740932642487,-0.284974091787699,352,-0.04092648077445726,0.008333333333333304,0.0255134081778427,-0.01043971954857742,0.014565077242663704,2020-02-26,-0.07258632645438745,0.08395975633865527,-0.02188307025309144,-0.0020266436553724176,0.08924822847522962,-0.026856826817113877,0.532713117733766,0.16688167856694663,0.3658314391668193,-0.04217656861721275,20.409703028815407
MRK,2020,2021-02-25,2020-12-31,item_1a,70699,0000310158-21-000004,120,0.10419871777606507,0.4443260654263819,0.45147521812468766,-0.3401273476503169,0.48333333333333334,0.06666666666666667,0.45,1685,127,54,0.07537091988130563,0.032047477744807124,-0.40331491712707185,-0.4033149148988126,391,-0.0614598250637452,0.07500000000000001,0.043331798406628264,0.0007170968831117785,-0.11834082386282313,2021-02-25,0.04623369428028301,0.0071392980714464205,0.044070917863045844,-0.05561397708961646,0.1013046614566191,-0.08053775404156971,0.18466763688065277,0.17306472758756133,0.011602909293091435,-0.11372613368121909,20.40262173732666
MRK,2021,2022-02-25,2021-12-31,item_1a,71396,0000310158-22-000003,120,0.130994003949066,0.42841988414681204,0.4405861126258969,-0.2974258801977461,0.48333333333333334,0.1,0.4166666666666667,1669,141,66,0.08448172558418214,0.039544637507489516,-0.36231884057971014,-0.3623188388293776,382,0.04270146745257081,0.0,-0.015906181279569886,0.009110805702876507,0.040996076547361704,2022-02-25,0.07353763238445277,0.02881730208210187,0.22027173721645443,0.29150160964847005,0.18960967242336801,0.25682753453436125,0.17541073106686828,0.2192850796733345,-0.04387434860646622,-0.028513907529966076,20.5845641766128
MRK,2022,2023-02-24,2022-12-31,item_1a,72884,0001628280-23-005061,120,0.09253016429332396,0.4791674456559122,0.4283023903456827,-0.3866372813625882,0.525,0.058333333333333334,0.4166666666666667,1689,145,66,0.08584961515689757,0.03907637655417407,-0.3744075829383886,-0.3744075811639451,386,-0.08921140116484211,0.041666666666666685,0.05074756150910015,0.0013678895727154278,-0.012088742358678461,2023-02-24,-0.02017091219812228,-0.02426601415536378,0.029035776395405888,-0.0210488045017998,0.016631867228500852,-0.10171343105352615,0.2020947713555482,0.1873950713790823,0.014699699976465919,0.24412624599047383,20.566438100109778
MRK,2023,2024-02-26,2023-12-31,item_1a,69512,0001628280-24-006850,120,0.11114580605644733,0.4450102875552451,0.44384390575190386,-0.3338644814987977,0.475,0.075,0.45,1707,135,58,0.07908611599297012,0.03397773872290568,-0.39896373056994816,-0.3989637285027786,372,0.052772799863790465,-0.050000000000000044,-0.03415715810066711,-0.006763499163927447,-0.024556147631559555,2024-02-26,-0.019588765548611553,-0.048111232283263305,0.011420076627410625,-0.03817603082401888,-0.08640558986608105,-0.2017385328858271,0.16888452074333357,0.1652190850980957,0.003665435645237858,0.1794808795571381,20.443851154617295
MS,2015,2016-02-23,2015-12-31,item_1a,50293,0001193125-16-473553,120,0.08646899091545493,0.3147673170315102,0.5987636914476753,-0.22829832611605524,0.325,0.058333333333333334,0.6166666666666667,1201,125,26,0.10407993338884262,0.02164862614487927,-0.6556291390728477,-0.6556291347309329,396,,,,,,2016-02-23,0.0657951471195033,0.0037207971831318964,0.13778544705579843,0.06525814889131265,0.30660028607289536,0.15851683715617315,0.3210155279325562,0.3971979828508908,-0.07618245491833459,-0.3143297747365801,19.714682971303706
MS,2016,2017-02-27,2016-12-31,item_1a,57175,0001193125-17-059212,120,0.06505264083389192,0.3142256035236642,0.6207217570704718,-0.24917296268977224,0.31666666666666665,0.03333333333333333,0.65,1138,116,26,0.10193321616871705,0.022847100175746926,-0.6338028169014085,-0.6338028124380084,441,-0.020874636573716993,-0.00833333333333336,-0.0005417135078459867,-0.002146717220125577,0.021826322171439205,2017-02-27,-0.07308026868857664,-0.06984886556599279,-0.06121328805949566,-0.0850487159162644,0.012078744880591685,-0.02888038446842156,0.2384034278383466,0.23397659693515827,0.004426830903188322,0.488572293772334,19.767141047524834
MSFT,2014,2014-07-31,2014-06-30,item_1a,38057,0001193125-14-289961,120,0.14945372213454297,0.38558106832982353,0.4649652063536147,-0.23612734619528056,0.4,0.125,0.475,965,98,32,0.10155440414507771,0.03316062176165803,-0.5076923076923077,-0.5076923037869823,351,,,,,,2014-07-31,0.059169294978471676,0.019705841379017652,0.08691264495337747,0.056118345396457325,-0.05216144966584746,-0.09565547662943896,0.18631250567265867,0.14981823235280367,0.036494273319855,0.20612493780119356,20.97311170226662
MSFT,2015,2015-07-31,2015-06-30,item_1a,39119,0001193125-15-272806,120,0.16435613750557726,0.37052689656071985,0.4651169655378908,-0.2061707590551426,0.38333333333333336,0.13333333333333333,0.48333333333333334,1043,110,41,0.10546500479386385,0.039309683604985615,-0.45695364238410596,-0.45695363935792294,355,0.029956587140137964,-0.016666666666666663,-0.015054171769103675,0.003910600648786136,0.0507386653082017,2015-07-31,-0.06194910175681423,-0.0009989432579536883,0.15014676349229372,0.15292227589659046,0.18719416344333606,0.25695565874053716,0.3495968957312267,0.18651077251750678,0.16308612321371993,0.1311709288724474,21.052299565774447
MSFT,2016,2016-07-28,2016-06-30,item_1a,42931,0001193125-16-662209,120,0.12778894452300543,0.40223208608804273,0.46997896979252496,-0.2744431415650373,0.4166666666666667,0.10833333333333334,0.475,1015,103,38,0.10147783251231528,0.0374384236453202,-0.46099290780141844,-0.46099290453196523,388,-0.0682723825098947,0.033333333333333326,0.031705189527322875,-0.003987172281548573,-0.0040392654173124765,2016-07-28,0.038812734470084376,0.03641401958032575,0.08535606999415046,0.09435313083087205,0.1855027409284653,0.11762919957098328,0.14533110079762268,0.23100758351414544,-0.08567648271652276,0.1126373160766172,21.178694301280448
MSFT,2017,2017-08-02,2017-06-30,item_1a,44881,0001564590-17-014900,120,0.15571481577741603,0.44258020816293236,0.40170497315314907,-0.28686539238551634,0.475,0.11666666666666667,0.4083333333333333,1419,130,61,0.0916138125440451,0.04298801973220578,-0.3612565445026178,-0.3612565426112223,285,-0.012422250820479042,0.05833333333333329,0.040348122074889636,-0.009864019968270174,0.09973636329880065,2017-08-02,0.040248418842965705,0.04004641728924918,0.15725427283584836,0.11285501247230623,0.3179925538779309,0.1685265879468727,0.1717356827024202,0.15923885104866273,0.012496831653757479,0.13594106947803453,21.06957048227428
MSFT,2018,2018-08-03,2018-06-30,item_1a,54542,0001564590-18-019062,120,0.14794822283244383,0.4510375701317874,0.4010142007532219,-0.3030893472993436,0.49166666666666664,0.13333333333333333,0.375,1492,149,57,0.09986595174262734,0.03820375335120643,-0.44660194174757284,-0.44660193957960226,338,-0.016223954913827277,0.016666666666666663,0.008457361968855048,0.00825213919858224,-0.08534539724495505,2018-08-03,0.0379476016205158,0.016050679433443626,-0.015849628046593955,0.015362881021722341,0.0005327239284007579,0.027548679424769684,0.275717966119378,0.1676401463403424,0.10807781977903558,0.15153551825844658,21.49582119666474
MSFT,2019,2019-08-01,2019-06-30,item_1a,56587,0001564590-19-027952,120,0.12215525758995985,0.47829520067510506,0.3995495377729336,-0.3561399430851452,0.5083333333333333,0.1,0.39166666666666666,1548,166,51,0.10723514211886305,0.03294573643410853,-0.5299539170506913,-0.5299539146085073,346,-0.05305059578580157,0.016666666666666663,0.027257630543317646,0.007369190376235707,-0.08335197530311844,2019-08-01,0.0018766505308294157,0.00998293372569925,0.05093113731531962,0.014624934596335404,0.24132985214050673,0.13969912640163584,0.22302580016980258,0.20668142731024342,0.01634437285955917,0.29120665170716475,21.84652437113562
MSFT,2020,2020-07-30,2020-06-30,item_1a,64201,0001564590-20-034944,120,0.12072383561947693,0.43948478509361544,0.4397913691122085,-0.3187609494741385,0.49166666666666664,0.075,0.43333333333333335,1428,158,44,0.11064425770308123,0.03081232492997199,-0.5643564356435643,-0.5643564328497206,407,0.03737899361100666,-0.016666666666666663,-0.03881041558148962,0.003409115584218178,-0.03440251859287302,2020-07-30,0.12537197160390967,0.043201112895466354,-0.003580314195860579,-0.015950935915372666,0.14335187107682246,-0.008442260337467422,0.34704543954354705,0.27690717632597833,0.07013826321756872,0.2210617928633587,22.35570242543611
MSFT,2021,2021-07-29,2021-06-30,item_1a,68800,0001564590-21-039151,120,0.10246137817933534,0.39148882242540517,0.5060498021698246,-0.28902744424606985,0.43333333333333335,0.041666666666666664,0.525,1393,127,40,0.09117013639626705,0.028715003589375447,-0.5209580838323353,-0.5209580807128259,435,0.02973350522806867,-0.05833333333333329,-0.04799596266821027,-0.019474121306814182,0.043398351811228975,2021-07-29,0.04814585905779989,0.026359744607469482,0.13015238076598679,0.09669208754919456,0.05048363479145812,0.06525414185319178,0.1941201099412262,0.17035251749862096,0.023767592442605234,0.23461412506701018,22.554229638721893
MSFT,2022,2022-07-28,2022-06-30,item_1a,70356,0001564590-22-026876,120,0.11042845149058848,0.3977157393625627,0.4918558119330555,-0.2872872878719742,0.44166666666666665,0.06666666666666667,0.49166666666666664,1363,131,36,0.09611151870873075,0.02641232575201761,-0.5688622754491018,-0.5688622720427409,439,0.001740156374095636,0.008333333333333304,0.006226916937157545,0.004941382312463702,-0.04790419161676651,2022-07-28,-0.028041681643448557,-0.026170136877724515,-0.16135088063481373,-0.10598903886858757,-0.09776220573480321,-0.10551215796704383,0.3380773037109245,0.3806002519104089,-0.042522948199484434,-0.0643597281192223,22.824792221789156
NFLX,2014,2015-01-29,2014-12-31,item_1a,44783,0001065280-15-000006,120,0.13141324830551943,0.3785376206971705,0.49004913029881814,-0.24712437239165108,0.39166666666666666,0.1,0.5083333333333333,1443,158,44,0.1094941094941095,0.030492030492030493,-0.5643564356435643,-0.5643564328497206,269,,,,,,2015-01-29,0.0821315131892848,0.03262418126440636,0.2539431574019857,0.21730497900768175,0.7596214304151696,0.7061478234882144,0.4516305199689226,0.4832014265152146,-0.031570906546291966,0.042849035231935506,20.670038717263335
NFLX,2015,2016-01-28,2015-12-31,item_1a,46690,0001065280-16-000047,120,0.11218978819282105,0.4490863508312032,0.4387238555587828,-0.33689656263838214,0.5,0.08333333333333333,0.4166666666666667,1513,190,42,0.1255783212161269,0.02775941837409121,-0.6379310344827587,-0.6379310317330559,274,-0.08977219024673105,0.10833333333333334,0.07054873013403268,0.01608421172201739,-0.07357459883919437,2016-01-28,-0.010592138717440469,-0.03412395218912134,-0.043745377341281144,-0.14638394070344762,-0.02923419376488512,-0.18740232796965828,0.4780741554493717,0.49889844756842766,-0.020824292119055954,-0.14733394491009588,21.1547821613266
NFLX,2016,2017-01-27,2016-12-31,item_1a,48155,0001628280-17-000496,120,0.1091512179778268,0.4299285542491513,0.46092022544083494,-0.3207773362713245,0.45,0.075,0.475,1520,199,51,0.13092105263157894,0.03355263157894737,-0.592,-0.5919999976320001,283,0.01611922636705765,-0.04999999999999999,-0.01915779658205191,0.005342731415452051,0.045931034482758704,2017-01-27,-0.002246373342911334,-0.035002040728355444,0.06844509577414115,0.024134535936402246,0.2919620552100104,0.20363801645716073,0.2119520078525204,0.2481942692705617,-0.036242261418041294,0.5097782696966788,20.72271107603841
NFLX,2017,2018-01-29,2017-12-31,item_1a,56174,0001065280-18-000069,120,0.1325057311837251,0.3718349647630627,0.4956593029511472,-0.2393292335793376,0.39166666666666666,0.10833333333333334,0.5,1612,199,47,0.12344913151364764,0.02915632754342432,-0.6178861788617886,-0.6178861763500562,322,0.08144810269198688,-0.05833333333333335,-0.05809358948608856,-0.007471921117931296,-0.025886178861788678,2018-01-29,0.023858915043732276,0.06962947465929537,0.09793038026603496,0.16506041226030765,0.17699141971241028,0.1852345407728453,0.4718847429284939,0.32673670549380557,0.14514803743468835,0.5031749294950263,20.665544318657265
NFLX,2018,2019-01-29,2018-12-31,item_1a,59339,0001065280-19-000043,120,0.10224018082177887,0.4306776696466841,0.46708214551520844,-0.3284374888249052,0.4666666666666667,0.06666666666666667,0.4666666666666667,1587,179,56,0.11279143037177064,0.03528670447385003,-0.5234042553191489,-0.5234042530918968,333,-0.08910825524556759,0.07500000000000001,0.058842704883621366,-0.010657701141877002,0.09448192354263973,2019-01-29,0.08878084639191552,0.030810912076094432,0.12660387783875438,0.005480815384777404,-0.0090301274101946,-0.16127799550411648,0.2982534083555554,0.5714767434525115,-0.2732233350969561,-0.07554590759205704,21.94140760472568
NFLX,2019,2020-01-29,2019-12-31,item_1a,63641,0001065280-20-000040,120,0.09304097395700713,0.4246949750930071,0.482264049227039,-0.33165400113599997,0.4583333333333333,0.05,0.49166666666666664,1611,179,53,0.1111111111111111,0.032898820608317815,-0.5431034482758621,-0.5431034459348989,356,-0.0032165123110947658,-0.00833333333333336,-0.005982694553677004,-0.0016803192606595352,-0.019699192956713185,2020-01-29,0.07538751145820877,0.16833989162960594,0.20028549087823277,0.2972968293719652,0.411819535793301,0.40615269777390584,0.5976493346949993,0.3067808668188837,0.29086846787611553,0.047550367016983675,21.438459042925746
NFLX,2020,2021-01-28,2020-12-31,item_1a,69618,0001065280-21-000040,120,0.11297710828172663,0.4085339599327805,0.47848892893331746,-0.2955568516510539,0.38333333333333336,0.09166666666666666,0.525,1614,177,37,0.10966542750929369,0.02292441140024783,-0.6542056074766355,-0.6542056044196,380,0.03609714948494608,-0.07499999999999996,-0.016161015160226555,-0.0014456836018174185,-0.11110215920077338,2021-01-28,0.022354224879871154,-0.00929049534587123,-0.05495727907407022,-0.17095925715194094,-0.04520982817855812,-0.21974482583128674,0.31586280169785563,0.5046484379374244,-0.1887856362395688,0.07117555938830833,21.7027684143023
NFLX,2021,2022-01-27,2021-12-31,item_1a,68255,0001065280-22-000036,120,0.10505244585219771,0.42234633561844626,0.4726012223865837,-0.31729388976624856,0.4583333333333333,0.08333333333333333,0.4583333333333333,1648,194,57,0.11771844660194175,0.0345873786407767,-0.545816733067729,-0.5458167308931604,372,-0.021737038115194673,0.07499999999999996,0.013812375685665734,0.008053019092648064,0.10838887440890643,2022-01-27,0.020222434248506227,0.007723492837077517,-0.48404446317430905,-0.479172624217558,-0.41841218422453363,-0.3808811391874012,0.8785957171454345,0.5132131046255088,0.36538261251992565,-0.30733678010169296,21.32216705181913
NFLX,2022,2023-01-26,2022-12-31,item_1a,69473,0001065280-23-000035,120,0.11152063785896947,0.39312346776714546,0.4953558910327653,-0.28160282990817603,0.43333333333333335,0.08333333333333333,0.48333333333333334,1671,215,53,0.1286654697785757,0.03171753441053261,-0.6044776119402985,-0.604477609684785,380,0.03569105985807253,-0.024999999999999967,-0.029222867851300793,0.010947023176633958,-0.05866087887256943,2023-01-26,-0.11467092838276172,-0.09732691153709916,-0.10694221173195873,-0.12975638475987838,0.16693616040735848,0.029523906771775188,0.354041836876396,0.4997347124879027,-0.14569287561150668,0.7201626921693127,21.510408446682504
NFLX,2023,2024-01-26,2023-12-31,item_1a,70192,0001065280-24-000030,120,0.10425094234912345,0.397228912570669,0.49852014956995844,-0.29297797022154554,0.45,0.06666666666666667,0.48333333333333334,1684,200,57,0.1187648456057007,0.033847980997624705,-0.556420233463035,-0.5564202312979758,383,-0.011375140313369503,0.016666666666666663,0.004105444803523539,-0.009900624172875003,0.048057378477263435,2024-01-26,0.05478419427844905,0.014735762134309383,-0.016110913383326153,-0.062127900367058286,0.09911993525407148,-0.025632374718874695,0.32071030439842074,0.31623021538556,0.004480089012860733,0.3296425825177529,21.42163453279737
NKE,2014,2014-07-25,2014-05-31,item_1a,54160,0000320187-14-000097,120,0.10145731451145062,0.47929030334344136,0.41925238493519523,-0.37783298883199073,0.5083333333333333,0.058333333333333334,0.43333333333333335,1778,177,88,0.09955005624296963,0.049493813273340834,-0.33584905660377357,-0.3358490553364187,276,,,,,,2014-07-25,0.029464518901649583,0.016921357098024448,0.1662745664327192,0.17577686449437402,0.2470249898549104,0.19731019942892258,0.29851559431541275,0.15020860992331447,0.14830698439209827,0.087449111329988,19.323413639274566
NKE,2015,2015-07-23,2015-05-31,item_1a,59314,0000320187-15-000113,120,0.11618268645834177,0.43594316504119585,0.4478741413758447,-0.31976047858285406,0.4666666666666667,0.09166666666666666,0.44166666666666665,1788,152,84,0.08501118568232663,0.04697986577181208,-0.288135593220339,-0.28813559199942546,294,0.05807251024913668,-0.04166666666666663,-0.043347138302245514,-0.014538870560643,0.04771346338343457,2015-07-23,-0.06254367908660263,-0.0037846527533240693,0.16496405053530272,0.19960423717124487,0.07337434637072482,0.156777979334902,0.30730656465928663,0.15328017696211663,0.15402638769717,0.22696271436663085,19.486560401020753
NKE,2016,2016-07-21,2016-05-31,item_1a,61013,0000320187-16-000336,120,0.08531394876384486,0.4502520840692644,0.46443396516454716,-0.3649381353054196,0.49166666666666664,0.041666666666666664,0.4666666666666667,1629,161,68,0.09883364027010436,0.041743400859422956,-0.40611353711790393,-0.40611353534448236,300,-0.04517765672256552,0.024999999999999967,0.014308919028068579,0.013822454587777727,-0.11797794389756494,2016-07-21,0.03351464631524381,0.02301846350431047,-0.08853881288710819,-0.08434214542225238,-0.06052700571485148,-0.12044524909638654,0.18731593076839173,0.20334868833556524,-0.01603275756717351,-0.016292734803770026,20.020860483448686
NKE,2017,2017-07-20,2017-05-31,item_1a,64568,0000320187-17-000090,120,0.07767139771409953,0.5298454475395071,0.39248315918569765,-0.45217404982540754,0.5916666666666667,0.05,0.35833333333333334,1751,182,63,0.10394060536836093,0.03597944031981725,-0.4857142857142857,-0.48571428373177844,308,-0.08723591451998797,0.10000000000000003,0.0795933634702427,0.0051069650982565745,-0.07960074859638178,2017-07-20,-0.07021989804600026,-0.05245383121233793,-0.11201821550445845,-0.1520389365431749,0.14492274183472564,-0.0013419008715869207,0.17605104338093377,0.27622055557125635,-0.10016951219032258,0.09156273412636007,19.91906215831077
NKE,2018,2018-07-25,2018-05-31,item_1a,67547,0000320187-18-000142,120,0.105385641551887,0.45178311079895744,0.44283123849891126,-0.34639746924707043,0.5,0.075,0.425,1768,157,62,0.08880090497737557,0.03506787330316742,-0.4337899543378995,-0.43378995235712353,313,0.10577658057833711,-0.09166666666666667,-0.07806233674054969,-0.015139700390985361,0.05192433137638619,2018-07-25,0.07452035531522005,0.06825284751140348,-0.04703631305093581,-0.014778657646809634,0.05039384520285606,0.10485602130753868,0.24425001385873665,0.28448669836318297,-0.04023668450444631,0.13151745897787404,19.915339635873785
NKE,2019,2019-07-23,2019-05-31,item_1a,68827,0000320187-19-000051,120,0.09360731279011816,0.5008802289182009,0.40551246209070085,-0.4072729161280828,0.55,0.058333333333333334,0.39166666666666666,1749,189,73,0.10806174957118353,0.04173813607775872,-0.44274809160305345,-0.4427480899131752,322,-0.060875446881012374,0.050000000000000044,0.0490971181192435,0.01926084459380796,-0.008958137265153931,2019-07-23,-0.04567503414595331,-0.02041091168726661,0.11267083690116197,0.10818649205925768,0.21145626941527929,0.09654546795270336,0.2424548794826805,0.2163177305622586,0.026137148920421904,0.0743454964799406,20.08911693497853
NKE,2020,2020-07-24,2020-05-31,item_1a,84715,0000320187-20-000047,120,0.07695021373219788,0.4758431315266838,0.447206656060492,-0.3988929177944859,0.5166666666666667,0.03333333333333333,0.45,1904,188,57,0.09873949579831932,0.029936974789915968,-0.5346938775510204,-0.5346938753685965,391,0.008379998333596927,-0.033333333333333326,-0.02503709739151716,-0.009322253772864206,-0.09194578594796693,2020-07-24,0.13613736061108117,0.06745097699601788,0.3238655156277941,0.2456136443146535,0.4033534500264564,0.19550694727525508,0.27184961435161453,0.349741938130394,-0.07789232377877947,-0.04078185491502184,20.17558998753072
NKE,2021,2021-07-20,2021-05-31,item_1a,86386,0000320187-21-000028,120,0.07709066912066191,0.49587805384459593,0.42703126921939355,-0.418787384723934,0.5333333333333333,0.05,0.4166666666666667,1810,178,75,0.09834254143646409,0.04143646408839779,-0.40711462450592883,-0.40711462289678013,391,-0.01989446692944813,0.016666666666666607,0.02003492231791215,-0.00039695436185523125,0.12757925304509155,2021-07-20,0.0567796405285621,0.03794242689273464,-0.00029385095095257885,-0.0410369135142693,-0.07689348909508897,-0.14301257708071313,0.21389142455893453,0.36560525643118663,-0.1517138318722521,0.12642202455472096,20.44396878542547
NKE,2022,2022-07-21,2022-05-31,item_1a,93079,0000320187-22-000038,120,0.11228598281741142,0.5056370424300742,0.3820769699756056,-0.39335105961266287,0.575,0.08333333333333333,0.3416666666666667,1965,202,81,0.10279898218829517,0.04122137404580153,-0.4275618374558304,-0.4275618359450112,408,0.02543632511127114,0.04166666666666663,0.009758988585478301,0.004456440751831076,-0.02044721294990154,2022-07-21,0.013796713849911324,-0.044755306678086804,-0.20422513637798334,-0.1320661727560849,0.14113469839695614,0.1397768215609052,0.42952272654013557,0.45962614330012,-0.030103416759984458,-0.24028949668267396,20.54728353795051
NKE,2023,2023-07-20,2023-05-31,item_1a,92833,0000320187-23-000039,120,0.10476005723079046,0.46396497601332765,0.4312749670663228,-0.3592049187825372,0.5,0.058333333333333334,0.44166666666666665,1758,167,67,0.0949943117178612,0.03811149032992037,-0.42735042735042733,-0.4273504255241435,408,0.03414614083012568,-0.07499999999999996,-0.04167206641674659,-0.007804670470433969,0.00021141010540304261,2023-07-20,-0.025295296448950344,0.009381064752083113,-0.03173019800522037,0.013500703358099275,-0.04710136773095097,-0.12210366199822709,0.22317484325568682,0.2684433960084607,-0.04526855275277386,-0.1372247801984703,20.3936401687022
NVDA,2014,2014-03-13,2014-01-26,item_1a,71638,0001045810-14-000030,120,0.12326738516955325,0.4499248523109903,0.4268077648400019,-0.326657467141437,0.45,0.09166666666666666,0.4583333333333333,1607,164,52,0.10205351586807716,0.03235843186060983,-0.5185185185185185,-0.5185185161179698,415,,,,,,2014-03-13,0.02142022101709573,0.03691268628066302,0.10540597865919454,0.05564777287110356,0.10403902370832907,0.012408231895849609,0.22488585249947096,0.2346040893844764,-0.009718236885005449,0.19756552402041438,18.43346782125213
NVDA,2015,2015-03-12,2015-01-25,item_1a,37285,0001045810-15-000036,120,0.09039133075469484,0.4860278466832824,0.42358082489420973,-0.39563651592858756,0.5083333333333333,0.05,0.44166666666666665,1430,148,41,0.1034965034965035,0.028671328671328673,-0.5661375661375662,-0.5661375631421293,234,-0.06897904878715055,0.05833333333333329,0.03610299437229214,0.0014429876284263315,-0.04761904761904767,2015-03-12,-0.005293178921534691,-0.019408965423529878,-0.038357159359733495,-0.06479211446881517,0.004850341166491301,0.05032996330765327,0.29999794883107284,0.29535954981153745,0.004638399019535389,0.18041491768970053,18.58057824323971
NVDA,2016,2016-03-17,2016-01-31,item_1a,40586,0001045810-16-000205,120,0.07977010695418964,0.5438791418486896,0.37635075114667416,-0.46410903489449995,0.575,0.03333333333333333,0.39166666666666666,1412,148,50,0.1048158640226629,0.03541076487252125,-0.494949494949495,-0.49494949244975006,256,-0.06847251896591239,0.06666666666666665,0.05785129516540716,0.0013193605261593994,0.07118807118807119,2016-03-17,0.12644759053791277,0.09864548927153494,0.4525741412943438,0.4290455443014709,0.9186058982666954,0.8556359242424123,0.36133162789859946,0.39168717092892374,-0.030355543030324283,0.45364997432837373,19.079646082217646
NVDA,2017,2017-03-01,2017-01-29,item_1a,41387,0001045810-17-000027,120,0.11398247988739361,0.4585167784088602,0.42750074197538196,-0.34453429852146655,0.475,0.075,0.45,1453,135,51,0.0929112181693049,0.03509979353062629,-0.45161290322580644,-0.4516129007977801,254,0.1195747363730334,-0.09999999999999998,-0.08536236343982939,-0.011904645853358,0.04333659172368853,2017-03-01,0.06430544563980689,0.07457332534740235,0.4057984281569169,0.3944948190359956,0.6053946602466145,0.5748063547076203,0.49214148769641425,0.45335202769386734,0.038789460002546905,0.640499198816133,20.096140344714307
NVDA,2018,2018-02-28,2018-01-28,item_1a,41141,0001045810-18-000010,120,0.09066100004129111,0.543237205214488,0.3661017954039077,-0.4525762051731969,0.5666666666666667,0.06666666666666667,0.36666666666666664,1529,176,53,0.11510791366906475,0.03466317854807063,-0.537117903930131,-0.537117901584638,238,-0.10804190665173036,0.09166666666666667,0.08472042680562786,0.02219669549975986,-0.0855050007043246,2018-02-28,-0.043016506458130044,-0.015605696729493301,0.04605996093366804,0.03850685472521809,0.13450299999250426,0.05816121177930089,0.40034241099486845,0.4307879835067078,-0.030445572511839325,0.5040835911395265,21.64962511515379
NVDA,2019,2019-02-21,2019-01-27,item_1a,43011,0001045810-19-000023,120,0.12347761940521498,0.4935357017442584,0.3829866779657702,-0.3700580823390434,0.5,0.1,0.4,1558,152,58,0.0975609756097561,0.037227214377406934,-0.44761904761904764,-0.44761904548752834,243,0.0825181228341535,-0.06666666666666665,-0.04970150347022961,-0.017546938059308653,0.0894988563110834,2019-02-21,0.1406749432765062,0.12964486897474026,-0.021911305577727802,-0.056040979734415464,0.1016378311811661,0.037666941718685454,0.359953506294997,0.731861216566552,-0.371907710271555,-0.3513787974636182,21.685767258183468
NVDA,2020,2020-02-20,2020-01-26,item_1a,46871,0001045810-20-000010,120,0.11536843723927935,0.49625122960036,0.3883803337967644,-0.38088279236108064,0.5416666666666666,0.075,0.38333333333333336,1513,164,61,0.10839391936549901,0.0403172504957039,-0.4577777777777778,-0.4577777757432099,275,-0.01082471002203722,0.04166666666666663,0.002715527856101574,0.01083294375574291,-0.010158730158730145,2020-02-20,-0.33309664903123193,-0.016122282546151667,0.16298861498174833,0.27657794894675636,0.5745127108915222,0.5633664213433536,0.9163254692006317,0.3330527779360134,0.5832726912646183,0.8459068769831357,21.214455464352024
NVDA,2021,2021-02-26,2021-01-31,item_1a,79614,0001045810-21-000010,120,0.11957361531288674,0.45774889217379194,0.42267749581175545,-0.3381752768609052,0.475,0.08333333333333333,0.44166666666666665,1617,131,56,0.08101422387136673,0.03463203463203463,-0.40106951871657753,-0.40106951657182077,445,0.04270751550017543,-0.06666666666666665,-0.038502337426568056,-0.027379695494132286,0.05670825906120025,2021-02-26,-0.055545672391159706,-0.09949405262658495,0.12970552467803675,0.02374457709733413,0.610024312118959,0.42907370540984746,0.44642295004442745,0.38257401461642165,0.06384893542800579,0.044346212244972705,22.13849926220429
NVDA,2022,2022-03-18,2022-01-30,item_1a,86587,0001045810-22-000036,120,0.09809744576147447,0.44174965865289173,0.46015289320300024,-0.34365221289141723,0.475,0.075,0.45,1564,144,50,0.09207161125319693,0.0319693094629156,-0.4845360824742268,-0.48453607997661813,478,-0.005476936030512025,0.0,-0.015999233520900213,0.011057387381830208,-0.08346656375764927,2022-03-18,-0.16085124970439713,-0.16202087131434928,-0.39956308618877956,-0.2261633365809088,-0.49386436760495467,-0.3753350736752624,0.6995412718214304,0.6273640969379027,0.0721771748835277,0.11380507399639073,22.72464593090745
NVDA,2023,2023-02-24,2023-01-29,item_1a,102757,0001045810-23-000017,120,0.11322849806165322,0.4297813651151955,0.4569901332569619,-0.3165528670535423,0.4666666666666667,0.09166666666666666,0.44166666666666665,1647,144,55,0.08743169398907104,0.033394049787492414,-0.4472361809045226,-0.44723617865710463,566,0.027099345837874933,-0.008333333333333304,-0.01196829353769624,-0.004639917264125895,0.0372999015697042,2023-02-24,0.13954780456894333,0.13545270261170184,0.6313000128145096,0.581215431917304,0.9767493387310238,0.8584040404489968,0.582603622078064,0.6301339298911672,-0.04753030781310319,0.3780967607844903,22.906168403657936
ORCL,2014,2014-06-26,2014-05-31,item_1a,62751,0001193125-14-251351,120,0.12042372971773148,0.41544009891028205,0.4641361725361397,-0.2950163691925506,0.45,0.09166666666666666,0.4583333333333333,1112,119,38,0.10701438848920863,0.0341726618705036,-0.5159235668789809,-0.5159235635928435,512,,,,,,2014-06-26,0.012901950187055311,0.0008264302779874555,-0.031809860916874544,-0.04111077553975517,0.1583575656343812,0.08440475760454391,0.15567865615301196,0.19374840965562923,-0.038069753502617265,0.10234795870389823,20.15797972381686
ORCL,2015,2015-06-25,2015-05-31,item_1a,67629,0001193125-15-235239,120,0.11145142801494028,0.34499764076899736,0.5435509270367523,-0.2335462127540571,0.3416666666666667,0.08333333333333333,0.575,1070,102,26,0.09532710280373832,0.024299065420560748,-0.59375,-0.5937499953613282,546,0.06147015643849349,-0.10833333333333334,-0.07044245814128469,-0.011687285685470311,-0.07782643312101911,2015-06-25,-0.05860535764178165,-0.043976727170150776,-0.11849664871124621,-0.042459723676544825,-0.09364091350863446,-0.08631970875315509,0.2355039998488807,0.20126624180324598,0.034237758045634725,-0.09185883640796577,20.080820981689588
ORCL,2017,2017-06-27,2017-05-31,item_1a,69276,0001193125-17-214833,120,0.11509462327230721,0.36160429621813817,0.5233010766562074,-0.24650967294583098,0.39166666666666666,0.08333333333333333,0.525,1000,79,28,0.079,0.028,-0.4766355140186916,-0.4766355095641541,556,,,,,,2017-06-27,-0.0021614233526319193,-0.02648498676376554,-0.052201546950731426,-0.08943729600517891,-0.05819279727309523,-0.17653080714219704,0.19624457316182622,0.19568446296330952,0.0005601101985167056,0.3162009838337807,19.957697706886737
ORCL,2019,2019-06-21,2019-05-31,item_1a,71168,0001564590-19-023119,120,0.09945239320707817,0.404717351096527,0.495830252704521,-0.30526495788944885,0.425,0.058333333333333334,0.5166666666666667,1791,142,61,0.07928531546621999,0.034059184812953655,-0.39901477832512317,-0.39901477635953314,379,,,,,,2019-06-21,0.027843048537029347,0.007333079759373584,-0.043363477777074055,-0.0626060663505551,-0.04323005006521752,-0.13976731074430904,0.21996493354691793,0.2304419848157363,-0.010477051268818371,0.25347600580823326,20.48481705935916
ORCL,2020,2020-06-22,2020-05-31,item_1a,79422,0001564590-20-030125,120,0.10277207480588307,0.4892405229038559,0.40798739755215746,-0.3864684480979728,0.5166666666666667,0.06666666666666667,0.4166666666666667,1652,165,57,0.09987893462469734,0.03450363196125908,-0.4864864864864865,-0.48648648429510594,418,-0.08120349020852397,0.09166666666666673,0.08452317180732888,0.02059361915847735,-0.08747170816136335,2020-06-22,0.020442429594367262,-0.03184003821970571,0.10807556715056132,0.05122508052501629,0.1901234025173888,-0.008247012407607501,0.20822460056365755,0.4189665708771663,-0.21074197031350878,0.028314721733423642,20.200261482060842
ORCL,2021,2021-06-21,2021-05-31,item_1a,71464,0001564590-21-033616,120,0.10746519897753994,0.4579345655743964,0.4346002348388235,-0.35046936659685646,0.5,0.075,0.425,1611,132,58,0.08193668528864059,0.03600248292985723,-0.3894736842105263,-0.38947368216066486,382,0.03599908150111636,-0.01666666666666672,-0.03130595732945951,-0.017942249336056745,0.09701280227596021,2021-06-21,0.15426146801228535,0.12173281041002015,0.10896090001821235,0.07434011137651497,0.24777242089329232,0.14772951692292957,0.19763647297633233,0.23674331340529514,-0.039106840428962814,0.2241608017302925,20.37253945062139
ORCL,2022,2022-06-21,2022-05-31,item_1a,74664,0001564590-22-023675,120,0.09977204950603967,0.4711666664496685,0.4290612837454925,-0.37139461694362885,0.48333333333333334,0.05,0.4666666666666667,1704,147,53,0.08626760563380281,0.031103286384976527,-0.47,-0.46999999765,402,-0.020925250346772395,-0.016666666666666663,0.013232100875272101,0.00433092034516222,-0.08052631578947367,2022-06-21,0.10628494081062789,0.043043226458109096,0.010853993586886101,-0.017401472453801192,0.20088167641354615,0.17885047799525045,0.2534729067232666,0.37219252568288963,-0.11871961895962302,-0.3389124731323605,20.343570150089235
PEP,2014,2015-02-12,2014-12-27,item_1a,64714,0000077476-15-000012,120,0.10500270884949714,0.4887989585947556,0.40619833082892,-0.38379624974525844,0.5583333333333333,0.075,0.36666666666666664,2233,249,84,0.11150918047469771,0.03761755485893417,-0.4954954954954955,-0.495495494007521,193,,,,,,2015-02-12,-0.04169144388039325,-0.040063622116353836,-0.016089306323634034,-0.03637058614345312,-0.0008450333944673982,-0.0089380751239998,0.12462226904980239,0.16551644166016208,-0.040894172610359686,0.1158889273096293,19.818131661695453
PEP,2015,2016-02-11,2015-12-26,item_1a,102700,0000077476-16-000066,120,0.12992455090085667,0.2565555816477475,0.6135198675406476,-0.12663103074689086,0.26666666666666666,0.09166666666666666,0.6416666666666667,1957,130,77,0.06642820643842616,0.03934593765968319,-0.2560386473429952,-0.2560386461060935,373,0.2571652189983676,-0.2916666666666667,-0.23224337694700808,-0.04508097403627155,0.2394568481525003,2016-02-11,0.04612163287469295,-0.06128313728775914,0.10276651233975098,-0.03266698078554997,0.1359586271046318,-0.07218238970440449,0.1219050835886876,0.16365796748220296,-0.04175288389351536,0.004526113307451007,19.881683761594843
PEP,2016,2017-02-15,2016-12-31,item_1a,112726,0000077476-17-000010,120,0.08830767212590823,0.3155686940299347,0.596123636731257,-0.22726102190402647,0.3333333333333333,0.041666666666666664,0.625,1957,149,64,0.07613694430250383,0.032703117015840576,-0.39906103286384975,-0.3990610309903238,396,-0.10062999115713561,0.06666666666666665,0.059013112382187205,0.009708737864077666,-0.14302238552085456,2017-02-15,0.050830035054568956,0.03745861712883913,0.07299952139588095,0.0648010510901349,0.13128175082784144,0.07039364417992,0.08796099253209716,0.11794863994157502,-0.02998764740947786,-0.002273154238124353,19.860339597971898
PEP,2017,2018-02-13,2017-12-30,item_1a,122642,0000077476-18-000012,120,0.09792608283072089,0.3394361560853819,0.5626377606298775,-0.241510073254661,0.36666666666666664,0.05,0.5833333333333334,1976,166,87,0.0840080971659919,0.04402834008097166,-0.31225296442687744,-0.31225296319267604,419,-0.014249051350634534,0.033333333333333326,0.02386746205544721,0.007871152863488079,0.08680806843697231,2018-02-13,0.006043188569245128,-0.02779114463586585,-0.13041367868404885,-0.15366844868762075,0.02535893892518004,-0.0510203832825713,0.17970098222590222,0.14747468523355992,0.03222629699234231,-0.025875800068402732,19.788357754235264
PEP,2018,2019-02-15,2018-12-29,item_1a,126753,0000077476-19-000017,120,0.115739353649163,0.3150992437886695,0.5691614065474521,-0.1993598901395065,0.35,0.06666666666666667,0.5833333333333334,2191,159,70,0.07256960292104062,0.03194888178913738,-0.388646288209607,-0.38864628651246164,423,0.042150183115154505,-0.016666666666666663,-0.02433691229671242,-0.011438494244951289,-0.07639332378272956,2019-02-15,0.027069128825592426,0.0044498235853791535,0.1350899298005266,0.10001383957740395,0.15435222134605708,0.10328896542724708,0.12120753486042424,0.20024504338122776,-0.07903750852080352,0.011694908355620148,20.08937476310439
PEP,2019,2020-02-13,2019-12-28,item_1a,138238,0000077476-20-000015,120,0.12195567595772445,0.2968389751506038,0.5812053545222928,-0.17488329919287934,0.3333333333333333,0.075,0.5916666666666667,2013,144,69,0.07153502235469449,0.03427719821162444,-0.352112676056338,-0.3521126744032269,454,0.024476590946627158,-0.016666666666666663,-0.01826026863806568,-0.00103458056634613,0.036533612153269,2020-02-13,-0.2226832655882075,0.06572237345023835,-0.0852829758431658,0.06428764384793673,-0.04341067881183858,-0.05302793158044128,0.6768955816565878,0.10370753147816146,0.5731880501784263,0.13999701303397272,20.05550324192258
PEP,2020,2021-02-11,2020-12-26,item_1a,86247,0000077476-21-000007,120,0.1161517837511686,0.2882279717635053,0.5956202405660103,-0.17207618801233668,0.30833333333333335,0.08333333333333333,0.6083333333333333,1861,134,68,0.07200429876410532,0.03653949489521763,-0.32673267326732675,-0.32673267164983827,360,0.002807111180542665,-0.024999999999999967,-0.008611003387098526,0.00046927640941082926,0.025380002789011258,2021-02-11,-0.006503465558609811,-0.021092223340563487,0.09312235941069225,0.03959466520747568,0.166556671880294,0.019852382711481376,0.16414733041792995,0.15350623508410297,0.010641095333826983,0.033734498302377514,20.231468137325855
PEP,2021,2022-02-10,2021-12-25,item_1a,93705,0000077476-22-000010,120,0.13228776068038617,0.31099998687083524,0.5567122488593061,-0.17871222619044905,0.3333333333333333,0.09166666666666666,0.575,1966,164,75,0.08341810783316378,0.03814852492370295,-0.3723849372384937,-0.37238493568039777,372,-0.006636038178112369,0.024999999999999967,0.022772015107329957,0.011413809069058464,-0.04565226397116695,2022-02-10,-0.06803273665968568,0.003898076824983443,0.018713022128719503,0.14281430201919598,0.0675168729335971,0.10989743211700886,0.20663310498541468,0.14500109204575273,0.061632012939661945,0.12415082113137821,20.35515536218172
PEP,2022,2023-02-09,2022-12-31,item_1a,94206,0000077476-23-000007,120,0.11929927604893843,0.2734419134251463,0.607258809513102,-0.15414263737620787,0.3,0.1,0.6,2128,173,75,0.081296992481203,0.03524436090225564,-0.3951612903225806,-0.3951612887291884,371,0.024569588814241178,-0.033333333333333326,-0.037558073445688955,-0.002121115351960773,-0.02277635308408693,2023-02-09,0.012176623066771697,0.06555560110212122,0.1382109545668051,0.1219666307544145,0.07985903556667773,-0.023121903732610027,0.11994204039786402,0.14795759710077513,-0.028015556702911115,-0.006389048758026705,20.536619870701212
PEP,2023,2024-02-09,2023-12-30,item_1a,99244,0000077476-24-000008,120,0.13033496542290474,0.3211417584059139,0.5485232722945511,-0.19080679298300918,0.3333333333333333,0.1,0.5666666666666667,1992,171,76,0.0858433734939759,0.03815261044176707,-0.38461538461538464,-0.38461538305823734,383,-0.03666415560680131,0.033333333333333326,0.047699844980767625,0.004546381012772896,0.01054590570719599,2024-02-09,-0.011178544523728351,-0.04226396758947637,0.08046789460869586,0.03805318043029793,0.03829036133720232,-0.03244519704073601,0.16902257754271194,0.13670892809525756,0.03231364944745438,-0.041156520312951694,20.517987696744516
PFE,2014,2015-02-27,2014-12-31,item_1a,63885,0000078003-15-000014,120,0.12780506847581516,0.35316954119286187,0.5190253895086546,-0.22536447271704674,0.35,0.09166666666666666,0.5583333333333333,1865,159,84,0.08525469168900804,0.04504021447721179,-0.30864197530864196,-0.3086419740385104,290,,,,,,2015-02-27,0.01981360651827524,0.02684110029424336,0.020907159489359506,0.014154749915728404,-0.015231269943259962,0.029992678149045493,0.1321117759497083,0.17772389079059023,-0.04561211484088193,0.2049765779138515,20.448596059981696
PFE,2015,2016-02-29,2015-12-31,item_1a,83534,0000078003-16-000077,120,0.1178884289925918,0.35230474549656116,0.5298068258600931,-0.23441631650396932,0.36666666666666664,0.09166666666666666,0.5416666666666666,1850,162,78,0.08756756756756756,0.04216216216216216,-0.35,-0.3499999985416667,396,-0.009051843786922587,0.016666666666666663,-0.0008647956963007131,0.0023128758785595227,-0.04135802469135802,2016-02-29,0.013481407134695145,-0.05638071222172525,0.17694448654801698,0.0851679344673899,0.19392879028787013,0.05967362198454129,0.19471456090860706,0.184287312056246,0.01042724885236107,-0.05086730938628259,20.601987290682832
PFE,2016,2017-02-23,2016-12-31,item_1a,71711,0000078003-17-000014,120,0.1267064068815671,0.36188836680181946,0.51140522613811,-0.23518195992025237,0.38333333333333336,0.1,0.5166666666666667,1895,169,87,0.0891820580474934,0.04591029023746702,-0.3203125,-0.3203124987487793,326,-0.0007656434162830461,0.01666666666666672,0.009583621305258305,0.0016144904799258453,0.029687499999999978,2017-02-23,-0.0017615970209216014,0.004847370266301776,-0.049905445833396844,-0.07196930963546244,-0.005003493214452259,-0.04891232079084995,0.07771932348546141,0.14243431484952201,-0.0647149913640606,-0.01634200872292424,20.52955399591249
PFE,2017,2018-02-22,2017-12-31,item_1a,80735,0000078003-18-000027,120,0.11148396101004134,0.32944890832683693,0.5590671310666948,-0.21796494731679558,0.35,0.06666666666666667,0.5833333333333334,1871,142,70,0.07589524318546231,0.03741314804917156,-0.33962264150943394,-0.3396226399074404,353,0.01721701260345679,-0.03333333333333338,-0.03243945847498253,-0.013286814862031093,-0.019310141509433942,2018-02-22,-0.03497461259048906,0.0068762149224708136,0.0162599178323366,0.0012642363895851716,0.19872428204486026,0.13139290616608323,0.17464182929100897,0.21730660370489793,-0.04266477441388897,0.11175478165586572,20.22217066010206
PFE,2018,2019-02-28,2018-12-31,item_1a,94117,0000078003-19-000015,120,0.13955844696611167,0.27021123670662445,0.5902303178639462,-0.13065278974051278,0.26666666666666666,0.125,0.6083333333333333,1703,115,66,0.06752789195537287,0.038755137991779216,-0.27071823204419887,-0.27071823054851807,422,0.0873121575762828,-0.08333333333333331,-0.059237671620212484,-0.008367351230089443,0.06890440946523507,2019-02-28,-0.020299761113459214,-0.0384006958727412,-0.02487621073434887,-0.030542557313047447,-0.17595766088075382,-0.2222251942352187,0.16451160070713555,0.24392766374727903,-0.07941606304014348,0.029223768820364482,20.537566896928404
PFE,2019,2020-02-27,2019-12-31,item_1a,97517,0000078003-20-000014,120,0.08665090845897794,0.30539088728061564,0.6079581991458932,-0.21873997882163773,0.2833333333333333,0.03333333333333333,0.6833333333333333,1577,128,55,0.08116677235256817,0.03487634749524413,-0.3989071038251366,-0.3989071016453164,514,-0.08808718908112495,0.016666666666666663,0.035179650573991195,0.013638880397195297,-0.12818887178093774,2020-02-27,-0.09384148779162771,0.049346142501326185,0.130806305610067,0.10646582357185563,0.13797084521105418,-0.04233361478180053,0.5225421914320906,0.18730195706373817,0.3352402343683524,0.01646535034037777,20.495360484761285
PFE,2020,2021-02-25,2020-12-31,item_1a,64858,0000078003-21-000038,120,0.10702608885864416,0.34635779809517164,0.5466161145518224,-0.2393317092365275,0.36666666666666664,0.058333333333333334,0.575,1720,150,73,0.0872093023255814,0.04244186046511628,-0.3452914798206278,-0.34529147827223555,285,-0.020591730414889764,0.08333333333333331,0.040966910814556,0.00604252997301323,0.05361562400450881,2021-02-25,0.07185092328351073,0.032756527074674135,0.16213771629126827,0.06245282133860597,0.43148066644673233,0.24963825094854353,0.16185922198304362,0.22708339439767083,-0.06522417241462722,-0.0646421442068188,20.75950905406583
PFE,2021,2022-02-24,2021-12-31,item_1a,72835,0000078003-22-000027,120,0.09482378830822806,0.2970892640684421,0.6080869404754291,-0.20226547576021403,0.3,0.058333333333333334,0.6416666666666667,1889,147,73,0.07781895182636316,0.03864478560084701,-0.33636363636363636,-0.33636363483471077,334,0.037066233476313465,-0.06666666666666665,-0.04926853402672954,-0.009390350499218242,0.008927843456991436,2022-02-24,0.14838986843054403,0.08815992693482344,0.17815497632056232,0.24748826744880814,0.05886282522921471,0.07209851234684639,0.29704606643992887,0.3606533319915651,-0.0636072655516362,-0.015276394753578892,20.927732124659425
PFE,2022,2023-02-23,2022-12-31,item_1a,77500,0000078003-23-000024,120,0.09882057124438386,0.3325345946320643,0.5686448362655938,-0.23371402338768046,0.35,0.05,0.6,1971,166,76,0.08422120750887874,0.038559107052257735,-0.371900826446281,-0.3719008249095007,339,-0.03144854762746643,0.04999999999999999,0.0354453305636222,0.006402255682515581,-0.03553719008264461,2023-02-23,-0.045153797097269965,-0.03666880242682835,-0.07687932155227417,-0.1068272893539498,-0.12627649103509342,-0.22492991823067998,0.19632789950811333,0.2319595300219674,-0.03563163051385407,-0.1178805039988815,20.717367987012064
PFE,2023,2024-02-22,2023-12-31,item_1a,89868,0000078003-24-000039,120,0.1233724119529749,0.27636038154208414,0.6002672017551959,-0.15298796958910924,0.275,0.075,0.65,1942,175,60,0.09011328527291453,0.030895983522142123,-0.48936170212765956,-0.48936170004526935,427,0.08072605379857123,-0.07499999999999996,-0.05617421308998016,0.0058920777640357885,-0.11746087568137858,2024-02-22,-0.006896458848715703,-0.03710227712640557,0.09061330059915629,0.04336952901675839,0.07536562731845597,-0.027586502871725926,0.26166919008275785,0.26991007638605036,-0.008240886303292505,-0.2308819545861771,20.61311016169773
PG,2014,2014-08-08,2014-06-30,item_1a,21629,0000080424-14-000057,120,0.19534681870912513,0.34272776266249516,0.4619254159120222,-0.14738094395337006,0.375,0.175,0.45,1454,128,79,0.08803301237964237,0.054332874828060526,-0.23671497584541062,-0.23671497470186004,140,,,,,,2014-08-08,0.025200957231797494,-0.006262729759345609,0.10663225359527884,0.050434702529621456,0.06623733046930291,-0.0035265786474241168,0.1086015089600554,0.10944134365828538,-0.0008398346982299854,0.058850195830839835,20.240238649659272
PG,2015,2015-08-07,2015-06-30,item_1a,22165,0000080424-15-000070,120,0.15231659957207738,0.3886516664992087,0.4590317281583945,-0.23633506692713127,0.4,0.11666666666666667,0.48333333333333334,1727,164,78,0.09496236247828604,0.0451650260567458,-0.35537190082644626,-0.35537189935796737,122,-0.08895412297376121,0.025000000000000022,0.04592390383671352,0.006929350098643677,-0.11865692498103564,2015-08-07,-0.07286698055830954,-0.022277796825747154,0.021152135967065444,0.005318939782832821,0.11405863596178056,0.21243220898773674,0.19705833576863466,0.1402003508724208,0.05685798489621385,-0.11217535071856,20.22647947681993
PG,2016,2016-08-09,2016-06-30,item_1a,23252,0000080424-16-000212,120,0.14074348926078528,0.398809018106355,0.4604474913639327,-0.2580655288455697,0.4166666666666667,0.10833333333333334,0.475,1769,170,84,0.09609949123798757,0.047484454494064444,-0.33858267716535434,-0.3385826758323517,126,-0.021730461918438443,0.016666666666666663,0.010157351607146314,0.001137128759701525,0.016789223661091923,2016-08-09,0.020816076406970474,0.019303650971161934,0.014400402632488651,0.03251970435352247,0.04334718547540506,-0.01887671128983781,0.1518886306568208,0.1141421803816364,0.03774645027518439,0.0547094368741039,20.292130861971362
PG,2017,2017-08-07,2017-06-30,item_1a,23738,0000080424-17-000047,120,0.13487610702868552,0.39361398900315786,0.47150989952497185,-0.25873788197447234,0.4083333333333333,0.125,0.4666666666666667,1806,172,86,0.09523809523809523,0.047619047619047616,-0.3333333333333333,-0.3333333320413437,126,-0.0006723531289026252,-0.00833333333333336,-0.005195029103197135,-0.0008613959998923365,0.005249343832021025,2017-08-07,0.013997928239069868,0.017911108171613566,-0.04605467405346242,-0.0939132867713961,-0.08541101555265229,-0.1821479003120955,0.11629140709138122,0.08215818159868077,0.03413322549270045,0.05343823002295056,20.322534149189448
PG,2018,2018-08-07,2018-06-30,item_1a,26857,0000080424-18-000055,120,0.13420145197305827,0.35434127058833836,0.5114572759407262,-0.2201398186152801,0.35833333333333334,0.11666666666666667,0.525,1826,157,81,0.0859802847754655,0.0443592552026287,-0.31932773109243695,-0.3193277297507238,137,0.03859806335919225,-0.04999999999999999,-0.039272718414819496,-0.009257810462629731,0.014005602240896364,2018-08-07,0.00012083314624855568,-0.008913334487194335,0.11333330680990805,0.15168511389689743,0.19522589716905947,0.23946049525327429,0.23214663644513175,0.1447950422359934,0.08735159420913835,0.036756329838485646,20.250966035104746
PG,2019,2019-08-06,2019-06-30,item_1a,27490,0000080424-19-000050,120,0.14006926837998132,0.36285282658645884,0.4970779032136003,-0.22278355820647752,0.36666666666666664,0.125,0.5083333333333333,1855,161,85,0.08679245283018867,0.04582210242587601,-0.3089430894308943,-0.3089430881750281,138,-0.0026437395911974304,0.008333333333333304,0.00851155599812048,0.0008121680547231724,0.010384641661542626,2019-08-06,0.0742034645755707,0.03938747777419982,0.04857000159355729,-0.02436092451836136,0.12336590581613249,-0.044254587572807536,0.19040520563745508,0.18266856587983918,0.007736639757615904,0.1691907673517392,20.452480193834532
PG,2020,2020-08-06,2020-06-30,item_1a,30608,0000080424-20-000053,120,0.12334286223631352,0.3876125503137397,0.4890445824402074,-0.2642696880774262,0.39166666666666666,0.1,0.5083333333333333,1925,169,78,0.0877922077922078,0.04051948051948052,-0.3684210526315789,-0.36842105113999574,144,-0.04148612987094866,0.025000000000000022,0.024759723727280858,0.0009997549620191226,-0.0594779632006846,2020-08-06,0.03955988731310778,0.014913624628514865,0.06563852088341293,0.033977528267062906,-0.012317711887642968,-0.18158569943000713,0.14375648698865143,0.18716445573158924,-0.043407968742937814,0.06598500249844741,20.553943947311048
PG,2021,2021-08-06,2021-06-30,item_1a,38446,0000080424-21-000100,120,0.14027378133808574,0.41353140169521796,0.44619480984595916,-0.2732576203571322,0.4166666666666667,0.11666666666666667,0.4666666666666667,2077,180,74,0.08666345690900337,0.03562831006259028,-0.41732283464566927,-0.41732283300266604,180,-0.008987932279706012,0.025000000000000022,0.02591885138147826,-0.001128750883204424,-0.048901782014090345,2021-08-06,0.014850382716207422,-0.00542103581008635,0.03402085445986791,-0.024547260766490275,0.15556847942313534,0.13471152511389128,0.11120712004334507,0.13738420956442435,-0.026177089521079278,0.11845033997653065,20.64824674826702
PG,2022,2022-08-05,2022-06-30,item_1a,43693,0000080424-22-000064,120,0.16642154782700042,0.376731714210473,0.45684672767917317,-0.21031016638347258,0.39166666666666666,0.15833333333333333,0.45,1943,159,81,0.08183221821924859,0.041688111168296446,-0.325,-0.32499999864583334,204,0.06294745397365961,-0.025000000000000022,-0.036799687484744936,-0.004831238689754783,0.09232283464566926,2022-08-05,-0.06281076126638252,-0.007885364749721124,-0.08121163362554518,0.017794234645070683,-0.009831955177432294,-0.00967023241027698,0.1905780667279663,0.2795222529276145,-0.08894418619964822,-0.09959495226626036,20.751489976570014
PG,2023,2023-08-04,2023-06-30,item_1a,38547,0000080424-23-000073,120,0.12153842993235836,0.45172257217345757,0.4267389914176116,-0.3301841422410992,0.48333333333333334,0.1,0.4166666666666667,2057,195,82,0.09479824987846379,0.03986387943607195,-0.40794223826714804,-0.40794223679443237,173,-0.11987397585762663,0.09166666666666667,0.07499085796298455,0.0129660316592152,-0.08294223826714803,2023-08-04,-0.01828975853915915,-0.023728539061271037,-0.01857400902072659,0.013946304078343297,0.03177490764783619,-0.07896905712426561,0.1333745046899683,0.14825195157564938,-0.014877446885681073,0.11026154648476116,20.58958588187189
SBUX,2014,2014-11-14,2014-09-28,item_1a,32184,0000829224-14-000041,120,0.1385206399213833,0.4892732833240492,0.3722060784387092,-0.3507526434026659,0.525,0.125,0.35,1943,190,77,0.09778692743180649,0.03962943901183737,-0.4232209737827715,-0.42322097219767424,145,,,,,,2014-11-14,0.012929079686572642,0.0439219644483797,0.19482177247844823,0.16030446384939867,0.32544558430117054,0.27196988921126497,0.23113474948290746,0.15800137164215056,0.07313337784075691,0.10621486287585014,19.56485040533142
SBUX,2015,2015-11-12,2015-09-27,item_1a,34955,0000829224-15-000038,120,0.15548364465357736,0.47629049342358487,0.36822586179090044,-0.3208068487700075,0.5,0.15,0.35,1937,180,73,0.09292720702116675,0.03768714506969541,-0.42292490118577075,-0.4229248995141308,163,0.029945794632658396,-0.025000000000000022,-0.012982789900464309,-0.004859720410639742,0.0002960725970007627,2015-11-12,-0.018830940681182518,-0.009359527134996104,-0.07328744580990443,-0.005280351782577242,-0.08455220599563829,-0.10526800661446734,0.2946900963990103,0.28680448626931215,0.007885610129698128,0.23104156061863534,19.783728355525515
SBUX,2016,2016-11-18,2016-10-02,item_1a,36301,0000829224-16-000083,120,0.18234733022594204,0.4441969197903139,0.3734557509267082,-0.2618495895643719,0.44166666666666665,0.18333333333333332,0.375,2005,179,75,0.08927680798004987,0.03740648379052369,-0.4094488188976378,-0.4094488172856346,166,0.058957259205635604,-0.05833333333333335,-0.03209357363327098,-0.0036503990411168724,0.013476082288132962,2016-11-18,0.03460603914742766,-0.007656476620249819,0.03692665060299549,-0.05081978360149364,0.10594522495445768,-0.003964462876516084,0.16893120384349544,0.15769610702088785,0.011235096822607593,0.03083301425539342,19.99180594143149
SBUX,2017,2017-11-17,2017-10-01,item_1a,38910,0000829224-17-000049,120,0.14087604271092763,0.4856515187692518,0.3734724385198206,-0.3447754760583242,0.5166666666666667,0.13333333333333333,0.35,1962,161,70,0.08205912334352701,0.03567787971457696,-0.3939393939393939,-0.39393939223402863,173,-0.08292588649395233,0.07500000000000007,0.041454598978937884,-0.007217684636522864,0.015509424958243867,2017-11-17,0.018970890424312437,-0.022429880952903325,-0.009234392749543185,-0.06186104741017384,0.01121413698715723,-0.05564706883901782,0.17658619104702755,0.13675493955063592,0.039831251496391634,-0.05796940404732198,19.95514684959984
SBUX,2018,2018-11-16,2018-09-30,item_1a,44188,0000829224-18-000052,120,0.19198707644827664,0.4062542277892741,0.40175869612333676,-0.21426715134099747,0.43333333333333335,0.18333333333333332,0.38333333333333336,1895,158,75,0.08337730870712401,0.0395778364116095,-0.3562231759656652,-0.3562231744368104,197,0.13050832471732673,-0.08333333333333337,-0.07939729097997766,0.0013181853635969992,0.037716217973728705,2018-11-16,-0.06015246403102059,0.021935991830363433,0.04267849643640731,0.02327994364524999,0.14456298071895546,0.09037268748523708,0.22579014095401745,0.2656591185279523,-0.03986897757393487,0.1976268846761453,20.05368310764983
SBUX,2019,2019-11-15,2019-09-29,item_1a,46076,0000829224-19-000051,120,0.1426005240219335,0.4621505004547847,0.3952489722985774,-0.3195499764328512,0.48333333333333334,0.125,0.39166666666666666,2032,173,71,0.08513779527559055,0.034940944881889764,-0.4180327868852459,-0.41803278517199677,214,-0.10528282509185374,0.04999999999999999,0.05589627266551056,0.0017604865684665433,-0.061809610919580704,2019-11-15,0.04654971250721385,0.02159716486332175,0.07540773145858815,-0.015080971157848344,-0.08984395867909623,-0.03641319919321273,0.17921279343732424,0.1812508152696425,-0.002038021832318271,0.07873766099410928,20.2397894969448
SBUX,2020,2020-11-12,2020-09-27,item_1a,55112,0000829224-20-000078,120,0.16573088026295105,0.4502338832205472,0.38403523731976746,-0.2845030029575961,0.49166666666666664,0.14166666666666666,0.36666666666666664,2081,179,64,0.08601633829889477,0.030754444978375782,-0.4732510288065844,-0.4732510268590493,248,0.035046973475255094,0.008333333333333304,-0.011916617234237481,0.0008785430233042152,-0.05521824192133845,2020-11-12,0.1046722682514325,0.07225531156583709,0.1349298423119334,0.019524844813028075,0.19636400479073357,0.011069078831648094,0.26169096341480375,0.259874364360935,0.0018165990538687726,0.2940773923636548,20.304264686562387
SBUX,2021,2021-11-19,2021-10-03,item_1a,62381,0000829224-21-000086,120,0.1273260856163688,0.4957255332148634,0.37694837735034525,-0.3683994475984946,0.525,0.1,0.375,1952,182,85,0.0932377049180328,0.043545081967213115,-0.36329588014981273,-0.36329587878915404,286,-0.08389644464089846,0.03333333333333338,0.04549164999431621,0.0072213666191380255,0.10995514865677164,2021-11-19,-0.0037008183612837753,0.005263364542755111,-0.1552435285473781,-0.07460468509217832,-0.3291929541705172,-0.18131593631829834,0.24150410668261602,0.22913157185135427,0.012372534831261744,0.02620718026598845,20.21097110664937
SBUX,2022,2022-11-18,2022-10-02,item_1a,67542,0000829224-22-000058,120,0.16490686568431556,0.4436040490361241,0.3914890787253777,-0.27869718335180854,0.4666666666666667,0.15833333333333333,0.375,2007,171,72,0.08520179372197309,0.03587443946188341,-0.4074074074074074,-0.4074074057308337,313,0.08970226424668604,-0.05833333333333335,-0.0521214841787393,-0.008035911196059703,-0.04411152725759465,2022-11-18,0.000510186850177341,0.03521108230779746,0.07498697667468712,0.06402791286326237,0.034659443880980634,-0.019753501292530506,0.21387044522977824,0.38316196460733615,-0.1692915193775579,0.36358924677449056,20.342247703459854
SBUX,2023,2023-11-17,2023-10-01,item_1a,71883,0000829224-23-000058,120,0.11913750455714762,0.4570588821390023,0.4238036066604157,-0.33792137758185464,0.4666666666666667,0.09166666666666666,0.44166666666666665,1893,158,90,0.08346539883782356,0.04754358161648178,-0.27419354838709675,-0.27419354728147766,342,-0.0592241942300461,0.0,0.013454833102878205,-0.0017363948841495336,0.13321385902031063,2023-11-17,-0.07435807510305281,-0.13197934718514714,-0.09451850255824457,-0.20196517936610536,-0.25375772966357846,-0.4409445344230125,0.17817378724808333,0.2570997518331088,-0.07892596458502546,0.011989476045955794,20.16938317191307
T,2014,2015-02-20,2014-12-31,item_1a,5086,0000732717-15-000016,25,0.2426438305899501,0.26145922861993315,0.4958969284594059,-0.018815398029983044,0.24,0.24,0.52,410,19,11,0.046341463414634146,0.026829268292682926,-0.26666666666666666,-0.26666665777777804,25,,,,,,2015-02-20,-0.023473923800786056,-0.02204132707449058,0.04872992905650908,0.033519673056144006,0.03321200651856393,0.05859989069597915,0.16666902422558966,0.16099263684892232,0.005676387376667341,0.025014945213310158,20.42845277497838
T,2015,2016-02-18,2015-12-31,item_1a,5741,0000732717-16-000147,28,0.23481664617013717,0.23617519260317618,0.5290081633387932,-0.0013585464330390096,0.25,0.21428571428571427,0.5357142857142857,461,23,13,0.049891540130151846,0.028199566160520606,-0.2777777777777778,-0.2777777700617286,28,0.017456851596944035,0.010000000000000009,-0.025284036016756967,0.0035500767155177,-0.011111111111111127,2016-02-18,0.04244417594886407,-0.027023934216874324,0.05660473190449089,-0.01563655480721371,0.16742596053586678,0.01880981633671741,0.11964334286365175,0.16386347221763328,-0.044220129353981535,0.11119945256689245,20.63305390945246
T,2016,2017-02-17,2016-12-31,item_1a,4910,0000732717-17-000021,27,0.27071666482973983,0.2053392659182902,0.5239440665614826,0.06537739891144964,0.2222222222222222,0.25925925925925924,0.5185185185185185,395,16,14,0.04050632911392405,0.035443037974683546,-0.06666666666666667,-0.06666666444444451,27,0.06673594534448865,-0.02777777777777779,-0.030835926684885995,-0.009385211016227794,0.21111111111111114,2017-02-17,0.014465176162184123,0.015925101256043073,-0.06347305978274931,-0.08157982409732534,-0.06893412364307383,-0.11089509924988783,0.11442746248778816,0.150380221039237,-0.035952758551448846,0.016844938401860965,20.515502206050922
T,2017,2018-02-20,2017-12-31,item_1a,4859,0000732717-18-000009,25,0.24357342064380647,0.19991092871874572,0.5565156503021718,0.04366249192506075,0.2,0.2,0.6,391,17,12,0.043478260869565216,0.030690537084398978,-0.1724137931034483,-0.17241378715814526,25,-0.021714906986388893,-0.0222222222222222,-0.00542833719954447,0.002971931755641165,-0.10574712643678162,2018-02-20,-0.020940629254882492,-0.021357220805918842,-0.0969001551382338,-0.10819282815421194,-0.06352001919705108,-0.12506048573475792,0.19867462975938094,0.23808537096466667,-0.03941074120528573,0.02194286771242404,20.588935088206547
T,2018,2019-02-20,2018-12-31,item_1a,5895,0001193125-19-045608,52,0.19336580760920277,0.17971870139277038,0.626915479114709,0.013647106216432383,0.19230769230769232,0.17307692307692307,0.6346153846153846,469,21,14,0.04477611940298507,0.029850746268656716,-0.2,-0.19999999428571447,52,-0.030015385708628363,-0.007692307692307693,-0.020192227325975337,0.0012978585334198559,-0.027586206896551724,2019-02-20,0.006807291148555716,-0.020397725468492167,0.07293506588502807,0.0393086260380302,0.18130463306769595,0.1296727462256062,0.16520529978902734,0.24840510629496407,-0.08319980650593672,-0.0351950266722203,20.721130392841435
T,2019,2020-02-20,2019-12-31,item_1a,34025,0001562762-20-000064,120,0.19858161345279465,0.41340410054738946,0.38801429243758323,-0.21482248709459478,0.475,0.16666666666666666,0.35833333333333334,2027,160,86,0.07893438579181056,0.04242723236309817,-0.3008130081300813,-0.3008130069072642,160,-0.22846959331102717,0.2826923076923077,0.23368539915461908,0.034158266388825485,-0.10081300813008132,2020-02-20,-0.2631440662938077,0.05383030019127255,-0.21566608434776235,-0.10207675038275432,-0.1937313035902708,-0.20487759313843945,0.6154721340119341,0.1657291450101391,0.449742989001795,0.12611556398834756,20.649793376721462
T,2020,2021-02-25,2020-12-31,item_1a,45983,0000732717-21-000012,120,0.1598700993694365,0.48991023857767385,0.35021966507968805,-0.3300401392082373,0.55,0.14166666666666666,0.30833333333333335,2006,178,70,0.08873379860418744,0.03489531405782652,-0.43548387096774194,-0.4354838692117586,214,-0.11521765211364254,0.07500000000000007,0.07650613803028439,0.009799412812376881,-0.1346708628376606,2021-02-25,0.058680101482114555,0.019585705273277965,0.055631914346865985,-0.04405298060579632,0.0037861798064293684,-0.17805623569175943,0.2203499114402702,0.1951849893514294,0.025164922088840802,0.025931059381426147,20.8363692568988
T,2021,2022-02-16,2021-12-31,item_1a,58707,0000732717-22-000015,120,0.18107486464238415,0.43735079786662634,0.3815743335677932,-0.2562759332242422,0.4583333333333333,0.16666666666666666,0.375,1999,152,69,0.07603801900950476,0.03451725862931466,-0.3755656108597285,-0.3755656091603366,273,0.07376420598399513,-0.09166666666666673,-0.05255944071104751,-0.012695779594682682,0.05991826010801343,2022-02-16,-0.030074920281839668,-0.028509659328880055,0.13494957472253888,0.2547944735063734,0.04773715217916141,0.0825034767223265,0.2688294132340293,0.3373823246016231,-0.06855291136759378,-0.09025486756964263,20.770158866022307
T,2022,2023-02-13,2022-12-31,item_1a,42608,0000732717-23-000011,120,0.18203391189842175,0.48753726613164566,0.33042881979296607,-0.30550335423322394,0.5083333333333333,0.175,0.31666666666666665,1974,188,72,0.09523809523809523,0.0364741641337386,-0.4461538461538462,-0.4461538444378698,203,-0.04922742100898175,0.04999999999999999,0.050186468265019324,0.019200076228590476,-0.07058823529411767,2023-02-13,-0.04932509568935506,0.007719941819675613,-0.10745659977986677,-0.11171083164972828,-0.2421484494303906,-0.3230577887867113,0.2731476992064822,0.2351664174712785,0.03798128173520368,0.0914060924811364,20.461865290184882
T,2023,2024-02-23,2023-12-31,item_1a,42272,0000732717-24-000009,120,0.18487129183486103,0.4325829403513732,0.38254576646722854,-0.24771164851651217,0.44166666666666665,0.18333333333333332,0.375,1837,165,74,0.08982035928143713,0.040283070223189985,-0.3807531380753138,-0.38075313648220444,203,0.05779170571671177,-0.06666666666666665,-0.054954325780272484,-0.005417735956658107,0.06540070807853238,2024-02-23,0.01904768202685636,-0.007603997974451326,0.05691390866065027,0.0180357815241714,0.21155707768830712,0.09765392256480743,0.1468818080351051,0.21936759215531756,-0.07248578412021248,0.204959972436763,20.12535595248681
TGT,2014,2014-03-14,2014-02-01,item_1a,27601,0000027419-14-000014,120,0.11224272397812456,0.520933915884234,0.36682335707979896,-0.4086911919061095,0.5333333333333333,0.075,0.39166666666666666,1754,200,98,0.11402508551881414,0.055872291904218926,-0.3422818791946309,-0.342281878046034,144,,,,,,2014-03-14,0.0010111693011998213,0.005952869841000852,-0.02876074461009337,-0.08468441077829392,0.07075189051208519,-0.017558313489620447,0.1804006506315985,0.222993626525911,-0.04259297589431252,-0.06794056067108434,19.498014856430153
TGT,2015,2015-03-13,2015-01-31,item_1a,30679,0000027419-15-000012,120,0.10535098041485375,0.5184760915425917,0.3761729207200309,-0.4131251111277379,0.55,0.06666666666666667,0.38333333333333336,1850,212,84,0.11459459459459459,0.04540540540540541,-0.43243243243243246,-0.43243243097151207,155,-0.004433919221628446,0.01666666666666672,-0.002457824341642323,0.0005695090757804472,-0.09015055323780158,2015-03-13,0.04900253478989258,0.026677822405142937,0.010352740223443568,-0.01450977489459837,-0.0028248049221841764,0.032401085278740305,0.16459907968494472,0.18756143398242386,-0.022962354297479143,0.29869439502191697,19.44379161571442
TGT,2016,2016-03-11,2016-01-30,item_1a,27188,0000027419-16-000043,120,0.10665505138846736,0.48261264855585373,0.4107322959850232,-0.37595759716738636,0.5083333333333333,0.06666666666666667,0.425,1860,187,104,0.10053763440860215,0.05591397849462366,-0.2852233676975945,-0.28522336671744547,133,0.03716751396035156,-0.04166666666666674,-0.03586344298673794,-0.014056960185992437,0.14720906473483797,2016-03-11,-0.013313711356054525,-0.03413668997249231,-0.1645481439775901,-0.20594451682737913,-0.14398845120597514,-0.20679623623919585,0.24215857760259726,0.2491336283042358,-0.0069750507016385355,0.0733717444999955,19.671603057139325
TGT,2017,2017-03-08,2017-01-28,item_1a,27613,0000027419-17-000008,120,0.10041543648112565,0.48962881304711725,0.4099557531687121,-0.3892133765659916,0.5166666666666667,0.058333333333333334,0.425,1782,182,86,0.10213243546576879,0.04826038159371493,-0.3582089552238806,-0.35820895388728,142,-0.013255779398605227,0.008333333333333415,0.007016164491263521,0.0015948010571666393,-0.07298558752628609,2017-03-08,-0.02635427945603408,-0.02594988309306967,0.0007642813699562101,-0.03373067595944823,0.07799762695693047,0.02463513374212356,0.168934533465478,0.3215923378519098,-0.15265780438643184,-0.20745800389758917,19.679925094278143
TGT,2018,2018-03-14,2018-02-03,item_1a,26871,0000027419-18-000010,120,0.09274039575830102,0.5009978103645456,0.40626179583681127,-0.4082574146062446,0.525,0.06666666666666667,0.4083333333333333,1844,199,99,0.1079175704989154,0.05368763557483731,-0.33557046979865773,-0.33557046867258233,132,-0.01904403804025301,0.008333333333333304,0.011368997317428353,0.005785135033146607,0.022638485425222843,2018-03-14,0.012314434423386311,0.0453261353916542,0.11378955025185022,0.09982843024087895,0.27548838331498016,0.21634828269627415,0.269871818143922,0.29578650602648165,-0.02591468788255963,0.2655253344457551,19.709297822923155
TGT,2019,2019-03-13,2019-02-02,item_1a,25505,0000027419-19-000006,120,0.08865465542767197,0.4905417819895471,0.4208035642746836,-0.40188712656187514,0.5166666666666667,0.041666666666666664,0.44166666666666665,1875,193,100,0.10293333333333334,0.05333333333333334,-0.3174061433447099,-0.3174061422614125,128,0.006370288044369454,-0.008333333333333304,-0.010456028374998483,-0.004984237165582064,0.018164326453947832,2019-03-13,0.04317960834198664,0.01424847165590859,0.15476089571797913,0.12518674383749917,0.4366743051944795,0.35954576636011537,0.2822776940982018,0.2861936480712736,-0.003915953973071817,-0.12674289697434593,19.667225890098326
TGT,2020,2020-03-11,2020-02-01,item_1a,27214,0000027419-20-000008,120,0.08654654134685795,0.4515051084260146,0.46194835249334576,-0.36495856707915664,0.475,0.05,0.475,1729,176,92,0.10179294389820706,0.05320994794679005,-0.31343283582089554,-0.31343283465137,141,0.036928559482718504,-0.04166666666666674,-0.03903667356353252,-0.0011403894351262739,0.003973307523814362,2020-03-11,-0.013070779994992954,-0.033029673279098226,0.14260230147985897,-0.026940631279189997,0.41186950820880797,0.16062273709826425,0.5793106003056849,0.2907101829752479,0.288600417330437,0.015215923334426229,19.864231124160817
TGT,2021,2021-03-10,2021-01-30,item_1a,32775,0000027419-21-000010,120,0.0856700058405598,0.5113965425717955,0.40293344198726117,-0.42572653673123567,0.5333333333333333,0.041666666666666664,0.425,1638,179,76,0.10927960927960928,0.0463980463980464,-0.403921568627451,-0.40392156704344484,169,-0.060767969652079035,0.05833333333333335,0.05989143414578085,0.007486665381402219,-0.09048873280655545,2021-03-10,0.14996079405778384,0.09026131867752274,0.30302057133425886,0.21715633400697376,0.38737149512395797,0.22235553111388828,0.23046629913358205,0.2771359915674543,-0.04666969243387223,0.2263945236567695,20.119879178529153
TGT,2022,2022-03-09,2022-01-29,item_1a,33026,0000027419-22-000007,120,0.09515742201668521,0.46463238216626146,0.44021019651554527,-0.36947496014957626,0.48333333333333334,0.058333333333333334,0.4583333333333333,1866,188,85,0.1007502679528403,0.04555198285101822,-0.3772893772893773,-0.37728937590736494,158,0.05625157658165941,-0.04999999999999999,-0.046764160405533994,-0.008529341326768983,0.026632191338073707,2022-03-09,0.056435069034991514,0.00319799973355539,-0.2715468333419069,-0.23665620604047288,-0.19587783825900518,-0.13960569279268287,0.6119603024235305,0.34450736556310274,0.26745293686042776,-0.13302815275415925,20.364403035617652
TGT,2023,2023-03-08,2023-01-28,item_1a,29666,0000027419-23-000015,120,0.0663053840592814,0.5377185340427483,0.39597607917773225,-0.4714131499834669,0.575,0.025,0.4,1685,209,73,0.12403560830860534,0.04332344213649852,-0.48226950354609927,-0.48226950183592376,171,-0.10193818983389064,0.09166666666666662,0.07308615187648682,0.023285340355765044,-0.10498012625672198,2023-03-08,0.012660057951848547,-0.01699930666886562,-0.1887825299619006,-0.2621253605473186,-0.22709966514336,-0.35064965540662285,0.27217041379547374,0.280577655167591,-0.008407241372117236,0.0016320469726545106,20.232399764752753
TMO,2014,2015-02-26,2014-12-31,item_1a,1740,0000097745-15-000007,24,0.11669915825283776,0.17857863571650037,0.7047222026934227,-0.061879477463662624,0.16666666666666666,0.08333333333333333,0.75,103,8,4,0.07766990291262135,0.038834951456310676,-0.3333333333333333,-0.3333333055555579,24,,,,,,2015-02-26,0.02848421779494581,0.05082105692705707,0.0010968759290053143,-0.00849950102773378,-0.03525677834524854,0.036187286353852044,0.18516189511558723,0.19043046639098662,-0.005268571275399397,0.07868679032325976,19.12893784217241
TMO,2015,2016-02-25,2015-12-31,item_1a,29003,0000097745-16-000043,120,0.11551822079345583,0.4345426782111948,0.44993909667246046,-0.31902445741773894,0.48333333333333334,0.08333333333333333,0.43333333333333335,1377,133,45,0.09658678286129267,0.032679738562091505,-0.4943820224719101,-0.49438201969448303,181,-0.2571449799540763,0.31666666666666665,0.2559640424946944,0.01891687994867132,-0.16104868913857678,2016-02-25,0.06211807209708309,0.017378344286940184,0.15895304224958173,0.08316564368118295,0.16086694067921026,0.03520194914713515,0.18038782640161316,0.27823909802532293,-0.09785127162370977,0.06907316660924567,19.188665817582503
TMO,2016,2017-02-28,2016-12-31,item_1a,28981,0000097745-17-000007,120,0.12318024172758063,0.388030057924334,0.4887896949114899,-0.26484981619675335,0.4166666666666667,0.08333333333333333,0.5,1461,132,52,0.09034907597535935,0.03559206023271732,-0.43478260869565216,-0.4347826063327032,172,0.05417464122098559,-0.06666666666666665,-0.04651262028686082,-0.006237706885933322,0.05959941377625794,2017-02-28,-0.02254536608768809,-0.022945570288490535,0.0997796559675832,0.07406550577059567,0.1336428192827166,0.08982409342768904,0.1570343704009243,0.18586285299858996,-0.028828482597665656,0.04926665298684507,19.232613346903605
TMO,2017,2018-02-28,2017-12-31,item_1a,33280,0000097745-18-000006,120,0.11837101381582518,0.3725363668675224,0.5090926136511068,-0.25416535305169724,0.4,0.08333333333333333,0.5166666666666667,1520,154,51,0.1013157894736842,0.03355263157894737,-0.5024390243902439,-0.5024390219393219,192,0.010684463145056111,-0.016666666666666663,-0.015493691056811587,0.010966713498324857,-0.06765641569459174,2018-02-28,-0.009381094244876764,0.018029715483759978,0.012162510601290588,0.0046094043928406325,0.1426574381531467,0.06631564993994332,0.21430786500452687,0.2510549563888387,-0.036747091384311814,0.19066948433419006,19.325312600734687
TMO,2018,2019-02-27,2018-12-31,item_1a,35878,0000097745-19-000007,120,0.11646246972183387,0.3837085939361714,0.4998289348402371,-0.2672461242143375,0.4,0.08333333333333333,0.5166666666666667,1559,158,45,0.1013470173187941,0.028864656831302116,-0.5566502463054187,-0.5566502435632993,207,-0.013080771162640281,0.0,0.01117222706864901,3.1227845109893515e-05,-0.0542112219151748,2019-02-27,0.043830912802304,0.033994156586526714,0.022437233670240753,0.021378078669073153,0.05469027266459703,0.01767421965760696,0.23170161236015624,0.27671038551781557,-0.04500877315765933,0.08606748836507871,19.559006200620246
TMO,2019,2020-02-26,2019-12-31,item_1a,40084,0000097745-20-000009,120,0.12176352601964027,0.42375677544623613,0.45447969892993567,-0.3019932494265959,0.45,0.075,0.475,1630,203,48,0.1245398773006135,0.029447852760736196,-0.6175298804780877,-0.6175298780178092,228,-0.03474712521225837,0.04999999999999999,0.04004818151006473,0.0231928599818194,-0.06087963417266895,2020-02-26,-0.08342189422017732,0.0731241885728654,0.09202781242136204,0.11188423901908107,0.3678791948803273,0.2517741395879838,0.5880951660748863,0.20035080083245593,0.3877443652424304,0.15091869819400583,19.771358297169325
TMO,2020,2021-02-25,2020-12-31,item_1a,43077,0000097745-21-000011,120,0.12580925757065414,0.42281152301778396,0.451379214754949,-0.2970022654471298,0.45,0.08333333333333333,0.4666666666666667,1568,191,40,0.12181122448979592,0.025510204081632654,-0.6536796536796536,-0.6536796508498717,246,0.004990983979466068,0.0,-0.0009452524284521702,-0.002728652810817578,-0.03614977320156598,2021-02-25,0.01961521302415936,-0.01947918318467723,0.018795133131221053,-0.08088976182144125,0.21537047949831223,0.033528064000123425,0.24485256994575857,0.27367915729855086,-0.028826587352792282,0.08897100990776763,20.21925281644334
TMO,2021,2022-02-24,2021-12-31,item_1a,46188,0000097745-22-000011,120,0.12072215727918471,0.4246713246956157,0.45460651476557057,-0.303949167416431,0.45,0.08333333333333333,0.4666666666666667,1545,169,60,0.10938511326860842,0.038834951456310676,-0.4759825327510917,-0.47598253067256535,267,-0.0069469019693012,0.0,0.0018598016778317294,-0.012426111221187502,0.17769712092856194,2022-02-24,0.06376083108352426,0.003530889587803676,-0.010368509277930205,0.05896478185031562,0.08510530390229243,0.0983409910199241,0.3591533358835078,0.2518833651695545,0.10726997071395328,-0.038967291554324324,20.417910698465338
TMO,2022,2023-02-23,2022-12-31,item_1a,45729,0000097745-23-000008,120,0.10030046035535634,0.42770775182871146,0.47199178429630895,-0.3274072914733551,0.4583333333333333,0.06666666666666667,0.475,1721,203,54,0.1179546775130738,0.03137710633352702,-0.5797665369649806,-0.5797665347090797,261,-0.0234581240569241,0.008333333333333304,0.003036427133095765,0.00856956424446538,-0.10378400421388889,2023-02-23,0.013923340374203619,0.022408335044645233,-0.0724198158323276,-0.10236778363400323,-0.022204725820433868,-0.12085815301602043,0.22289983731015608,0.259535693143071,-0.036635855832914926,-0.0470876832273569,20.371935756159893
TMO,2023,2024-02-22,2023-12-31,item_1a,48215,0000097745-24-000007,120,0.11299660314495365,0.3824247107453023,0.504578689361612,-0.2694281076003487,0.4,0.075,0.525,1585,146,42,0.09211356466876972,0.026498422712933754,-0.5531914893617021,-0.5531914864191942,261,0.057979183873006435,-0.05833333333333329,-0.04528304108340914,-0.025841112844304084,0.026575047603278446,2024-02-22,0.04100636239555988,0.010800544117870015,0.05477125866557642,0.007527487083178519,0.078822249180998,-0.024129881009183896,0.17847379199043772,0.2205256711596306,-0.04205187916919287,0.04009805897732943,20.420106055574756
UNH,2014,2015-02-10,2014-12-31,item_1a,62422,0000731766-15-000007,120,0.08082611614372581,0.459315287337328,0.45985859938276313,-0.3784891711936022,0.5,0.06666666666666667,0.43333333333333335,2092,215,97,0.10277246653919694,0.046367112810707455,-0.3782051282051282,-0.3782051269929323,274,,,,,,2015-02-10,0.05776175821705154,0.05635948159652848,0.05555208482003593,0.03569199270692436,0.13048154000429157,0.11205400489735662,0.22529378937894315,0.23907080811045323,-0.013777018731510077,0.33981646329149795,19.596996101504203
UNH,2015,2016-02-09,2015-12-31,item_1a,61244,0000731766-16-000058,120,0.09433847273079057,0.41462334397559364,0.4910381865066787,-0.3202848712448031,0.425,0.058333333333333334,0.5166666666666667,2072,187,87,0.09025096525096525,0.04198841698841699,-0.36496350364963503,-0.36496350231765146,269,0.05820429994879911,-0.07500000000000001,-0.044691943361734376,-0.012521501288231693,0.013241624555493159,2016-02-09,0.10285922846760287,0.02676570148517121,0.20656003808222145,0.07661828722676778,0.28691785091839495,0.09808225890193656,0.17459332288388088,0.27064880215878884,-0.09605547927490796,-0.08903989243058086,19.90247436581037
UNH,2016,2017-02-08,2016-12-31,item_1a,60678,0000731766-17-000009,120,0.0981614899666359,0.41314086721201115,0.4886976394647112,-0.3149793772453753,0.43333333333333335,0.08333333333333333,0.48333333333333334,2046,183,97,0.08944281524926687,0.04740957966764418,-0.30714285714285716,-0.3071428560459184,268,0.005305493999427813,0.00833333333333336,-0.0014824767635824854,-0.000808150001698385,0.05782064650677787,2017-02-08,0.06427301501229898,0.02741237103275651,0.08562404407638313,0.034701569533679866,0.22490101578605182,0.13636250488063162,0.135039662959424,0.17745760970242486,-0.04241794674300087,0.13919311280140234,19.91478742515612
UNH,2017,2018-02-13,2017-12-31,item_1a,60436,0000731766-18-000005,120,0.07412443856398264,0.4440580344176851,0.48181753096481167,-0.3699335958537025,0.4666666666666667,0.05,0.48333333333333334,2101,199,92,0.09471680152308425,0.04378867206092337,-0.36769759450171824,-0.3676975932381526,266,-0.05495421860832722,0.033333333333333326,0.030917167205673945,0.00527398627381738,-0.06055473735886108,2018-02-13,0.01588339330176103,-0.01795093990334995,0.06024095170845034,0.03698618170487844,0.17052407326191354,0.0941447510541622,0.24027280299584874,0.24287074263674874,-0.0025979396408999933,0.17765739523378676,20.095542037057125
UNH,2018,2019-02-12,2018-12-31,item_1a,61121,0000731766-19-000005,120,0.10413027530691275,0.42780965456428627,0.4680600746689985,-0.3236793792573735,0.4666666666666667,0.075,0.4583333333333333,2118,200,85,0.09442870632672333,0.040132200188857416,-0.40350877192982454,-0.4035087705140043,274,0.046254216596329,0.0,-0.01624837985339883,-0.00028809519636091574,-0.0358111774281063,2019-02-12,-0.03515481152876876,-0.0609119035982586,-0.09930780445556486,-0.13779107515553424,-0.04637931952522678,-0.12360560425594047,0.30120680891527674,0.26470993578365903,0.0364968731316177,-0.010543015516654042,20.444767709257963
UNH,2019,2020-02-14,2019-12-31,item_1a,61465,0000731766-20-000006,120,0.09489657567658773,0.41864749748492613,0.48645592425018547,-0.3237509218083384,0.425,0.08333333333333333,0.49166666666666664,1968,196,103,0.09959349593495935,0.05233739837398374,-0.3110367892976589,-0.31103678825740205,276,-7.154255096492035e-05,-0.041666666666666685,-0.009162157079360134,0.00516478960823602,0.09247198263216566,2020-02-14,-0.17906860300153915,0.0721162839968551,-0.02195495145710813,0.12507298343400586,0.09278545883458067,0.08475305949394385,0.8353835010429406,0.2535624348869344,0.5818210661560062,0.2532583363881473,20.681124710170234
UNH,2020,2021-03-01,2020-12-31,item_1a,66420,0000731766-21-000013,120,0.0935856458498165,0.439234251397041,0.4671801008594533,-0.3456486055472245,0.4666666666666667,0.08333333333333333,0.45,2130,201,109,0.09436619718309859,0.05117370892018779,-0.2967741935483871,-0.296774192591051,302,-0.021897683738886065,0.041666666666666685,0.02058675391211484,-0.005227298751860759,0.0142625957492718,2021-03-01,0.12023650637191441,0.10369849046476576,0.2352709956310599,0.15355277782976007,0.26038202407178757,0.09707112060988576,0.18356807543213977,0.1951924538029693,-0.011624378370829525,0.08409101884113213,20.722784809979984
UNH,2021,2022-02-15,2021-12-31,item_1a,68122,0000731766-22-000008,120,0.08544529012870043,0.4294138102869814,0.4851409042409311,-0.34396852015828094,0.4666666666666667,0.058333333333333334,0.475,1956,184,100,0.09406952965235174,0.05112474437627812,-0.29577464788732394,-0.2957746468458639,307,0.0016800853889435419,0.0,-0.009820441110059586,-0.0002966675307468497,0.0009995456610631392,2022-02-15,0.06333830527126971,0.07461372128870913,0.03294958349755839,0.11479544683603204,0.1470675991656678,0.18355231351159162,0.250921565488368,0.22252914826629253,0.0283924172220755,0.14479011209188575,20.86091116047117
UNH,2022,2023-02-24,2022-12-31,item_1a,66082,0000731766-23-000008,120,0.08242031932653239,0.4652142334069746,0.4523654459044337,-0.3827939140804422,0.5,0.075,0.425,1977,206,92,0.10419828022255943,0.04653515427415276,-0.3825503355704698,-0.38255033428674384,294,-0.03882539392216128,0.033333333333333326,0.03580042311999321,0.010128750570207692,-0.08677568768314586,2023-02-24,-0.001473465909285765,-0.005568567866527263,-0.010176102854693614,-0.0602606837518993,0.01764725366448916,-0.10069804461753784,0.20146739322779839,0.22753531776224636,-0.026067924534447978,-0.07660815971996371,21.123035395575556
UNH,2023,2024-02-28,2023-12-31,item_1a,66335,0000731766-24-000081,120,0.0954310026175032,0.4396153833794718,0.46495362360340853,-0.3441843807619686,0.475,0.06666666666666667,0.4583333333333333,2015,198,87,0.09826302729528535,0.04317617866004963,-0.3894736842105263,-0.389473682843952,299,0.03860953331847361,-0.025000000000000022,-0.025598850027502784,-0.005935252927274079,-0.006923348640056504,2024-02-28,-0.0032709069896788012,-0.039685459943965995,-0.023378709841208933,-0.0657967371053626,0.19082952252923335,0.08104125621780645,0.2551979801322348,0.20038432099504738,0.05481365913718744,0.057362314244448154,21.083692244648866
UPS,2014,2015-02-27,2014-12-31,item_1a,80961,0001090727-15-000008,120,0.3042510611160348,0.09040639560747271,0.6053425419454773,0.21384466550856207,0.06666666666666667,0.26666666666666666,0.6666666666666666,1498,46,74,0.030707610146862484,0.049399198931909215,0.23333333333333334,0.2333333313888889,511,,,,,,2015-02-27,-0.04384168795216614,-0.03681419417619802,-0.017460030026294815,-0.024212439599925917,-0.011132292151798007,0.03409165594050745,0.13988859293648287,0.2455598069458569,-0.10567121400937404,0.059602898768825074,19.472578833349743
UPS,2015,2016-02-25,2015-12-31,item_1a,82001,0001090727-16-000053,120,0.2780459019743527,0.16009798771701753,0.5618561138864606,0.11794791425733517,0.15,0.25,0.6,1488,63,69,0.04233870967741935,0.046370967741935484,0.045454545454545456,0.04545454511019284,519,-0.0958967512512269,0.08333333333333333,0.06969159210954481,0.011631099530556868,-0.18787878787878787,2016-02-25,0.07511321796329318,0.030373490153150273,0.05490041965501358,-0.0208869789133852,0.13859726686222706,0.012932275330151954,0.1208411725616665,0.18608035876959741,-0.06523918620793091,0.029522804617548193,19.503981114338536
UPS,2016,2017-02-21,2016-12-31,item_1a,77685,0001090727-17-000011,120,0.2767024187293525,0.14209534567780793,0.5812022341880947,0.13460707305154454,0.13333333333333333,0.25,0.6166666666666667,1507,60,67,0.039814200398142006,0.04445919044459191,0.05511811023622047,0.05511810980221961,484,0.016659158794209372,-0.016666666666666663,-0.018002642039209593,-0.0025245092792773455,0.009663564781675016,2017-02-21,-0.011140152388226077,-0.006104868312191147,-0.028907582143155364,-0.046126298160325985,0.07305615061724269,0.03645220903238111,0.12558460575526562,0.19042963497609264,-0.06484502922082702,-0.018233613238598734,19.351830326816508
UPS,2017,2018-02-21,2017-12-31,item_1a,70969,0001090727-18-000009,120,0.1902546594462668,0.18292430590372533,0.6268210262681048,0.007330353542541464,0.19166666666666668,0.15833333333333333,0.65,1727,71,80,0.04111175448755067,0.04632310364794441,0.059602649006622516,0.05960264861190299,400,-0.12727671950900307,0.05833333333333335,0.04082896022591739,0.0012975540894086604,0.004484538770402044,2018-02-21,-0.002388101109741414,0.017326658510449122,0.11048212083847098,0.09695923397016037,0.19308734073160783,0.12373803122865668,0.2249644793048087,0.2526583067777103,-0.027693827472901583,-0.06139285764225877,19.451147280714224
UPS,2018,2019-02-21,2018-12-31,item_1a,76846,0001090727-19-000006,120,0.25539000960998237,0.20032924210730318,0.5442807546661546,0.05506076750267918,0.2,0.23333333333333334,0.5666666666666667,1620,90,66,0.05555555555555555,0.040740740740740744,-0.15384615384615385,-0.15384615285996056,437,0.04773041396013772,0.008333333333333331,0.01740493620357786,0.014443801068004886,-0.21344880285277637,2019-02-21,-0.0310309708967601,-0.04206104519852605,-0.11152034853904669,-0.14565002269573435,0.06540512860142877,0.0014342391389481346,0.24387362995619846,0.32015648303172006,-0.0762828530755216,-0.08051928035278366,19.602459597084597
UPS,2019,2020-02-20,2019-12-31,item_1a,69304,0001090727-20-000005,120,0.22064602347866943,0.2174395372858271,0.561914436922719,0.0032064861928423247,0.23333333333333334,0.20833333333333334,0.5583333333333333,1524,84,66,0.05511811023622047,0.04330708661417323,-0.12,-0.11999999920000001,418,-0.05185428130983685,0.033333333333333326,0.017110295178523915,-0.0004374453193350808,0.03384615384615386,2020-02-20,-0.11357901869484954,0.20339534779023072,-0.07829676562743704,0.035292568337570995,0.5366932228834687,0.5255469333353,0.5884386039202119,0.226260286534673,0.36217831738553885,-0.07875320103273986,19.55784954519753
UPS,2020,2021-02-22,2020-12-31,item_1a,72586,0001090727-21-000013,120,0.2152864499250427,0.21626371694728733,0.5684498231702795,-0.0009772670222446323,0.23333333333333334,0.20833333333333334,0.5583333333333333,1539,81,71,0.05263157894736842,0.04613385315139701,-0.06578947368421052,-0.06578947325138504,429,-0.004183753215086957,0.0,-0.0011758203385397736,-0.0024865312888520535,0.05421052631578947,2021-02-22,-0.010767096663079512,-0.020445210160824345,0.31735784387193466,0.24173304512954896,0.2078694158262444,0.054813255271242145,0.29453706354770376,0.2360825563189274,0.05845450722877635,0.020189106189196115,20.07977325634741
UPS,2021,2022-02-22,2021-12-31,item_1a,69337,0001090727-22-000007,120,0.18800712624409546,0.28054682874353604,0.5314460418187081,-0.09253970249944056,0.2833333333333333,0.16666666666666666,0.55,1564,103,63,0.06585677749360613,0.04028132992327366,-0.24096385542168675,-0.24096385397009726,415,-0.09156243547719593,0.04999999999999999,0.06428311179624871,0.013225198546237715,-0.17517438173747624,2022-02-22,0.02684597856302129,-0.009489426570573167,-0.15831691051209484,-0.08518115323285824,-0.001854871878235631,0.031090225414832418,0.32434015953568124,0.3599811276378019,-0.03564096810212064,0.09668325422982837,20.041887225649283
UPS,2022,2023-02-21,2022-12-31,item_1a,39444,0001090727-23-000006,120,0.13723832388253263,0.43056748242815956,0.43219419196248055,-0.29332915854562697,0.4583333333333333,0.11666666666666667,0.425,1663,164,68,0.09861695730607337,0.040889957907396274,-0.41379310344827586,-0.4137931016646849,206,-0.20078945604618642,0.175,0.15002065368462353,0.03276017981246723,-0.1728292480265891,2023-02-21,0.03967259637355025,0.05341281960089572,-0.029710651579712533,-0.08307778319805248,-0.04746254330060906,-0.15361900908996073,0.27232193973271906,0.2675738082174537,0.004748131515265375,-0.10332799849411689,20.05151403555035
UPS,2023,2024-02-20,2023-12-31,item_1a,39424,0001090727-24-000008,120,0.11393505123754342,0.4253036725722874,0.46076127304695547,-0.311368621334744,0.45,0.08333333333333333,0.4666666666666667,1733,160,52,0.09232544720138489,0.030005770340450086,-0.5094339622641509,-0.5094339598611606,207,-0.018039462789117056,-0.008333333333333304,-0.005263809855872159,-0.00629151010468848,-0.09564085881587508,2024-02-20,0.04117327446200969,-0.009831325642425615,0.003988991170611689,-0.06636070397524474,-0.11212406721518686,-0.2439461995481036,0.24332066273145936,0.26589007277286797,-0.02256941004140861,-0.11074249829657423,20.059258304790234
VZ,2014,2015-02-23,2014-12-31,item_1a,19982,0001193125-15-057710,120,0.09108484253908197,0.44637499439219636,0.46254016030579803,-0.35529015185311436,0.4583333333333333,0.058333333333333334,0.48333333333333334,1085,107,40,0.09861751152073733,0.03686635944700461,-0.4557823129251701,-0.45578230982461015,168,,,,,,2015-02-23,0.013122730884731482,0.02002530722208673,0.028707363732562996,0.015778928600784337,-0.03281737268617546,0.021774562264602837,0.11206000694195889,0.18563244859244557,-0.07357244165048668,0.02630095486921946,20.39668326788378
VZ,2016,2017-02-21,2016-12-31,item_1a,20524,0001193125-17-050292,120,0.09813046924925099,0.41011498963925985,0.49175454463499285,-0.3119845203900089,0.425,0.06666666666666667,0.5083333333333333,1072,104,38,0.09701492537313433,0.03544776119402985,-0.4647887323943662,-0.46478872912120617,171,,,,,,2017-02-21,0.005664588161897299,0.010699872237932229,-0.06893278639242051,-0.08615150240959113,-0.0015523165792273863,-0.03815625816408896,0.12870331969672738,0.17154457239809484,-0.04284125270136746,-0.048933373642956246,20.31804469671456
VZ,2017,2018-02-23,2017-12-31,item_1a,20121,0000732712-18-000009,109,0.07861173231530627,0.5386796497628776,0.3827086168110644,-0.46006791744757136,0.5504587155963303,0.045871559633027525,0.4036697247706422,1565,146,56,0.09329073482428114,0.03578274760383387,-0.44554455445544555,-0.44554455224977946,109,-0.14808339705756246,0.12545871559633032,0.12856466012361778,-0.0037241905488531873,0.019244177938920637,2018-02-23,-0.02526419948046199,0.005816665712792046,0.019921432305838982,0.02289721472757189,0.15138111512140973,0.10219070345136783,0.212020662874117,0.22171946523245994,-0.009698802358342945,0.013362074689962311,20.367423045408238
VZ,2018,2019-02-15,2018-12-31,item_1a,20091,0000732712-19-000012,112,0.07572196670974206,0.5553133994690143,0.36896463353852077,-0.4795914327592722,0.5714285714285714,0.044642857142857144,0.38392857142857145,1556,147,58,0.09447300771208227,0.037275064267352186,-0.43414634146341463,-0.43414633934562763,112,-0.019523515311700823,0.02096985583224109,0.016633749706136625,0.0011822728878011224,0.01139821299203092,2019-02-15,0.04242186858647745,0.01980256334626418,0.06396856151167718,0.028892471288554544,0.0485152229924799,-0.0025480329263301016,0.1461983274817231,0.21901716311263877,-0.07281883563091568,0.0440486896558554,20.455993836387478
VZ,2019,2020-02-21,2019-12-31,item_1a,21964,0000732712-20-000014,120,0.0755215095433717,0.5139827476581559,0.4104957391197483,-0.43846123811478416,0.55,0.03333333333333333,0.4166666666666667,1641,150,61,0.09140767824497258,0.03717245581962218,-0.4218009478672986,-0.42180094586824196,124,0.04113019464448803,-0.021428571428571352,-0.041330651810858376,-0.00306532946710969,0.012345393596116028,2020-02-21,-0.13556734845280005,0.19194536890230762,-0.0627074821720891,0.047841570038716474,0.03545212415593135,0.010603322361743217,0.4215051683404111,0.12784516709243443,0.29366000124797664,0.0539411969839636,20.340561732922364
VZ,2020,2021-02-25,2020-12-31,item_1a,24681,0000732712-21-000012,120,0.08710085385634253,0.5165508112326885,0.39634833283101517,-0.429449957376346,0.55,0.041666666666666664,0.4083333333333333,1805,156,67,0.08642659279778393,0.0371191135734072,-0.3991031390134529,-0.39910313722375274,128,0.009011280738438154,0.0,0.002568063574532653,-0.004981085447188643,0.022697808853845702,2021-02-25,0.029734646710910306,-0.009359749497926284,0.0082539862254003,-0.091430908727262,-0.006288539539256011,-0.1881309550374448,0.14946512338346252,0.1713421083698651,-0.021876984986402587,-0.02054437023229083,20.636074505639947
VZ,2021,2022-02-11,2021-12-31,item_1a,25280,0000732712-22-000008,120,0.08697861808662613,0.5153961176828792,0.39762525864255926,-0.428417499596253,0.5666666666666667,0.03333333333333333,0.4,1807,156,61,0.08633093525179857,0.033757609297177645,-0.4377880184331797,-0.43778801641572346,130,0.0010324577800929768,0.016666666666666607,-0.0011546935498093491,-9.565754598536702e-05,-0.038684879419726814,2022-02-11,-0.010502621414667401,0.021940892268408452,-0.08539619936800824,-0.00027586311573590816,-0.1242507522784948,-0.10515828879467848,0.23192029294910724,0.18296200748561886,0.04895828546348838,-0.023786127993956185,20.641088276520836
VZ,2022,2023-02-10,2022-12-31,item_1a,26485,0000732712-23-000012,120,0.09718560710704575,0.5357389184646308,0.36707547535188495,-0.4385533113575851,0.5916666666666667,0.05,0.35833333333333334,1869,162,57,0.08667736757624397,0.030497592295345103,-0.4794520547945205,-0.47945205260524176,134,-0.010135811761332048,0.025000000000000022,0.020342800781751658,0.0003464323244454087,-0.041664036361340806,2023-02-10,-0.07823026391790766,-0.038258825951396846,-0.0449360512060879,-0.057485872071546096,-0.1320635569844476,-0.23855099316258388,0.19830509055169038,0.20254850579747827,-0.00424341524578789,-0.08302181002298326,20.675659980670794
VZ,2023,2024-02-09,2023-12-31,item_1a,31362,0000732712-24-000010,120,0.10003982677590102,0.5088077921730777,0.391152378047506,-0.40876796539717664,0.55,0.058333333333333334,0.39166666666666666,1856,178,59,0.09590517241379311,0.03178879310344827,-0.5021097046413502,-0.5021097025227439,156,0.029785345960408438,-0.04166666666666663,-0.026931126291553142,0.009227804837549133,-0.022657649846829664,2024-02-09,0.01032242567843289,-0.02076299738731513,0.033591026440033867,-0.008823687738364061,0.053886210405001966,-0.016849347972936357,0.17690127096498867,0.2249074290957135,-0.04800615813072484,0.267173703222098,20.38605042260885
WMT,2014,2014-03-21,2014-01-31,item_1a,40243,0000104169-14-000019,120,0.10858670343489697,0.42087815718259663,0.47053513672823705,-0.3122914537476997,0.43333333333333335,0.08333333333333333,0.48333333333333334,2105,216,75,0.10261282660332542,0.035629453681710214,-0.4845360824742268,-0.4845360808091544,156,,,,,,2014-03-21,0.019185220229730016,0.010108391349514578,0.0006381831386972348,-0.05671409457798804,0.022668854324884746,-0.06543249792463568,0.1041801314296997,0.1233492046789869,-0.019169073249287197,-0.0014658247276011505,19.93366484688961
WMT,2015,2015-04-01,2015-01-31,item_1a,43941,0000104169-15-000011,120,0.12439727190261086,0.3972704421922875,0.4783322842946897,-0.2728731702896766,0.425,0.10833333333333334,0.4666666666666667,2195,209,77,0.09521640091116174,0.03507972665148064,-0.46153846153846156,-0.4615384599246907,163,0.03941828345802306,-0.00833333333333336,-0.023607714990309114,-0.007396425692163686,0.02299762093576524,2015-04-01,-0.0261429591324559,-0.05054746649737496,-0.10378348179048313,-0.11744072203841116,-0.18603929931758467,-0.12703733212639456,0.14018247410886855,0.1915690806924819,-0.05138660658361335,0.09366827129930244,19.99686124725436
WMT,2016,2016-03-30,2016-01-31,item_1a,51466,0000104169-16-000079,120,0.12965103295476485,0.4152648661052808,0.4550840901987006,-0.28561383315051597,0.4666666666666667,0.11666666666666667,0.4166666666666667,2137,225,86,0.10528778661675246,0.040243331773514274,-0.44694533762057875,-0.4469453361834555,185,-0.012740662860839358,0.041666666666666685,0.017994423912993274,0.010071385705590727,0.014593123917882811,2016-03-30,0.0015990462144388484,-0.0053419446564733075,0.046999458212319656,0.055557988818143555,0.0662553001239572,0.00914636725268747,0.2516334519507001,0.20366739386261787,0.047966058088082214,0.08353250399688661,20.205337110885093
WMT,2017,2017-03-31,2017-01-31,item_1a,53398,0000104169-17-000021,120,0.1442730769282207,0.42569003530855604,0.4300368863157928,-0.2814169583803353,0.4666666666666667,0.125,0.4083333333333333,2210,214,92,0.09683257918552036,0.0416289592760181,-0.39869281045751637,-0.39869280915459865,192,0.004196874770180659,0.0,0.010425169203275242,-0.008455207431232098,0.048252527163062386,2017-03-31,0.04772459366621207,0.034871331002997774,0.05697087652993438,0.026262542392103017,0.09819244666516336,0.02197263649082748,0.15793123651623817,0.14356422279118652,0.014367013725051642,0.011736562954131724,20.098208026642208
WMT,2018,2018-03-30,2018-01-31,item_1a,53496,0000104169-18-000028,120,0.09976456366324177,0.4470142121271541,0.4532212228359034,-0.3472496484639123,0.49166666666666664,0.058333333333333334,0.45,2102,208,82,0.09895337773549001,0.0390104662226451,-0.43448275862068964,-0.43448275712247325,196,-0.065832690083577,0.024999999999999967,0.02132417681859805,0.0021207985499696463,-0.03578994816317327,2018-04-02,0.021741941008595278,-0.007426553112609868,0.007476404092081834,-0.05089238740637558,0.11105222242553081,-0.028293575856701336,0.17634593277052915,0.29597645677546636,-0.1196305240049372,0.13472193640467212,20.333243553189327
WMT,2019,2019-03-28,2019-01-31,item_1a,51433,0000104169-19-000016,120,0.08163707855467996,0.4575812308466993,0.4607816821274658,-0.3759441522920194,0.49166666666666664,0.041666666666666664,0.4666666666666667,2183,239,79,0.10948236371965185,0.03618873110398534,-0.5031446540880503,-0.5031446525058344,188,-0.028694503828107065,0.0,0.01056701871954524,0.01052898598416184,-0.06866189546736068,2019-03-28,0.04560930457100576,-0.0012716959829053298,0.1395542274426389,0.09606554003321843,0.23045243268981208,0.16236527043592464,0.12938759873525268,0.17776881527781752,-0.04838121654256483,0.03525468727715664,20.348114763408265
WMT,2020,2020-03-20,2020-01-31,item_1a,55112,0000104169-20-000011,120,0.0621309022923621,0.5145269965675349,0.4233421008878698,-0.4523960942751728,0.5666666666666667,0.016666666666666666,0.4166666666666667,2036,230,75,0.11296660117878192,0.03683693516699411,-0.5081967213114754,-0.5081967196452567,196,-0.07645194198315342,0.07500000000000001,0.05694576572083554,0.0034842374591300684,-0.005052067223425105,2020-03-20,0.13371897042625425,-0.05963734566748791,0.056217935573417366,-0.2986690335272908,0.19718990789399182,-0.2601285224313812,0.27968984197908925,0.4592313847430669,-0.17954154276397766,0.028650649532057093,20.223034978274107
WMT,2021,2021-03-19,2021-01-31,item_1a,64562,0000104169-21-000033,120,0.07887945626086244,0.469068315369077,0.45205222725247346,-0.3901888591082146,0.5166666666666667,0.041666666666666664,0.44166666666666665,2166,209,79,0.09649122807017543,0.03647276084949215,-0.4513888888888889,-0.45138888732156635,216,0.0622072351669582,-0.04999999999999993,-0.04545868119845786,-0.016475373108606486,0.056807832422586524,2021-03-19,0.06869568069510845,0.010438295151728116,0.030065472023997453,-0.03873785950715525,0.10697618467240466,-0.03368010920104747,0.1443397751170391,0.20868688596756108,-0.06434711085052197,-0.038382245695184336,20.803237829114014
WMT,2022,2022-03-18,2022-01-31,item_1a,72619,0000104169-22-000012,120,0.12298982273011158,0.4028789459145628,0.4741312282625586,-0.2798891231844512,0.43333333333333335,0.1,0.4666666666666667,2181,218,90,0.09995414947271894,0.04126547455295736,-0.4155844155844156,-0.41558441423511555,249,0.11029973592376341,-0.08333333333333337,-0.0661893694545142,0.0034629214025435062,0.03580447330447328,2022-03-18,0.08395213434615312,0.08278251273620096,-0.1837185371369533,-0.010318787529082551,-0.06899420062599526,0.049535093303696986,0.33545253035157585,0.19983753351038475,0.1356149968411911,0.007770611638512115,20.726538569411844
WMT,2023,2023-03-17,2023-01-31,item_1a,78081,0000104169-23-000020,120,0.11067414271334806,0.4250663533884411,0.4642595035334428,-0.31439221067509304,0.44166666666666665,0.08333333333333333,0.475,2254,244,85,0.10825199645075421,0.03771073646850044,-0.48328267477203646,-0.48328267330309216,251,-0.03450308749064185,0.008333333333333304,0.022187407473878318,0.008297846978035275,-0.06769825918762085,2023-03-17,0.0749639902298882,0.012859996831608322,0.11994844396058602,-0.01108668482823183,0.1809464384060726,0.03515160274223916,0.11546721471855519,0.1622147122829872,-0.046747497564432014,0.03298383043621578,20.59475086848157
XOM,2014,2015-02-25,2014-12-31,item_1a,13330,0000034088-15-000013,120,0.1814093214382107,0.18120623203770567,0.6373844487903019,0.0002030894005050262,0.18333333333333332,0.15833333333333333,0.6583333333333333,624,46,28,0.07371794871794872,0.04487179487179487,-0.24324324324324326,-0.24324323995617245,203,,,,,,2015-02-25,-0.05892877931027085,-0.033206054065012314,-0.04225487564627772,-0.05179740643067632,-0.21957015344852426,-0.11273713857197942,0.15014276046472258,0.24854497076270415,-0.09840221029798157,-0.07874622573834722,20.766327117068
XOM,2015,2016-02-24,2015-12-31,item_1a,14492,0000034088-16-000065,120,0.14088669679282853,0.17603632246609777,0.6830769817655286,-0.03514962567326923,0.15,0.1,0.75,601,39,26,0.064891846921797,0.04326123128119801,-0.2,-0.199999996923077,218,-0.03535271507377426,-0.033333333333333326,-0.0051699095716079,-0.008826101796151717,0.043243243243243246,2016-02-24,0.030177196936032047,-0.02659110142492893,0.10922037482540659,0.02773964696238207,0.09435172762724431,-0.050803618430707465,0.137404724910934,0.30886320276383006,-0.17145847785289606,0.14628839814936057,20.830258681507896
XOM,2016,2017-02-22,2016-12-31,item_1a,14849,0000034088-17-000017,120,0.16863350729302815,0.179282557979847,0.652083938010037,-0.010649050686818857,0.175,0.15833333333333333,0.6666666666666666,625,44,29,0.0704,0.0464,-0.2054794520547945,-0.20547944924000755,226,0.02450057498645037,0.024999999999999994,0.003246235513749224,0.005508153078203001,-0.005479452054794498,2017-02-22,0.011491041223976817,0.01670470437502347,0.030023474158314523,0.009648088011732892,-0.03354138871511836,-0.08191572978935602,0.1204682671179685,0.13943860820982998,-0.01897034109186148,-0.050449161777276874,20.636125960298273
XOM,2017,2018-02-28,2017-12-31,item_1a,17092,0000034088-18-000015,120,0.16217946843244135,0.17808624724857508,0.6597342882926266,-0.015906778816133737,0.15833333333333333,0.13333333333333333,0.7083333333333334,620,42,34,0.06774193548387097,0.054838709677419356,-0.10526315789473684,-0.10526315650969531,261,-0.00525772812931488,-0.016666666666666663,-0.0011963107312719101,-0.00265806451612903,0.10021629416005767,2018-02-28,-0.0149189770749385,0.012491832653698243,0.08695687244410988,0.07940376623565992,0.08172945212511085,0.005387663911907481,0.2222888115786439,0.2114592059051218,0.010829605673522119,0.02994123795399517,20.519224097987234
XOM,2019,2020-02-26,2019-12-31,item_1a,19606,0000034088-20-000016,101,0.17805653262772772,0.32829120775020804,0.4936522608346278,-0.1502346751224803,0.33663366336633666,0.16831683168316833,0.49504950495049505,1497,111,73,0.07414829659318638,0.04876419505678023,-0.20652173913043478,-0.20652173800803403,101,,,,,,2020-02-26,-0.2676852758321222,-0.11113919303907949,-0.11079877358439127,-0.09094234698667225,-0.19836341191522433,-0.3144684672075678,0.7907883519262432,0.22231324714009504,0.5684751047861482,-0.17556456402211107,20.5608503866297
XOM,2020,2021-02-24,2020-12-31,item_1a,21346,0000034088-21-000012,105,0.164605307392776,0.33468109210066144,0.5007136012560555,-0.17007578470788542,0.3523809523809524,0.14285714285714285,0.5047619047619047,1643,114,76,0.06938527084601338,0.04625684723067559,-0.2,-0.19999999894736842,105,-0.019841109585405137,0.01574728901461575,0.006389884350453401,-0.004763025747172994,0.006521739130434773,2021-02-24,-0.009171050936797376,-0.007145408854984714,0.04248192623857694,-0.028579973796245772,0.005584040926459366,-0.14536580702454716,0.30524491433796347,0.39978207254693593,-0.09453715820897246,0.3980883847694259,20.87856802450615
XOM,2021,2022-02-23,2021-12-31,item_1a,26762,0000034088-22-000011,120,0.18370007922252019,0.324089014386603,0.4922109055177619,-0.1403889351640828,0.3333333333333333,0.16666666666666666,0.5,2025,130,97,0.06419753086419754,0.047901234567901234,-0.14537444933920704,-0.145374448698791,123,0.02968684954380263,-0.01904761904761909,-0.010592077714058457,-0.005187739981815848,0.05462555066079297,2022-02-23,0.086101322280832,0.015146374392049688,0.24224237527711656,0.30584320355910766,0.3098528915337275,0.3221822682183988,0.3805378569488629,0.2828997382566762,0.09763811869218669,0.42681829883999356,20.995471033840264
XOM,2022,2023-02-22,2022-12-31,item_1a,28022,0000034088-23-000020,120,0.19278477370583763,0.312826036720071,0.4943891842228671,-0.12004126301423336,0.3333333333333333,0.175,0.49166666666666664,1985,127,91,0.06397984886649874,0.04584382871536524,-0.1651376146788991,-0.1651376139213871,130,0.020347672149849436,0.0,-0.011262977666532004,-0.00021768199769879593,-0.01976316533969205,2023-02-22,-0.057595971893205644,-0.047886950242226556,-0.021933122022319562,-0.06491595180996801,-0.006964742595109263,-0.12698493295241164,0.2854751075033046,0.2764832003228397,0.008991907180464942,0.20033220613383884,21.41500371891416
XOM,2023,2024-02-28,2023-12-31,item_1a,29689,0000034088-24-000018,120,0.19707085144861292,0.28812835440039636,0.5148007929635544,-0.09105750295178344,0.2916666666666667,0.18333333333333332,0.525,2041,119,94,0.0583047525722685,0.046055854973052424,-0.11737089201877934,-0.1173708914677423,131,0.028983760062449918,-0.04166666666666663,-0.02469768231967462,-0.005675096294230242,0.04776672266011975,2024-02-28,0.11426364896589214,0.07784909601160495,0.0980918366037018,0.05567380933954813,0.13508542296734394,0.02529715665591703,0.15939116810491916,0.19394227661823088,-0.034551108513311724,-0.021182958089791315,21.3006759088151
